model_id,edge_index,observed_grade,stored_continuity,max_c0_model_units,max_g1_angle_deg,max_g2_curvature_gap,label_source,design_intent_known
0000__00000227__STEP__Part18,1,G0_only,0,8.119316195048216e-14,90.0,16.03172291051569,computed from source STEP with OCCT 7.9,False
0000__00000227__STEP__Part18,3,G0_only,0,8.217012261699906e-14,90.0,16.03172291051569,computed from source STEP with OCCT 7.9,False
0000__00000227__STEP__Part18,4,G0_only,0,8.783423702276611e-14,90.0,8.015861455257845,computed from source STEP with OCCT 7.9,False
0000__00000227__STEP__Part18,6,G0_only,0,8.864957051708952e-14,90.0,8.015861455257845,computed from source STEP with OCCT 7.9,False
0000__00000669__STEP__Part11,1,G0_only,0,1.734723475976807e-18,90.0,0.0,computed from source STEP with OCCT 7.9,False
0000__00000669__STEP__Part11,2,G0_only,0,1.734723475976807e-18,90.0,0.0,computed from source STEP with OCCT 7.9,False
0000__00000669__STEP__Part11,3,G0_only,0,1.734723475976807e-18,90.0,0.0,computed from source STEP with OCCT 7.9,False
0000__00000669__STEP__Part11,4,G0_only,0,1.3985787785349405e-17,90.0,0.0,computed from source STEP with OCCT 7.9,False
0000__00000669__STEP__Part11,5,G0_only,0,0.0,90.0,0.0,computed from source STEP with OCCT 7.9,False
0000__00000669__STEP__Part11,6,G0_only,0,2.7755575615628914e-17,90.0,0.0,computed from source STEP with OCCT 7.9,False
0000__00000669__STEP__Part11,7,G0_only,0,0.0,90.0,0.0,computed from source STEP with OCCT 7.9,False
0000__00000669__STEP__Part11,8,G0_only,0,0.0,90.0,0.0,computed from source STEP with OCCT 7.9,False
0000__00000669__STEP__Part11,9,G0_only,0,1.3877787807814457e-17,90.0,0.0,computed from source STEP with OCCT 7.9,False
0000__00000669__STEP__Part11,10,G0_only,0,1.3877787807814457e-17,90.0,0.0,computed from source STEP with OCCT 7.9,False
0000__00000669__STEP__Part11,11,G0_only,0,0.0,90.0,0.0,computed from source STEP with OCCT 7.9,False
0000__00000669__STEP__Part11,12,G0_only,0,0.0,90.0,0.0,computed from source STEP with OCCT 7.9,False
0000__00000669__STEP__Part11,13,G0_only,0,1.3407787879776558e-13,40.00000000001942,0.0,computed from source STEP with OCCT 7.9,False
0000__00000669__STEP__Part11,14,G0_only,0,2.7755575615628914e-17,90.0,0.0,computed from source STEP with OCCT 7.9,False
0000__00000669__STEP__Part11,15,G0_only,0,8.95333146352262e-14,40.00000000001942,0.0,computed from source STEP with OCCT 7.9,False
0000__00000669__STEP__Part11,16,G0_only,0,0.0,90.0,0.0,computed from source STEP with OCCT 7.9,False
0000__00000669__STEP__Part11,17,G0_only,0,0.0,90.0,0.0,computed from source STEP with OCCT 7.9,False
0000__00000669__STEP__Part11,18,G0_only,0,0.0,90.0,0.0,computed from source STEP with OCCT 7.9,False
0000__00002964__STEP__Part1,1,G0_only,0,4.667101484081109e-14,90.0,7.159615019045649,computed from source STEP with OCCT 7.9,False
0000__00002964__STEP__Part1,3,G0_only,0,4.6671023094026846e-14,90.0,7.159615019045649,computed from source STEP with OCCT 7.9,False
0000__00002964__STEP__Part1,4,G0_only,0,5.234862839027469e-13,90.0,2.000000007872,computed from source STEP with OCCT 7.9,False
0000__00002964__STEP__Part1,5,G0_only,0,5.982644101526813e-13,90.0,1.0000000039380001,computed from source STEP with OCCT 7.9,False
0000__00002964__STEP__Part1,6,G0_only,0,1.6721484684982206e-13,90.0,2.000000007872,computed from source STEP with OCCT 7.9,False
0000__00002964__STEP__Part1,8,G0_only,0,3.344296936996441e-13,90.0,1.0000000039380001,computed from source STEP with OCCT 7.9,False
0000__00004717__STEP__Part1,1,G0_only,0,0.0,90.0,0.0,computed from source STEP with OCCT 7.9,False
0000__00004717__STEP__Part1,2,G0_only,0,0.0,89.99999999999999,0.0,computed from source STEP with OCCT 7.9,False
0000__00004717__STEP__Part1,3,G0_only,0,2.1511757030956625e-17,90.0,0.0,computed from source STEP with OCCT 7.9,False
0000__00004717__STEP__Part1,4,G0_only,0,0.0,90.0,0.0,computed from source STEP with OCCT 7.9,False
0000__00004717__STEP__Part1,5,G0_only,0,1.1110318552357474e-16,90.0,0.0,computed from source STEP with OCCT 7.9,False
0000__00004717__STEP__Part1,6,G0_only,0,5.625266547729264e-17,89.99999999999999,0.0,computed from source STEP with OCCT 7.9,False
0000__00004717__STEP__Part1,7,G0_only,0,1.1316657423481892e-16,90.0,0.0,computed from source STEP with OCCT 7.9,False
0000__00004717__STEP__Part1,8,G0_only,0,4.7361300588487974e-17,89.99999999999999,0.0,computed from source STEP with OCCT 7.9,False
0000__00004717__STEP__Part1,9,G0_only,0,5.312268698431279e-17,89.99999999999999,0.0,computed from source STEP with OCCT 7.9,False
0000__00004717__STEP__Part1,10,G0_only,0,1.205813247489596e-13,18.72578741730953,0.0,computed from source STEP with OCCT 7.9,False
0000__00004717__STEP__Part1,11,G0_only,0,4.85722573273506e-17,90.0,0.0,computed from source STEP with OCCT 7.9,False
0000__00004717__STEP__Part1,12,G0_only,0,7.264695830884458e-17,89.99999999999999,0.0,computed from source STEP with OCCT 7.9,False
0000__00004717__STEP__Part1,13,G0_only,0,8.543325962557467e-13,44.7091614056125,0.0,computed from source STEP with OCCT 7.9,False
0000__00004717__STEP__Part1,14,G0_only,0,6.938893903907228e-17,90.0,0.0,computed from source STEP with OCCT 7.9,False
0000__00004717__STEP__Part1,15,G0_only,0,6.568573345356953e-17,89.99999999999999,0.0,computed from source STEP with OCCT 7.9,False
0000__00004717__STEP__Part1,16,G0_only,0,2.4596948515653257e-13,63.43494882292202,0.0,computed from source STEP with OCCT 7.9,False
0000__00004717__STEP__Part1,17,G0_only,0,6.206335383118183e-17,90.0,0.0,computed from source STEP with OCCT 7.9,False
0000__00004717__STEP__Part1,18,G0_only,0,5.953355021816261e-17,89.99999999999999,0.0,computed from source STEP with OCCT 7.9,False
0000__00004717__STEP__Part1,19,G0_only,0,6.206335383118183e-17,90.0,0.0,computed from source STEP with OCCT 7.9,False
0000__00004717__STEP__Part1,20,G0_only,0,7.850462293418876e-17,90.0,0.0,computed from source STEP with OCCT 7.9,False
0000__00004717__STEP__Part1,21,G0_only,0,7.297759108203478e-17,89.99999999999999,0.0,computed from source STEP with OCCT 7.9,False
0000__00004717__STEP__Part1,22,G0_only,0,6.938893903907228e-17,90.0,0.0,computed from source STEP with OCCT 7.9,False
0000__00004717__STEP__Part1,23,G0_only,0,1.3877787807814457e-17,90.0,0.0,computed from source STEP with OCCT 7.9,False
0000__00004717__STEP__Part1,24,G0_only,0,2.6520510597112734e-14,18.72578741730953,0.0,computed from source STEP with OCCT 7.9,False
0000__00004717__STEP__Part1,25,G0_only,0,2.5599779002906165e-17,90.0,0.0,computed from source STEP with OCCT 7.9,False
0000__00004717__STEP__Part1,26,G0_only,0,5.551115123125783e-17,90.0,0.0,computed from source STEP with OCCT 7.9,False
0000__00004717__STEP__Part1,27,G0_only,0,3.719623595040285e-13,44.7091614056125,0.0,computed from source STEP with OCCT 7.9,False
0000__00004717__STEP__Part1,28,G0_only,0,5.953355021816261e-17,90.0,0.0,computed from source STEP with OCCT 7.9,False
0000__00004717__STEP__Part1,29,G0_only,0,6.206335383118183e-17,90.0,0.0,computed from source STEP with OCCT 7.9,False
0000__00004717__STEP__Part1,30,G0_only,0,5.276129929343345e-13,63.43494882292202,0.0,computed from source STEP with OCCT 7.9,False
0000__00004717__STEP__Part1,31,G0_only,0,6.568573345356953e-17,90.0,0.0,computed from source STEP with OCCT 7.9,False
0000__00004717__STEP__Part1,32,G0_only,0,5.551115123125783e-17,90.0,0.0,computed from source STEP with OCCT 7.9,False
0000__00004717__STEP__Part1,33,G0_only,0,5.942578663428965e-17,90.0,0.0,computed from source STEP with OCCT 7.9,False
0000__00004717__STEP__Part1,34,G0_only,0,5.953355021816261e-17,90.0,0.0,computed from source STEP with OCCT 7.9,False
0000__00004717__STEP__Part1,35,G0_only,0,7.628629800936988e-17,90.0,0.0,computed from source STEP with OCCT 7.9,False
0000__00004717__STEP__Part1,36,G0_only,0,7.926130805464482e-17,90.0,0.0,computed from source STEP with OCCT 7.9,False
0000__00006201__STEP__Part38,1,G0_only,0,0.0,77.99999999998883,0.0,computed from source STEP with OCCT 7.9,False
0000__00006201__STEP__Part38,2,G0_only,0,7.059347485062124e-14,16.908050477515392,0.0,computed from source STEP with OCCT 7.9,False
0000__00006201__STEP__Part38,3,G0_only,0,2.0578725848898062e-13,16.908050477515406,0.0,computed from source STEP with OCCT 7.9,False
0000__00006201__STEP__Part38,4,G0_only,0,9.499383927158794e-15,16.908050477515406,0.0,computed from source STEP with OCCT 7.9,False
0000__00006201__STEP__Part38,5,G0_only,0,6.807193486212531e-14,77.99999999998883,0.0,computed from source STEP with OCCT 7.9,False
0000__00006201__STEP__Part38,6,G0_only,0,1.3962144117364348e-13,16.908050477515392,0.0,computed from source STEP with OCCT 7.9,False
0000__00006201__STEP__Part38,7,G0_only,0,6.805873870228274e-14,77.99999999998883,0.0,computed from source STEP with OCCT 7.9,False
0000__00006201__STEP__Part38,8,G0_only,0,0.0,77.99999999998883,0.0,computed from source STEP with OCCT 7.9,False
0000__00006201__STEP__Part38,9,G0_only,0,0.0,89.99999999999999,0.0,computed from source STEP with OCCT 7.9,False
0000__00006201__STEP__Part38,10,G0_only,0,0.0,89.99999999999999,0.0,computed from source STEP with OCCT 7.9,False
0000__00006201__STEP__Part38,11,G0_only,0,0.0,90.0,0.0,computed from source STEP with OCCT 7.9,False
0000__00006201__STEP__Part38,12,G0_only,0,0.0,89.99999999999999,0.0,computed from source STEP with OCCT 7.9,False
0000__00006201__STEP__Part38,13,G0_only,0,0.0,89.99999999999999,0.0,computed from source STEP with OCCT 7.9,False
0000__00006201__STEP__Part38,14,G0_only,0,0.0,90.0,0.0,computed from source STEP with OCCT 7.9,False
0000__00006201__STEP__Part38,15,G0_only,0,0.0,90.0,0.0,computed from source STEP with OCCT 7.9,False
0000__00006201__STEP__Part38,16,G0_only,0,0.0,90.0,0.0,computed from source STEP with OCCT 7.9,False
0000__00006201__STEP__Part38,17,G0_only,0,1.1532981116059097e-13,77.99999999998883,0.0,computed from source STEP with OCCT 7.9,False
0000__00006201__STEP__Part38,18,G0_only,0,2.0700518513329368e-13,16.908050477515406,0.0,computed from source STEP with OCCT 7.9,False
0000__00006201__STEP__Part38,19,G0_only,0,1.37327169191582e-13,16.908050477515392,0.0,computed from source STEP with OCCT 7.9,False
0000__00006201__STEP__Part38,20,G0_only,0,1.0087945619763099e-14,16.908050477515406,0.0,computed from source STEP with OCCT 7.9,False
0000__00006201__STEP__Part38,21,G0_only,0,7.506398706333437e-14,16.908050477515392,0.0,computed from source STEP with OCCT 7.9,False
0000__00006201__STEP__Part38,22,G0_only,0,1.8536939552480373e-13,77.99999999998883,0.0,computed from source STEP with OCCT 7.9,False
0000__00006201__STEP__Part38,23,G0_only,0,2.2537714397285172e-14,77.99999999998883,0.0,computed from source STEP with OCCT 7.9,False
0000__00006201__STEP__Part38,24,G0_only,0,1.1531963033332972e-13,77.99999999998883,0.0,computed from source STEP with OCCT 7.9,False
0000__00006201__STEP__Part38,25,G0_only,0,0.0,89.99999999999999,0.0,computed from source STEP with OCCT 7.9,False
0000__00006201__STEP__Part38,26,G0_only,0,0.0,90.0,0.0,computed from source STEP with OCCT 7.9,False
0000__00006201__STEP__Part38,27,G0_only,0,0.0,89.99999999999999,0.0,computed from source STEP with OCCT 7.9,False
0000__00006201__STEP__Part38,28,G0_only,0,0.0,89.99999999999999,0.0,computed from source STEP with OCCT 7.9,False
0000__00006201__STEP__Part38,29,G0_only,0,0.0,90.0,0.0,computed from source STEP with OCCT 7.9,False
0000__00006201__STEP__Part38,30,G0_only,0,0.0,89.99999999999999,0.0,computed from source STEP with OCCT 7.9,False
0000__00006201__STEP__Part38,31,G0_only,0,0.0,90.0,0.0,computed from source STEP with OCCT 7.9,False
0000__00006201__STEP__Part38,32,G0_only,0,0.0,90.0,0.0,computed from source STEP with OCCT 7.9,False
0000__00006379__STEP__Part535,1,G0_only,0,7.023220446252075e-14,59.999999999974946,0.0,computed from source STEP with OCCT 7.9,False
0000__00006379__STEP__Part535,2,G0_only,0,2.0830374584813907e-14,44.99999999998616,0.0,computed from source STEP with OCCT 7.9,False
0000__00006379__STEP__Part535,3,G0_only,0,5.247527013915997e-13,60.00000000003581,0.0,computed from source STEP with OCCT 7.9,False
0000__00006379__STEP__Part535,4,G0_only,0,4.057828706663598e-13,44.99999999996145,0.0,computed from source STEP with OCCT 7.9,False
0000__00006379__STEP__Part535,5,G0_only,0,2.3401249895731613e-13,60.000000000020336,0.0,computed from source STEP with OCCT 7.9,False
0000__00006379__STEP__Part535,6,G0_only,0,3.286698577597461e-11,84.7315214029463,1.0887564319221077,computed from source STEP with OCCT 7.9,False
0000__00006379__STEP__Part535,7,G0_only,0,5.647852936186193e-13,89.9999999999855,0.0,computed from source STEP with OCCT 7.9,False
0000__00006379__STEP__Part535,8,G0_only,0,4.2736400394082384e-13,45.000000000036586,0.0,computed from source STEP with OCCT 7.9,False
0000__00006379__STEP__Part535,9,G0_only,0,3.985441381292911e-13,89.9999999999855,0.0,computed from source STEP with OCCT 7.9,False
0000__00006379__STEP__Part535,10,G0_only,0,3.2303181947673345e-11,84.73152140291297,1.0887564319221077,computed from source STEP with OCCT 7.9,False
0000__00006379__STEP__Part535,11,G0_only,0,5.71245161078376e-13,89.9999999999855,0.0,computed from source STEP with OCCT 7.9,False
0000__00006379__STEP__Part535,12,G0_only,0,1.2481811955655614e-10,84.83665705237134,1.0887564319221077,computed from source STEP with OCCT 7.9,False
0000__00006379__STEP__Part535,13,G0_only,0,1.2620248798117335e-13,89.9999999999855,0.0,computed from source STEP with OCCT 7.9,False
0000__00006379__STEP__Part535,14,G0_only,0,5.424158061302765e-13,44.99999999996916,0.0,computed from source STEP with OCCT 7.9,False
0000__00006379__STEP__Part535,15,G0_only,0,3.7067994684034463e-14,60.00000000002278,0.0,computed from source STEP with OCCT 7.9,False
0000__00006379__STEP__Part535,16,G0_only,0,1.2461194767788083e-10,84.83665705240385,1.0887564319221077,computed from source STEP with OCCT 7.9,False
0000__00006423__STEP__Part4,1,G0_only,0,6.112716141175078e-15,90.0,49.00000000395234,computed from source STEP with OCCT 7.9,False
0000__00006423__STEP__Part4,2,G0_only,0,3.1695500963030783e-15,90.0,65.33333333858178,computed from source STEP with OCCT 7.9,False
0000__00006423__STEP__Part4,3,G0_only,0,6.1117078358621055e-15,90.0,49.00000000395234,computed from source STEP with OCCT 7.9,False
0000__00006423__STEP__Part4,5,G0_only,0,3.1676050671336498e-15,90.0,65.33333333858178,computed from source STEP with OCCT 7.9,False
0000__00007213__STEP__Part1,1,G0_only,0,2.7755575615628914e-17,90.0,0.0,computed from source STEP with OCCT 7.9,False
0000__00007213__STEP__Part1,2,G0_only,0,2.5087990932039304e-18,90.0,0.0,computed from source STEP with OCCT 7.9,False
0000__00007213__STEP__Part1,3,G0_only,0,2.7755575615628914e-17,90.0,0.0,computed from source STEP with OCCT 7.9,False
0000__00007213__STEP__Part1,4,G0_only,0,1.3877787807814457e-17,89.99999999999999,0.0,computed from source STEP with OCCT 7.9,False
0000__00007213__STEP__Part1,5,G0_only,0,1.5515838457795457e-17,90.0,0.0,computed from source STEP with OCCT 7.9,False
0000__00007213__STEP__Part1,6,G0_only,0,2.7882338598155813e-17,90.0,0.0,computed from source STEP with OCCT 7.9,False
0000__00007213__STEP__Part1,7,G0_only,0,1.9383114430850428e-18,90.0,0.0,computed from source STEP with OCCT 7.9,False
0000__00007213__STEP__Part1,8,G0_only,0,6.938893903907228e-18,90.0,0.0,computed from source STEP with OCCT 7.9,False
0000__00007213__STEP__Part1,9,G0_only,0,0.0,90.0,0.0,computed from source STEP with OCCT 7.9,False
0000__00007213__STEP__Part1,10,G0_only,0,1.5515838457795457e-17,90.0,0.0,computed from source STEP with OCCT 7.9,False
0000__00007213__STEP__Part1,11,G0_only,0,0.0,90.0,0.0,computed from source STEP with OCCT 7.9,False
0000__00007213__STEP__Part1,12,G0_only,0,6.938893903907228e-18,90.0,0.0,computed from source STEP with OCCT 7.9,False
0000__00007213__STEP__Part1,13,G0_only,0,1.9383114430850428e-18,90.0,0.0,computed from source STEP with OCCT 7.9,False
0000__00007213__STEP__Part1,14,G0_only,0,2.7882338598155813e-17,90.0,0.0,computed from source STEP with OCCT 7.9,False
0000__00007213__STEP__Part1,15,G0_only,0,8.137308625880686e-19,89.99999999999999,0.0,computed from source STEP with OCCT 7.9,False
0000__00007213__STEP__Part1,16,G0_only,0,3.3580160468067483e-18,90.0,0.0,computed from source STEP with OCCT 7.9,False
0000__00007213__STEP__Part1,17,G0_only,0,5.551115123125783e-17,89.99999999999999,0.0,computed from source STEP with OCCT 7.9,False
0000__00007213__STEP__Part1,18,G0_only,0,4.163336342344337e-17,89.99999999999999,0.0,computed from source STEP with OCCT 7.9,False
0000__00007366__STEP__Part44,1,G0_only,0,5.534715107703884e-15,90.0,51.160000035135155,computed from source STEP with OCCT 7.9,False
0000__00007366__STEP__Part44,2,G0_only,0,1.6525269745528088e-14,90.0,17.053333345046212,computed from source STEP with OCCT 7.9,False
0000__00007366__STEP__Part44,3,G0_only,0,5.534715107703884e-15,90.0,51.160000035135155,computed from source STEP with OCCT 7.9,False
0000__00007366__STEP__Part44,4,G0_only,0,1.652527557275401e-14,90.0,17.053333345046212,computed from source STEP with OCCT 7.9,False
0000__00007374__STEP__Part8,1,G0_only,0,9.224293194767179e-15,44.999999999853806,18.944569185133386,computed from source STEP with OCCT 7.9,False
0000__00007374__STEP__Part8,2,G0_only,0,1.3877787807814457e-17,90.0,64.30000001999858,computed from source STEP with OCCT 7.9,False
0000__00007374__STEP__Part8,3,G0_only,0,1.4405022146233142e-13,44.9999999998538,18.944569185137382,computed from source STEP with OCCT 7.9,False
0000__00007374__STEP__Part8,4,G0_only,0,2.400302199298833e-13,90.0,64.30000001999858,computed from source STEP with OCCT 7.9,False
0000__00007374__STEP__Part8,5,G0_only,0,6.624707044219787e-15,45.00000000014621,15.045863064376938,computed from source STEP with OCCT 7.9,False
0000__00007374__STEP__Part8,7,G0_only,0,3.8027019569598673e-13,45.00000000014621,15.045863064374638,computed from source STEP with OCCT 7.9,False
0000__00007375__STEP__Part79,1,G0_only,0,1.1013071050178505e-13,90.0,68.80000002000463,computed from source STEP with OCCT 7.9,False
0000__00007375__STEP__Part79,2,G0_only,0,1.1098653450903225e-13,90.0,22.933333339997333,computed from source STEP with OCCT 7.9,False
0000__00007375__STEP__Part79,3,G0_only,0,4.8672866219197025e-15,90.0,68.80000002000463,computed from source STEP with OCCT 7.9,False
0000__00007375__STEP__Part79,4,G0_only,0,1.4552824253097677e-14,90.0,22.933333339997333,computed from source STEP with OCCT 7.9,False
0000__00007399__STEP__Part60,1,G0_only,0,3.4002159894494e-13,90.0,86.58274651643873,computed from source STEP with OCCT 7.9,False
0000__00007399__STEP__Part60,2,G0_only,0,3.401783541370596e-13,90.0,25.974823954931626,computed from source STEP with OCCT 7.9,False
0000__00007399__STEP__Part60,3,G0_only,0,3.2776267679209604e-15,90.0,86.58274651643873,computed from source STEP with OCCT 7.9,False
0000__00007399__STEP__Part60,4,G0_only,0,1.0833637964918049e-14,90.0,25.974823954931626,computed from source STEP with OCCT 7.9,False
0000__00007416__STEP__Part45,1,G0_only,0,9.339452188501096e-16,90.0,107.66666694817445,computed from source STEP with OCCT 7.9,False
0000__00007416__STEP__Part45,3,G0_only,0,1.9429894176211716e-15,90.0,107.66666694817444,computed from source STEP with OCCT 7.9,False
0000__00007416__STEP__Part45,4,G0_only,0,1.6976341092181966e-15,90.0,107.66666694817447,computed from source STEP with OCCT 7.9,False
0000__00007416__STEP__Part45,5,G0_only,0,1.249000902703301e-16,90.0,107.66666694817445,computed from source STEP with OCCT 7.9,False
0000__00007416__STEP__Part45,7,G0_only,0,1.9736732012969175e-15,90.0,107.66666694817444,computed from source STEP with OCCT 7.9,False
0000__00007416__STEP__Part45,8,G0_only,0,0.0,90.0,0.0,computed from source STEP with OCCT 7.9,False
0000__00007416__STEP__Part45,9,G0_only,0,0.0,90.0,0.0,computed from source STEP with OCCT 7.9,False
0000__00007416__STEP__Part45,10,G0_only,0,0.0,90.0,0.0,computed from source STEP with OCCT 7.9,False
0000__00007416__STEP__Part45,11,G0_only,0,0.0,90.0,0.0,computed from source STEP with OCCT 7.9,False
0000__00007416__STEP__Part45,12,G0_only,0,0.0,90.0,0.0,computed from source STEP with OCCT 7.9,False
0000__00007416__STEP__Part45,13,G0_only,0,0.0,90.0,0.0,computed from source STEP with OCCT 7.9,False
0000__00007416__STEP__Part45,14,G0_only,0,0.0,90.0,0.0,computed from source STEP with OCCT 7.9,False
0000__00007416__STEP__Part45,15,G0_only,0,0.0,90.0,0.0,computed from source STEP with OCCT 7.9,False
0000__00007416__STEP__Part45,16,G0_only,0,0.0,90.0,0.0,computed from source STEP with OCCT 7.9,False
0000__00007416__STEP__Part45,17,G0_only,0,0.0,90.0,0.0,computed from source STEP with OCCT 7.9,False
0000__00007416__STEP__Part45,18,G0_only,0,0.0,90.0,0.0,computed from source STEP with OCCT 7.9,False
0000__00007416__STEP__Part45,19,G0_only,0,0.0,90.0,0.0,computed from source STEP with OCCT 7.9,False
0000__00007505__STEP__Part32,1,G0_only,0,0.0,90.0,0.0,computed from source STEP with OCCT 7.9,False
0000__00007505__STEP__Part32,2,G0_only,0,0.0,90.0,0.0,computed from source STEP with OCCT 7.9,False
0000__00007505__STEP__Part32,3,G0_only,0,0.0,90.0,0.0,computed from source STEP with OCCT 7.9,False
0000__00007505__STEP__Part32,4,G0_only,0,0.0,90.0,0.0,computed from source STEP with OCCT 7.9,False
0000__00007505__STEP__Part32,5,G0_only,0,0.0,90.0,0.0,computed from source STEP with OCCT 7.9,False
0000__00007505__STEP__Part32,6,G0_only,0,0.0,90.0,0.0,computed from source STEP with OCCT 7.9,False
0000__00007505__STEP__Part32,7,G0_only,0,0.0,90.0,0.0,computed from source STEP with OCCT 7.9,False
0000__00007505__STEP__Part32,8,G0_only,0,0.0,90.0,0.0,computed from source STEP with OCCT 7.9,False
0000__00007505__STEP__Part32,9,G0_only,0,0.0,90.0,0.0,computed from source STEP with OCCT 7.9,False
0000__00007505__STEP__Part32,10,G0_only,0,0.0,90.0,0.0,computed from source STEP with OCCT 7.9,False
0000__00007505__STEP__Part32,11,G0_only,0,5.999472963661382e-14,90.0,304.76190477435074,computed from source STEP with OCCT 7.9,False
0000__00007505__STEP__Part32,12,G0_only,0,5.999472963661382e-14,90.0,304.76190477435074,computed from source STEP with OCCT 7.9,False
0000__00007505__STEP__Part32,13,G0_only,0,0.0,90.0,0.0,computed from source STEP with OCCT 7.9,False
0000__00007505__STEP__Part32,14,G0_only,0,5.999472963661382e-14,90.0,304.7619047743507,computed from source STEP with OCCT 7.9,False
0000__00007505__STEP__Part32,15,G0_only,0,6.000325522966939e-14,90.0,304.7619047743507,computed from source STEP with OCCT 7.9,False
0000__00007505__STEP__Part32,16,G0_only,0,0.0,90.0,0.0,computed from source STEP with OCCT 7.9,False
0000__00007505__STEP__Part32,17,G0_only,0,3.799882958997877e-13,90.0,304.7619047743507,computed from source STEP with OCCT 7.9,False
0000__00007505__STEP__Part32,18,G0_only,0,3.799882958997877e-13,90.0,304.7619047743507,computed from source STEP with OCCT 7.9,False
0000__00007926__STEP__Part60,1,G0_only,0,2.7755575615628914e-17,90.0,0.0,computed from source STEP with OCCT 7.9,False
0000__00007926__STEP__Part60,2,G0_only,0,7.850462293418876e-17,90.0,0.0,computed from source STEP with OCCT 7.9,False
0000__00007926__STEP__Part60,3,G0_only,0,0.0,90.0,0.0,computed from source STEP with OCCT 7.9,False
0000__00007926__STEP__Part60,4,G0_only,0,6.206335383118183e-17,90.0,0.0,computed from source STEP with OCCT 7.9,False
0000__00007926__STEP__Part60,5,G0_only,0,2.7755575615628914e-17,90.0,0.0,computed from source STEP with OCCT 7.9,False
0000__00007926__STEP__Part60,6,G0_only,0,1.2731491006175867e-13,90.0,0.0,computed from source STEP with OCCT 7.9,False
0000__00007926__STEP__Part60,7,G0_only,0,0.0,90.0,0.0,computed from source STEP with OCCT 7.9,False
0000__00007926__STEP__Part60,8,G0_only,0,7.850462293418876e-17,90.0,0.0,computed from source STEP with OCCT 7.9,False
0000__00007926__STEP__Part60,9,G0_only,0,0.0,90.0,0.0,computed from source STEP with OCCT 7.9,False
0000__00007926__STEP__Part60,10,G0_only,0,6.206335383118183e-17,90.0,0.0,computed from source STEP with OCCT 7.9,False
0000__00007926__STEP__Part60,11,G0_only,0,2.7755575615628914e-17,90.0,0.0,computed from source STEP with OCCT 7.9,False
0000__00007926__STEP__Part60,12,G0_only,0,2.7755575615628914e-17,90.0,0.0,computed from source STEP with OCCT 7.9,False
0000__00007926__STEP__Part60,13,G0_only,0,0.0,90.0,0.0,computed from source STEP with OCCT 7.9,False
0000__00007926__STEP__Part60,14,G0_only,0,6.206335383118183e-17,90.0,0.0,computed from source STEP with OCCT 7.9,False
0000__00007926__STEP__Part60,15,G0_only,0,2.7755575615628914e-17,90.0,0.0,computed from source STEP with OCCT 7.9,False
0000__00007926__STEP__Part60,16,G0_only,0,6.206335383118183e-17,90.0,0.0,computed from source STEP with OCCT 7.9,False
0000__00007926__STEP__Part60,17,G0_only,0,2.7755575615628914e-17,44.99999999999995,0.0,computed from source STEP with OCCT 7.9,False
0000__00007926__STEP__Part60,18,G0_only,0,2.7755575615628914e-17,45.00000000000003,0.0,computed from source STEP with OCCT 7.9,False
0000__00007926__STEP__Part60,19,G0_only,0,0.0,45.0,0.0,computed from source STEP with OCCT 7.9,False
0000__00007926__STEP__Part60,20,G0_only,0,0.0,45.0,0.0,computed from source STEP with OCCT 7.9,False
0000__00007926__STEP__Part60,21,G0_only,0,2.7755575615628914e-17,45.00000000000003,0.0,computed from source STEP with OCCT 7.9,False
0000__00007926__STEP__Part60,22,G0_only,0,2.7755575615628914e-17,44.999999999999964,0.0,computed from source STEP with OCCT 7.9,False
0000__00007926__STEP__Part60,23,G0_only,0,0.0,44.999999999999964,0.0,computed from source STEP with OCCT 7.9,False
0000__00007926__STEP__Part60,24,G0_only,0,0.0,45.00000000000003,0.0,computed from source STEP with OCCT 7.9,False
0000__00008038__STEP__Part28,1,G0_only,0,6.077831158732291e-14,90.0,34.28601289133076,computed from source STEP with OCCT 7.9,False
0000__00008038__STEP__Part28,3,G0_only,0,9.734573243839405e-15,90.0,34.28601289133076,computed from source STEP with OCCT 7.9,False
0000__00008038__STEP__Part28,4,G0_only,0,2.1210781103223385e-15,90.0,96.00083609572876,computed from source STEP with OCCT 7.9,False
0000__00008038__STEP__Part28,6,G0_only,0,6.003116037122825e-14,90.0,96.00083609572876,computed from source STEP with OCCT 7.9,False
0000__00008081__STEP__Part5,1,G0_only,0,2.5424130936441582e-14,90.0,0.0,computed from source STEP with OCCT 7.9,False
0000__00008081__STEP__Part5,2,G0_only,0,2.5424410270577875e-14,90.0,0.0,computed from source STEP with OCCT 7.9,False
0000__00008081__STEP__Part5,3,G0_only,0,2.5424141352345818e-14,90.0,0.0,computed from source STEP with OCCT 7.9,False
0000__00008081__STEP__Part5,4,G0_only,0,0.0,90.0,0.0,computed from source STEP with OCCT 7.9,False
0000__00008081__STEP__Part5,5,G0_only,0,2.7184007574135272e-14,89.99999999999999,0.0,computed from source STEP with OCCT 7.9,False
0000__00008081__STEP__Part5,6,G0_only,0,0.0,90.0,0.0,computed from source STEP with OCCT 7.9,False
0000__00008081__STEP__Part5,7,G0_only,0,2.7183997832546798e-14,89.99999999999999,0.0,computed from source STEP with OCCT 7.9,False
0000__00008081__STEP__Part5,8,G0_only,0,3.469446951953614e-18,89.99999999999999,0.0,computed from source STEP with OCCT 7.9,False
0000__00008081__STEP__Part5,9,G0_only,0,2.6489228386992797e-14,90.0,0.0,computed from source STEP with OCCT 7.9,False
0000__00008081__STEP__Part5,10,G0_only,0,2.6489260195916503e-14,90.0,0.0,computed from source STEP with OCCT 7.9,False
0000__00008081__STEP__Part5,11,G0_only,0,2.648923111347347e-14,90.0,0.0,computed from source STEP with OCCT 7.9,False
0000__00008081__STEP__Part5,12,G0_only,0,0.0,90.0,0.0,computed from source STEP with OCCT 7.9,False
0000__00008081__STEP__Part5,13,G0_only,0,1.6723194975525542e-14,90.0,0.0,computed from source STEP with OCCT 7.9,False
0000__00008081__STEP__Part5,14,G0_only,0,0.0,90.0,0.0,computed from source STEP with OCCT 7.9,False
0000__00008081__STEP__Part5,15,G0_only,0,8.215755871490022e-15,90.0,0.0,computed from source STEP with OCCT 7.9,False
0000__00008081__STEP__Part5,16,G0_only,0,0.0,90.0,0.0,computed from source STEP with OCCT 7.9,False
0000__00008081__STEP__Part5,17,G0_only,0,6.938893903907228e-18,90.0,0.0,computed from source STEP with OCCT 7.9,False
0000__00008081__STEP__Part5,18,G0_only,0,8.215653312501778e-15,90.0,0.0,computed from source STEP with OCCT 7.9,False
0000__00008081__STEP__Part5,19,G0_only,0,7.587571212213898e-14,90.0,0.0,computed from source STEP with OCCT 7.9,False
0000__00008081__STEP__Part5,20,G0_only,0,1.67227702984913e-14,90.0,0.0,computed from source STEP with OCCT 7.9,False
0000__00008081__STEP__Part5,21,G0_only,0,1.6722786134099712e-14,90.0,0.0,computed from source STEP with OCCT 7.9,False
0000__00008081__STEP__Part5,22,G0_only,0,7.587571561225925e-14,90.0,0.0,computed from source STEP with OCCT 7.9,False
0000__00008081__STEP__Part5,23,G0_only,0,8.215662103322365e-15,90.0,0.0,computed from source STEP with OCCT 7.9,False
0000__00008081__STEP__Part5,24,G0_only,0,5.551115123125783e-17,89.99999999999999,0.0,computed from source STEP with OCCT 7.9,False
0000__00009029__STEP__Part1,1,G0_only,0,1.6246723141485286e-17,90.0,0.0,computed from source STEP with OCCT 7.9,False
0000__00009029__STEP__Part1,2,G0_only,0,2.1241836782557005e-17,89.99999999999999,0.0,computed from source STEP with OCCT 7.9,False
0000__00009029__STEP__Part1,3,G0_only,0,1.6243647318821702e-17,90.0,0.0,computed from source STEP with OCCT 7.9,False
0000__00009029__STEP__Part1,4,G0_only,0,6.751330131324158e-18,90.0,0.0,computed from source STEP with OCCT 7.9,False
0000__00009029__STEP__Part1,5,G0_only,0,2.255362078597502e-17,90.0,0.0,computed from source STEP with OCCT 7.9,False
0000__00009029__STEP__Part1,6,G0_only,0,8.673617379884035e-18,89.99999999999999,0.0,computed from source STEP with OCCT 7.9,False
0000__00009029__STEP__Part1,7,G0_only,0,2.2551405187698492e-17,90.0,0.0,computed from source STEP with OCCT 7.9,False
0000__00009029__STEP__Part1,8,G0_only,0,4.86032246606382e-17,90.0,0.0,computed from source STEP with OCCT 7.9,False
0000__00009029__STEP__Part1,9,G0_only,0,3.1612437079416925e-19,90.0,0.0,computed from source STEP with OCCT 7.9,False
0000__00009029__STEP__Part1,10,G0_only,0,0.0,90.0,0.0,computed from source STEP with OCCT 7.9,False
0000__00009029__STEP__Part1,11,G0_only,0,5.551115123125783e-17,90.0,0.0,computed from source STEP with OCCT 7.9,False
0000__00009029__STEP__Part1,12,G0_only,0,0.0,90.0,0.0,computed from source STEP with OCCT 7.9,False
0000__00009029__STEP__Part1,13,G0_only,0,8.357493009089866e-18,90.0,0.0,computed from source STEP with OCCT 7.9,False
0000__00009029__STEP__Part1,14,G0_only,0,0.0,90.0,0.0,computed from source STEP with OCCT 7.9,False
0000__00009029__STEP__Part1,15,G0_only,0,4.683753385137379e-17,90.0,0.0,computed from source STEP with OCCT 7.9,False
0000__00009029__STEP__Part1,16,G0_only,0,0.0,90.0,0.0,computed from source STEP with OCCT 7.9,False
0000__00009029__STEP__Part1,17,G0_only,0,5.551115123125783e-17,90.0,0.0,computed from source STEP with OCCT 7.9,False
0000__00009029__STEP__Part1,18,G0_only,0,5.561946577567963e-17,90.0,0.0,computed from source STEP with OCCT 7.9,False
0000__00009029__STEP__Part1,19,G0_only,0,0.0,90.0,0.0,computed from source STEP with OCCT 7.9,False
0000__00009029__STEP__Part1,20,G0_only,0,4.683753385137379e-17,90.0,0.0,computed from source STEP with OCCT 7.9,False
0000__00009029__STEP__Part1,21,G0_only,0,0.0,90.0,0.0,computed from source STEP with OCCT 7.9,False
0000__00009029__STEP__Part1,22,G0_only,0,1.9081958235744878e-17,90.0,0.0,computed from source STEP with OCCT 7.9,False
0000__00009029__STEP__Part1,23,G0_only,0,5.551115123125783e-17,90.0,0.0,computed from source STEP with OCCT 7.9,False
0000__00009029__STEP__Part1,24,G0_only,0,5.551115123125783e-17,90.0,0.0,computed from source STEP with OCCT 7.9,False
0000__00009029__STEP__Part1,25,G0_only,0,3.1612437079416925e-19,90.0,0.0,computed from source STEP with OCCT 7.9,False
0000__00009029__STEP__Part1,26,G0_only,0,1.0408340855860843e-17,89.99999999999999,0.0,computed from source STEP with OCCT 7.9,False
0000__00009029__STEP__Part1,27,G0_only,0,5.551115123125783e-17,89.99999999999999,0.0,computed from source STEP with OCCT 7.9,False
0000__00009029__STEP__Part1,28,G0_only,0,0.0,90.0,0.0,computed from source STEP with OCCT 7.9,False
0000__00009029__STEP__Part1,29,G0_only,0,5.551115123125783e-17,90.0,0.0,computed from source STEP with OCCT 7.9,False
0000__00009029__STEP__Part1,30,G0_only,0,0.0,89.99999999999999,0.0,computed from source STEP with OCCT 7.9,False
0000__00009029__STEP__Part1,31,G0_only,0,5.56203641465049e-17,90.0,0.0,computed from source STEP with OCCT 7.9,False
0000__00009029__STEP__Part1,32,G0_only,0,5.551205135497505e-17,90.0,0.0,computed from source STEP with OCCT 7.9,False
0000__00009029__STEP__Part1,33,G0_only,0,3.1612437079416925e-19,90.0,0.0,computed from source STEP with OCCT 7.9,False
0000__00009029__STEP__Part1,34,G0_only,0,3.1612437079416925e-19,90.0,0.0,computed from source STEP with OCCT 7.9,False
0000__00009029__STEP__Part1,35,G0_only,0,8.363469615823087e-18,90.0,0.0,computed from source STEP with OCCT 7.9,False
0000__00009029__STEP__Part1,36,G0_only,0,5.551205135497505e-17,90.0,0.0,computed from source STEP with OCCT 7.9,False
0000__00009029__STEP__Part1,37,G0_only,0,5.551205135497505e-17,90.0,0.0,computed from source STEP with OCCT 7.9,False
0000__00009029__STEP__Part1,38,G0_only,0,1.9084576619053456e-17,90.0,0.0,computed from source STEP with OCCT 7.9,False
0000__00009029__STEP__Part1,39,G0_only,0,5.551115123125783e-17,90.0,0.0,computed from source STEP with OCCT 7.9,False
0000__00009029__STEP__Part1,40,G0_only,0,0.0,90.0,0.0,computed from source STEP with OCCT 7.9,False
0000__00009029__STEP__Part1,41,G0_only,0,5.551115123125783e-17,89.99999999999999,0.0,computed from source STEP with OCCT 7.9,False
0000__00009029__STEP__Part1,42,G0_only,0,0.0,89.99999999999999,0.0,computed from source STEP with OCCT 7.9,False
0000__00009029__STEP__Part1,43,G0_only,0,5.647850449853784e-17,90.0,0.0,computed from source STEP with OCCT 7.9,False
0000__00009029__STEP__Part1,44,G0_only,0,7.850462293418876e-17,90.0,0.0,computed from source STEP with OCCT 7.9,False
0000__00009029__STEP__Part1,45,G0_only,0,4.5102810375396984e-17,90.0,0.0,computed from source STEP with OCCT 7.9,False
0000__00009029__STEP__Part1,46,G0_only,0,8.357493009089866e-18,90.0,0.0,computed from source STEP with OCCT 7.9,False
0000__00009029__STEP__Part1,47,G0_only,0,2.7755575615628914e-17,90.0,0.0,computed from source STEP with OCCT 7.9,False
0000__00009029__STEP__Part1,48,G0_only,0,1.1443916996305594e-16,89.99999999999997,0.0,computed from source STEP with OCCT 7.9,False
0000__00009029__STEP__Part1,49,G0_only,0,2.7755575615628914e-17,90.0,0.0,computed from source STEP with OCCT 7.9,False
0000__00009029__STEP__Part1,50,G0_only,0,0.0,90.0,0.0,computed from source STEP with OCCT 7.9,False
0000__00009029__STEP__Part1,51,G0_only,0,1.1102230246251565e-16,90.0,0.0,computed from source STEP with OCCT 7.9,False
0000__00009029__STEP__Part1,52,G0_only,0,0.0,90.0,0.0,computed from source STEP with OCCT 7.9,False
0000__00009029__STEP__Part1,53,G0_only,0,0.0,90.0,0.0,computed from source STEP with OCCT 7.9,False
0000__00009029__STEP__Part1,54,G0_only,0,0.0,90.0,0.0,computed from source STEP with OCCT 7.9,False
0000__00009119__STEP__Part31,1,G0_only,0,7.469063020490721e-13,83.27664713153146,0.7152621115227831,computed from source STEP with OCCT 7.9,False
0000__00009119__STEP__Part31,2,G0_only,0,1.3329179921125024e-16,71.80394255893339,0.10798367119029106,computed from source STEP with OCCT 7.9,False
0000__00009119__STEP__Part31,3,G0_only,0,6.514874062071418e-13,83.27664713169382,0.6324057116592283,computed from source STEP with OCCT 7.9,False
0000__00009119__STEP__Part31,4,G0_fail,0,1.938600735364902e-05,53.728023065322915,0.6768347656510871,computed from source STEP with OCCT 7.9,False
0000__00009119__STEP__Part31,5,G0_only,0,7.251820768711038e-11,89.99999999998815,1.0514622290708957,computed from source STEP with OCCT 7.9,False
0000__00009119__STEP__Part31,6,G0_fail,0,1.9386007356435933e-05,54.473121887223996,0.7355026600307406,computed from source STEP with OCCT 7.9,False
0000__00009119__STEP__Part31,7,G0_only,0,7.251710599596067e-11,89.9999999999782,1.051462229070896,computed from source STEP with OCCT 7.9,False
0000__00009119__STEP__Part31,8,G0_only,0,6.501086446683036e-13,83.21267662754016,0.6214935402718567,computed from source STEP with OCCT 7.9,False
0000__00009119__STEP__Part31,9,G0_only,0,6.566017620756506e-13,83.21267662739432,0.7049652479337075,computed from source STEP with OCCT 7.9,False
0000__00009204__STEP__Part179,1,G1_only,1,4.09408561433017e-13,2.993029177444428e-10,270.65870824058476,computed from source STEP with OCCT 7.9,False
0000__00009204__STEP__Part179,3,G0_only,0,2.300952920972967e-13,54.34091230367909,287.5748775054461,computed from source STEP with OCCT 7.9,False
0000__00009204__STEP__Part179,4,G1_only,1,5.465913828564852e-13,2.6576714918309145e-10,270.6587082405847,computed from source STEP with OCCT 7.9,False
0000__00009204__STEP__Part179,6,G0_only,0,5.463833000721124e-13,54.34091230389856,287.57487750544607,computed from source STEP with OCCT 7.9,False
0000__00009312__STEP__Part158,1,G0_only,0,7.549567588557365e-15,90.0,27.46915060479491,computed from source STEP with OCCT 7.9,False
0000__00009312__STEP__Part158,3,G0_only,0,7.549975744995337e-15,90.0,27.46915060479491,computed from source STEP with OCCT 7.9,False
0000__00009312__STEP__Part158,4,G0_only,0,1.7760186445487385e-13,90.0,19.273552235401297,computed from source STEP with OCCT 7.9,False
0000__00009312__STEP__Part158,5,G0_only,0,1.4641585722923626e-14,90.0,19.273552235401297,computed from source STEP with OCCT 7.9,False
0001__00010441__STEP__Part52,1,G0_only,0,4.567511958001673e-10,89.99999999997753,0.0,computed from source STEP with OCCT 7.9,False
0001__00010441__STEP__Part52,2,G0_only,0,1.583300480880298e-13,60.00000000000884,0.0,computed from source STEP with OCCT 7.9,False
0001__00010441__STEP__Part52,3,G0_only,0,4.570447559361482e-10,89.99999999997753,0.0,computed from source STEP with OCCT 7.9,False
0001__00010441__STEP__Part52,4,G0_only,0,3.636527551881223e-13,60.000000000019654,0.0,computed from source STEP with OCCT 7.9,False
0001__00010441__STEP__Part52,5,G0_only,0,4.494288814263719e-13,89.99999999995126,0.0,computed from source STEP with OCCT 7.9,False
0001__00010441__STEP__Part52,6,G0_only,0,5.305101754029997e-11,89.9999999999628,0.0,computed from source STEP with OCCT 7.9,False
0001__00010441__STEP__Part52,7,G0_only,0,3.131865622290105e-10,89.99999999997755,0.0,computed from source STEP with OCCT 7.9,False
0001__00010441__STEP__Part52,8,G0_only,0,1.7288899704785415e-13,89.99999999995126,0.0,computed from source STEP with OCCT 7.9,False
0001__00010441__STEP__Part52,9,G0_only,0,4.893246723854907e-11,89.99999999996281,0.0,computed from source STEP with OCCT 7.9,False
0001__00010441__STEP__Part52,10,G0_only,0,2.0037717940703583e-13,89.99999999995126,0.0,computed from source STEP with OCCT 7.9,False
0001__00010441__STEP__Part52,11,G0_only,0,4.880360222017773e-11,89.99999999996281,0.0,computed from source STEP with OCCT 7.9,False
0001__00010441__STEP__Part52,12,G0_only,0,7.841619655387421e-14,89.99999999995126,0.0,computed from source STEP with OCCT 7.9,False
0001__00010441__STEP__Part52,13,G0_only,0,3.1289295023063615e-10,89.99999999997755,0.0,computed from source STEP with OCCT 7.9,False
0001__00010441__STEP__Part52,14,G0_only,0,5.2922107589662186e-11,89.9999999999628,0.0,computed from source STEP with OCCT 7.9,False
0001__00010441__STEP__Part52,15,G0_only,0,4.1870252144323163e-13,59.9999999999715,0.0,computed from source STEP with OCCT 7.9,False
0001__00010441__STEP__Part52,16,G0_only,0,1.0194408312500287e-13,60.000000000019654,0.0,computed from source STEP with OCCT 7.9,False
0001__00010441__STEP__Part52,17,G0_only,0,4.439301670760832e-13,60.00000000000884,0.0,computed from source STEP with OCCT 7.9,False
0001__00010441__STEP__Part52,18,G0_only,0,5.005669922629106e-13,59.9999999999715,0.0,computed from source STEP with OCCT 7.9,False
0001__00011077__STEP__Part1,1,G1_only,1,2.8035515410493842e-09,1.4663176392432756e-07,40.25094811562357,computed from source STEP with OCCT 7.9,False
0001__00011077__STEP__Part1,3,G1_only,1,2.2411795263824874e-11,1.4146194696291132e-09,43.751030636537145,computed from source STEP with OCCT 7.9,False
0001__00011077__STEP__Part1,4,G0_only,0,7.100153798234032e-13,90.0,14.113235689197964,computed from source STEP with OCCT 7.9,False
0001__00011077__STEP__Part1,5,G0_only,0,2.900110707138026e-13,90.0,14.113235689197964,computed from source STEP with OCCT 7.9,False
0001__00011077__STEP__Part1,7,G0_only,0,5.000444502911705e-13,90.0,14.113235689197964,computed from source STEP with OCCT 7.9,False
0001__00011077__STEP__Part1,9,G0_only,0,6.994405055138486e-14,90.0,14.113235689197964,computed from source STEP with OCCT 7.9,False
0001__00011077__STEP__Part1,10,G1_only,1,2.2411770188200767e-11,1.4047329944792536e-09,43.751030636537145,computed from source STEP with OCCT 7.9,False
0001__00011077__STEP__Part1,12,G1_only,1,2.687032999609022e-09,2.5128740682913555e-07,40.25094811562357,computed from source STEP with OCCT 7.9,False
0001__00012214__STEP__Part23,1,G0_only,0,1.734723475976807e-17,90.0,0.0,computed from source STEP with OCCT 7.9,False
0001__00012214__STEP__Part23,2,G0_only,0,9.05872763603365e-17,89.99999999999997,0.0,computed from source STEP with OCCT 7.9,False
0001__00012214__STEP__Part23,3,G0_only,0,1.734723475976807e-17,90.0,0.0,computed from source STEP with OCCT 7.9,False
0001__00012214__STEP__Part23,4,G0_only,0,8.897017726212005e-16,89.47651391687575,0.0,computed from source STEP with OCCT 7.9,False
0001__00012214__STEP__Part23,5,G0_only,0,4.2391853564535586e-17,90.0,0.0,computed from source STEP with OCCT 7.9,False
0001__00012214__STEP__Part23,6,G0_only,0,1.8261886967033185e-16,89.99897510860569,0.0,computed from source STEP with OCCT 7.9,False
0001__00012214__STEP__Part23,7,G0_only,0,4.2391853564535586e-17,90.0,0.0,computed from source STEP with OCCT 7.9,False
0001__00012214__STEP__Part23,8,G0_only,0,4.493926824689287e-17,90.0,0.0,computed from source STEP with OCCT 7.9,False
0001__00012214__STEP__Part23,9,G0_only,0,3.476439034653722e-15,89.47548902548147,0.0,computed from source STEP with OCCT 7.9,False
0001__00012214__STEP__Part23,10,G0_only,0,4.493926824689287e-17,90.0,0.0,computed from source STEP with OCCT 7.9,False
0001__00012214__STEP__Part23,11,G0_only,0,4.163336342344337e-17,90.0,0.0,computed from source STEP with OCCT 7.9,False
0001__00012214__STEP__Part23,12,G0_only,0,4.163336342344337e-17,90.0,0.0,computed from source STEP with OCCT 7.9,False
0001__00012329__STEP__Part31,1,G0_only,0,4.784506156824892e-13,90.0,73.53485623576114,computed from source STEP with OCCT 7.9,False
0001__00012329__STEP__Part31,2,G2,2,0.0,3.3331432679728716e-14,0.282121149995767,computed from source STEP with OCCT 7.9,False
0001__00012329__STEP__Part31,3,G0_only,0,5.551115123125783e-17,90.0,73.53485623576114,computed from source STEP with OCCT 7.9,False
0001__00012329__STEP__Part31,4,G2,2,0.0,2.2263882770244617e-14,0.4692605482195944,computed from source STEP with OCCT 7.9,False
0001__00012329__STEP__Part31,5,G0_only,0,4.784506156824892e-13,90.0,68.47616210255248,computed from source STEP with OCCT 7.9,False
0001__00012329__STEP__Part31,6,G1_only,1,0.0,1.3216409547613777e-14,0.3137999637694726,computed from source STEP with OCCT 7.9,False
0001__00012329__STEP__Part31,7,G0_only,0,5.551115123125783e-17,90.0,68.47616210255248,computed from source STEP with OCCT 7.9,False
0001__00012329__STEP__Part31,8,G2,2,0.0,1.2704550744598537e-08,0.16859821725877638,computed from source STEP with OCCT 7.9,False
0001__00012329__STEP__Part31,9,G0_only,0,4.784506156824892e-13,90.0,68.68854234225402,computed from source STEP with OCCT 7.9,False
0001__00012329__STEP__Part31,10,G2,2,0.0,1.270453484182513e-08,0.2014953344943115,computed from source STEP with OCCT 7.9,False
0001__00012329__STEP__Part31,11,G0_only,0,5.551115123125783e-17,90.0,68.68854234225402,computed from source STEP with OCCT 7.9,False
0001__00012329__STEP__Part31,12,G2,2,0.0,1.4188626937608505e-14,0.07208456022025089,computed from source STEP with OCCT 7.9,False
0001__00012329__STEP__Part31,13,G0_only,0,4.784506156824892e-13,90.0,70.08927429867686,computed from source STEP with OCCT 7.9,False
0001__00012329__STEP__Part31,14,G0_only,0,5.551115123125783e-17,90.0,70.08927429867686,computed from source STEP with OCCT 7.9,False
0001__00012329__STEP__Part31,15,G1_only,2,0.0,1.18947688004792e-08,1.1321061941066262,computed from source STEP with OCCT 7.9,False
0001__00012329__STEP__Part31,16,G0_only,0,4.784506156824892e-13,90.0,69.09378252926437,computed from source STEP with OCCT 7.9,False
0001__00012329__STEP__Part31,17,G0_only,0,5.551115123125783e-17,90.0,69.09378252926437,computed from source STEP with OCCT 7.9,False
0001__00012329__STEP__Part31,18,G0_only,0,6.206335383118183e-17,90.0,72.6156648906024,computed from source STEP with OCCT 7.9,False
0001__00012329__STEP__Part31,19,G0_only,0,2.7755575615628914e-17,90.0,72.50523486482567,computed from source STEP with OCCT 7.9,False
0001__00012329__STEP__Part31,20,G0_only,0,5.551115123125783e-17,90.0,72.50523486482567,computed from source STEP with OCCT 7.9,False
0001__00012329__STEP__Part31,21,G0_only,0,5.551115123125783e-17,90.0,108.96459966529741,computed from source STEP with OCCT 7.9,False
0001__00012329__STEP__Part31,22,G0_only,0,6.206335383118183e-17,90.0,108.41969218422207,computed from source STEP with OCCT 7.9,False
0001__00012329__STEP__Part31,23,G0_only,0,2.7755575615628914e-17,90.0,138.13622363003714,computed from source STEP with OCCT 7.9,False
0001__00012329__STEP__Part31,24,G0_only,0,5.551115123125783e-17,90.0,141.00969969909832,computed from source STEP with OCCT 7.9,False
0001__00012329__STEP__Part31,25,G0_only,0,2.7755575615628914e-17,90.0,140.43573665591327,computed from source STEP with OCCT 7.9,False
0001__00012329__STEP__Part31,26,G0_only,0,6.206335383118183e-17,90.0,139.8007776968639,computed from source STEP with OCCT 7.9,False
0001__00012329__STEP__Part31,27,G0_only,0,4.784506164875586e-13,90.0,139.8007776968639,computed from source STEP with OCCT 7.9,False
0001__00012329__STEP__Part31,28,G2,2,0.0,5.92982614812058e-09,0.79973428977587,computed from source STEP with OCCT 7.9,False
0001__00012329__STEP__Part31,29,G1_only,1,0.0,1.7985148742117663e-14,0.7943610789484836,computed from source STEP with OCCT 7.9,False
0001__00012329__STEP__Part31,30,G0_only,0,4.784506132672807e-13,90.0,140.43573665591327,computed from source STEP with OCCT 7.9,False
0001__00012329__STEP__Part31,31,G2,1,0.0,1.2021356835473171e-14,0.23677402667340886,computed from source STEP with OCCT 7.9,False
0001__00012329__STEP__Part31,32,G0_only,0,4.784506164875586e-13,90.0,108.41969218422207,computed from source STEP with OCCT 7.9,False
0001__00012329__STEP__Part31,33,G2,2,0.0,2.3488183225444414e-08,0.17003908200756984,computed from source STEP with OCCT 7.9,False
0001__00012329__STEP__Part31,34,G1_only,1,0.0,1.2289794788282211e-14,0.40174935575233306,computed from source STEP with OCCT 7.9,False
0001__00012329__STEP__Part31,35,G0_only,0,4.784506156824892e-13,90.0,141.00969969909832,computed from source STEP with OCCT 7.9,False
0001__00012329__STEP__Part31,36,G2,1,0.0,5.987783622943278e-14,0.23221704870111637,computed from source STEP with OCCT 7.9,False
0001__00012329__STEP__Part31,37,G0_only,0,4.784506156824892e-13,90.0,72.50523486482567,computed from source STEP with OCCT 7.9,False
0001__00012329__STEP__Part31,38,G2,4,0.0,3.5428586589089835e-14,4.7452167952834325e-14,computed from source STEP with OCCT 7.9,False
0001__00012329__STEP__Part31,39,G0_only,0,4.784506132672807e-13,90.0,72.50523486482567,computed from source STEP with OCCT 7.9,False
0001__00012329__STEP__Part31,40,G0_only,0,4.784506164875586e-13,90.0,72.6156648906024,computed from source STEP with OCCT 7.9,False
0001__00012329__STEP__Part31,41,G0_only,0,4.784506156824892e-13,90.0,108.96459966529741,computed from source STEP with OCCT 7.9,False
0001__00012329__STEP__Part31,42,G0_only,0,4.784506132672807e-13,90.0,138.13622363003714,computed from source STEP with OCCT 7.9,False
0001__00012732__STEP__Part4,1,G1_only,1,0.0,6.323734035752723e-05,6.65481112276587,computed from source STEP with OCCT 7.9,False
0001__00012732__STEP__Part4,2,G0_only,0,7.874426741957982e-13,90.0,32.82557851758326,computed from source STEP with OCCT 7.9,False
0001__00012732__STEP__Part4,3,G0_only,0,1.5394182073784533e-13,72.4813987572176,78.657330924544,computed from source STEP with OCCT 7.9,False
0001__00012732__STEP__Part4,4,G0_only,0,7.581790994520845e-13,90.0,32.82557851758437,computed from source STEP with OCCT 7.9,False
0001__00012732__STEP__Part4,5,G1_only,1,3.026280844184858e-14,0.001344203296162288,1.1127733192914322,computed from source STEP with OCCT 7.9,False
0001__00012732__STEP__Part4,6,G0_only,0,1.1256831652010037e-12,90.0,30.36371981894928,computed from source STEP with OCCT 7.9,False
0001__00012732__STEP__Part4,7,G0_only,0,9.86994245400943e-13,90.0,30.36371981894954,computed from source STEP with OCCT 7.9,False
0001__00012732__STEP__Part4,8,G1_only,1,1.5275615124732926e-13,0.02163067062564248,286.9431218329911,computed from source STEP with OCCT 7.9,False
0001__00012732__STEP__Part4,9,G0_only,0,1.2146717422068757e-12,90.0,89.86626340577196,computed from source STEP with OCCT 7.9,False
0001__00012732__STEP__Part4,10,G1_only,1,2.950386538638308e-14,0.009485498200958837,147.83529649280348,computed from source STEP with OCCT 7.9,False
0001__00012732__STEP__Part4,11,G0_only,0,1.0679290635609108e-12,90.0,89.86626340577341,computed from source STEP with OCCT 7.9,False
0001__00012732__STEP__Part4,12,G0_only,0,1.0173288113763038e-12,89.99999999999999,109.8225693516473,computed from source STEP with OCCT 7.9,False
0001__00012732__STEP__Part4,13,G1_only,1,1.4930273172558606e-13,0.031628281476430986,116.94029551214885,computed from source STEP with OCCT 7.9,False
0001__00012732__STEP__Part4,14,G0_only,0,4.641969575447404e-13,89.99999999999999,109.8225693516845,computed from source STEP with OCCT 7.9,False
0001__00012732__STEP__Part4,15,G0_only,0,1.0350996037193567e-13,45.698694384842725,9.282912305913655,computed from source STEP with OCCT 7.9,False
0001__00012732__STEP__Part4,16,G0_only,0,1.188090624417046e-12,89.99999999999999,35.40359578368689,computed from source STEP with OCCT 7.9,False
0001__00012732__STEP__Part4,17,G0_only,0,1.7103020123347655e-12,89.99999999999999,35.40359578368689,computed from source STEP with OCCT 7.9,False
0001__00012732__STEP__Part4,18,G1_only,1,6.880399019899827e-14,0.0030624169721025045,0.7069624242097564,computed from source STEP with OCCT 7.9,False
0001__00012732__STEP__Part4,19,G0_only,0,6.568351249490817e-13,90.0,12.89540889708116,computed from source STEP with OCCT 7.9,False
0001__00012732__STEP__Part4,20,G1_only,1,1.3926900753345925e-13,0.034865604931422926,161.04231279064086,computed from source STEP with OCCT 7.9,False
0001__00012732__STEP__Part4,21,G0_only,0,1.4684959995338092e-12,90.0,12.895408897081548,computed from source STEP with OCCT 7.9,False
0001__00012732__STEP__Part4,22,G1_only,1,7.079209132750577e-14,0.001965204118515041,1.3778056515320705,computed from source STEP with OCCT 7.9,False
0001__00012732__STEP__Part4,23,G0_only,0,1.009548808330503e-12,89.99999999999999,12.497813111806892,computed from source STEP with OCCT 7.9,False
0001__00012732__STEP__Part4,24,G1_only,1,1.3530999152320028e-13,0.0008912444525505836,1.343169745572012,computed from source STEP with OCCT 7.9,False
0001__00012732__STEP__Part4,25,G0_only,0,9.026178806466275e-13,89.99999999999999,12.497813111806892,computed from source STEP with OCCT 7.9,False
0001__00012732__STEP__Part4,26,G0_only,0,1.3281497424670465e-12,90.0,141.44709588504287,computed from source STEP with OCCT 7.9,False
0001__00012732__STEP__Part4,27,G0_only,0,1.078920225476469e-12,90.0,141.44709588507055,computed from source STEP with OCCT 7.9,False
0001__00012732__STEP__Part4,28,G0_only,0,8.176533378364435e-13,90.0,12.560170228121313,computed from source STEP with OCCT 7.9,False
0001__00012732__STEP__Part4,29,G0_only,0,8.053631231649315e-13,90.0,12.560170228121542,computed from source STEP with OCCT 7.9,False
0001__00012732__STEP__Part4,30,G1_only,1,6.506565932283109e-14,0.011256446113957357,33.019029225501626,computed from source STEP with OCCT 7.9,False
0001__00012732__STEP__Part4,31,G0_only,0,1.085629118714215e-12,89.99999999999999,12.487121168282412,computed from source STEP with OCCT 7.9,False
0001__00012732__STEP__Part4,32,G0_only,0,1.1299902463498253e-12,89.99999999999999,12.487121168282503,computed from source STEP with OCCT 7.9,False
0001__00012732__STEP__Part4,33,G0_only,0,6.578154805910136e-13,90.0,68.39639648260419,computed from source STEP with OCCT 7.9,False
0001__00012732__STEP__Part4,34,G0_only,0,6.438275149799038e-13,90.0,68.39639648260419,computed from source STEP with OCCT 7.9,False
0001__00012732__STEP__Part4,35,G0_only,0,1.0497161451132444e-12,89.99999999999999,227.3270449447903,computed from source STEP with OCCT 7.9,False
0001__00012732__STEP__Part4,36,G0_only,0,1.0222991443551272e-12,89.99999999999999,227.3270449448318,computed from source STEP with OCCT 7.9,False
0001__00015930__STEP__Part13,1,G0_only,0,3.2976614195499345e-15,86.62771331657258,0.0,computed from source STEP with OCCT 7.9,False
0001__00015930__STEP__Part13,2,G0_only,0,0.0,75.96375653208742,0.0,computed from source STEP with OCCT 7.9,False
0001__00015930__STEP__Part13,3,G0_only,0,3.317342867752543e-15,86.62771331657274,0.0,computed from source STEP with OCCT 7.9,False
0001__00015930__STEP__Part13,4,G0_only,0,4.84279640466919e-13,14.03624346791258,0.0,computed from source STEP with OCCT 7.9,False
0001__00015930__STEP__Part13,5,G0_only,0,3.2581783028960286e-15,86.62771331657272,0.0,computed from source STEP with OCCT 7.9,False
0001__00015930__STEP__Part13,6,G0_only,0,4.858010089553005e-13,14.036243467912245,0.0,computed from source STEP with OCCT 7.9,False
0001__00015930__STEP__Part13,7,G0_only,0,0.0,75.96375653208776,0.0,computed from source STEP with OCCT 7.9,False
0001__00015930__STEP__Part13,8,G0_only,0,3.2971941632359274e-15,86.62771331657258,0.0,computed from source STEP with OCCT 7.9,False
0001__00015930__STEP__Part13,9,G0_only,0,4.843200337095324e-13,14.036243467912588,0.0,computed from source STEP with OCCT 7.9,False
0001__00015930__STEP__Part13,10,G0_only,0,0.0,75.96375653208742,0.0,computed from source STEP with OCCT 7.9,False
0001__00015930__STEP__Part13,11,G0_only,0,2.7755575615628914e-17,90.0,0.0,computed from source STEP with OCCT 7.9,False
0001__00015930__STEP__Part13,12,G0_only,0,2.7755575615628914e-17,14.036243467912591,0.0,computed from source STEP with OCCT 7.9,False
0001__00015930__STEP__Part13,13,G0_only,0,0.0,90.0,0.0,computed from source STEP with OCCT 7.9,False
0001__00015930__STEP__Part13,14,G0_only,0,5.551115123125783e-16,14.036243467912234,0.0,computed from source STEP with OCCT 7.9,False
0001__00015930__STEP__Part13,15,G0_only,0,1.1102230246251565e-16,89.99999999999999,0.0,computed from source STEP with OCCT 7.9,False
0001__00015930__STEP__Part13,16,G0_only,0,4.858010089553005e-13,14.036243467912925,0.0,computed from source STEP with OCCT 7.9,False
0001__00015930__STEP__Part13,17,G0_only,0,1.1443916996305594e-16,14.036243467912591,0.0,computed from source STEP with OCCT 7.9,False
0001__00015930__STEP__Part13,18,G0_only,0,1.1102230246251565e-16,90.0,0.0,computed from source STEP with OCCT 7.9,False
0001__00015930__STEP__Part13,19,G0_only,0,5.551115123125783e-16,14.036243467912922,0.0,computed from source STEP with OCCT 7.9,False
0001__00015930__STEP__Part13,20,G0_only,0,4.842594469568943e-13,75.96375653208742,0.0,computed from source STEP with OCCT 7.9,False
0001__00015930__STEP__Part13,21,G0_only,0,4.859019846933481e-13,75.96375653208776,0.0,computed from source STEP with OCCT 7.9,False
0001__00015930__STEP__Part13,22,G0_only,0,4.84279640466919e-13,75.96375653208742,0.0,computed from source STEP with OCCT 7.9,False
0001__00015930__STEP__Part13,23,G0_only,0,4.857942764931724e-13,75.96375653208707,0.0,computed from source STEP with OCCT 7.9,False
0001__00015930__STEP__Part13,24,G0_only,0,0.0,75.96375653208707,0.0,computed from source STEP with OCCT 7.9,False
0001__00015930__STEP__Part13,25,G0_only,0,7.059264953513443e-13,86.62771331657258,0.0,computed from source STEP with OCCT 7.9,False
0001__00015930__STEP__Part13,26,G0_only,0,2.9831756714991726e-15,86.62771331657258,0.0,computed from source STEP with OCCT 7.9,False
0001__00015930__STEP__Part13,27,G0_only,0,2.9831756714991726e-15,86.62771331657274,0.0,computed from source STEP with OCCT 7.9,False
0001__00015930__STEP__Part13,28,G0_only,0,2.9831756714991726e-15,86.62771331657274,0.0,computed from source STEP with OCCT 7.9,False
0001__00015994__STEP__Part12,1,G0_only,0,1.0820430602058739e-08,45.00000000313949,140.9070968048633,computed from source STEP with OCCT 7.9,False
0001__00015994__STEP__Part12,2,G0_only,0,1.1312638993139709e-08,45.00000000313949,140.9070967931443,computed from source STEP with OCCT 7.9,False
0001__00015994__STEP__Part12,3,G0_only,0,3.217904230080339e-10,45.00000000313948,80.72802832228528,computed from source STEP with OCCT 7.9,False
0001__00015994__STEP__Part12,4,G0_only,0,3.217802593950982e-10,45.00000000313948,80.72802832228528,computed from source STEP with OCCT 7.9,False
0001__00015994__STEP__Part12,5,G0_only,0,1.1848876035597528e-14,44.99999999686053,66.6791467791315,computed from source STEP with OCCT 7.9,False
0001__00015994__STEP__Part12,7,G0_only,0,2.2714995418711734e-13,44.99999999686054,66.67914678047485,computed from source STEP with OCCT 7.9,False
0001__00015994__STEP__Part12,9,G0_only,0,5.365958377380872e-13,44.99999999999893,66.67914678157261,computed from source STEP with OCCT 7.9,False
0001__00015994__STEP__Part12,10,G0_only,0,2.199689585149891e-13,44.99999999999893,66.67914678473058,computed from source STEP with OCCT 7.9,False
0001__00015994__STEP__Part12,12,G0_only,0,3.2179029092437096e-10,45.000000000001094,80.72802831796356,computed from source STEP with OCCT 7.9,False
0001__00015994__STEP__Part12,13,G0_only,0,3.2178012533988343e-10,45.000000000001094,80.72802831796356,computed from source STEP with OCCT 7.9,False
0001__00015994__STEP__Part12,14,G0_only,0,2.488706670605884e-10,44.99999999843027,140.9070968714026,computed from source STEP with OCCT 7.9,False
0001__00015994__STEP__Part12,15,G0_only,0,2.488799012869823e-10,44.99999999843026,140.9070968714026,computed from source STEP with OCCT 7.9,False
0001__00015994__STEP__Part12,16,G0_only,0,2.7366232209534104e-13,45.00000000156975,130.743425065718,computed from source STEP with OCCT 7.9,False
0001__00015994__STEP__Part12,17,G0_only,0,1.1772532714214482e-13,45.00000000156975,130.74342506595616,computed from source STEP with OCCT 7.9,False
0001__00015994__STEP__Part12,20,G0_only,0,1.1772894131381182e-13,44.99999999686053,130.74342505327462,computed from source STEP with OCCT 7.9,False
0001__00015994__STEP__Part12,21,G0_only,0,2.7365355053588024e-13,44.99999999686053,130.7434250530498,computed from source STEP with OCCT 7.9,False
0001__00017255__STEP__Part200,1,G0_only,0,7.094142693995641e-15,90.0,91.46687669503888,computed from source STEP with OCCT 7.9,False
0001__00017255__STEP__Part200,3,G0_only,0,4.1995738575641077e-13,90.0,91.46687669503888,computed from source STEP with OCCT 7.9,False
0001__00017255__STEP__Part200,4,G0_only,0,7.346791289360201e-15,90.0,82.32018902553499,computed from source STEP with OCCT 7.9,False
0001__00017255__STEP__Part200,6,G0_only,0,4.199617296052647e-13,90.0,82.32018902553499,computed from source STEP with OCCT 7.9,False
0001__00017255__STEP__Part27,1,G0_only,0,3.3999830861958114e-13,90.0,102.90023628191874,computed from source STEP with OCCT 7.9,False
0001__00017255__STEP__Part27,3,G0_only,0,5.000071587009018e-13,90.0,102.90023628191874,computed from source STEP with OCCT 7.9,False
0001__00017255__STEP__Part27,4,G0_only,0,3.3999374071350437e-13,90.0,196.0004500607822,computed from source STEP with OCCT 7.9,False
0001__00017255__STEP__Part27,6,G0_only,0,5.00003941663233e-13,90.0,196.0004500607822,computed from source STEP with OCCT 7.9,False
0001__00017465__STEP__Part1,1,G0_only,0,1.2401192427479034e-13,90.0,1.6700481266441214,computed from source STEP with OCCT 7.9,False
0001__00017465__STEP__Part1,3,G0_only,0,1.2401193612097362e-13,90.0,1.6700481266441214,computed from source STEP with OCCT 7.9,False
0001__00017465__STEP__Part1,4,G0_only,0,0.0,90.0,0.0,computed from source STEP with OCCT 7.9,False
0001__00017465__STEP__Part1,5,G0_only,0,1.1102230246251565e-16,90.0,0.0,computed from source STEP with OCCT 7.9,False
0001__00017465__STEP__Part1,6,G0_only,0,1.30657479091936e-18,90.0,0.0,computed from source STEP with OCCT 7.9,False
0001__00017465__STEP__Part1,7,G0_only,0,1.30657479091936e-18,90.0,0.0,computed from source STEP with OCCT 7.9,False
0001__00017465__STEP__Part1,8,G0_only,0,1.30657479091936e-18,90.0,0.0,computed from source STEP with OCCT 7.9,False
0001__00017465__STEP__Part1,9,G0_only,0,0.0,90.0,0.0,computed from source STEP with OCCT 7.9,False
0001__00017465__STEP__Part1,10,G0_only,0,2.220446049250313e-16,89.99999999999999,0.0,computed from source STEP with OCCT 7.9,False
0001__00017465__STEP__Part1,11,G0_only,0,1.1102230246251565e-16,90.0,0.0,computed from source STEP with OCCT 7.9,False
0001__00017465__STEP__Part1,12,G0_only,0,1.30657479091936e-18,90.0,0.0,computed from source STEP with OCCT 7.9,False
0001__00017465__STEP__Part1,13,G0_only,0,1.30657479091936e-18,90.0,0.0,computed from source STEP with OCCT 7.9,False
0001__00017465__STEP__Part1,14,G0_only,0,1.84777578957295e-18,90.0,0.0,computed from source STEP with OCCT 7.9,False
0001__00017465__STEP__Part1,15,G0_only,0,1.30657479091936e-18,90.0,0.0,computed from source STEP with OCCT 7.9,False
0001__00017509__STEP__Part9,1,G0_only,0,4.100798220448601e-13,90.0,26.538469219414548,computed from source STEP with OCCT 7.9,False
0001__00017509__STEP__Part9,2,G0_only,0,9.757219859310725e-15,90.0,21.23077537553389,computed from source STEP with OCCT 7.9,False
0001__00017509__STEP__Part9,4,G0_only,0,9.757219859310725e-15,90.0,21.23077537553389,computed from source STEP with OCCT 7.9,False
0001__00017509__STEP__Part9,5,G0_only,0,3.907133362350329e-15,90.0,26.538469219414548,computed from source STEP with OCCT 7.9,False
0001__00017509__STEP__Part9,7,G0_only,0,3.913536161803677e-15,90.0,26.538469219414544,computed from source STEP with OCCT 7.9,False
0001__00017509__STEP__Part9,8,G0_only,0,6.6079841155321464e-15,90.0,50.54946517984873,computed from source STEP with OCCT 7.9,False
0001__00017509__STEP__Part9,9,G0_only,0,1.101936551348195e-13,90.0,50.54946517984873,computed from source STEP with OCCT 7.9,False
0001__00017681__STEP__Part10,1,G0_only,0,4.0997668667867245e-13,90.0,64.11900691909685,computed from source STEP with OCCT 7.9,False
0001__00017681__STEP__Part10,2,G0_only,0,4.09949852782432e-13,90.0,24.66115650734056,computed from source STEP with OCCT 7.9,False
0001__00017681__STEP__Part10,3,G0_only,0,4.690692279041286e-15,90.0,64.11900691909685,computed from source STEP with OCCT 7.9,False
0001__00017681__STEP__Part10,4,G0_only,0,2.7755575615628914e-17,90.0,24.66115650734056,computed from source STEP with OCCT 7.9,False
0001__00018567__STEP__Part5,1,G0_only,0,5.600138518607306e-13,90.0,109.03789810971594,computed from source STEP with OCCT 7.9,False
0001__00018567__STEP__Part5,2,G1_only,1,0.0,7.318305679895465e-14,15.368948505608486,computed from source STEP with OCCT 7.9,False
0001__00018567__STEP__Part5,3,G0_only,0,1.7997412542932206e-13,90.0,109.03789810971594,computed from source STEP with OCCT 7.9,False
0001__00018567__STEP__Part5,4,G1_only,1,0.0,9.552456615988442e-15,8.138689799767569,computed from source STEP with OCCT 7.9,False
0001__00018567__STEP__Part5,5,G0_only,0,5.60013854611991e-13,90.0,95.3758789787429,computed from source STEP with OCCT 7.9,False
0001__00018567__STEP__Part5,6,G0_only,0,0.0,48.7744603323813,49.62614031887297,computed from source STEP with OCCT 7.9,False
0001__00018567__STEP__Part5,7,G0_only,0,1.799741339902411e-13,90.0,95.37587897874292,computed from source STEP with OCCT 7.9,False
0001__00018567__STEP__Part5,8,G0_only,0,1.0408340855860843e-16,90.0,0.0,computed from source STEP with OCCT 7.9,False
0001__00018567__STEP__Part5,9,G0_only,0,0.0,46.68208197387616,26.319067348435276,computed from source STEP with OCCT 7.9,False
0001__00018567__STEP__Part5,10,G0_only,0,1.734723475976807e-17,90.0,0.0,computed from source STEP with OCCT 7.9,False
0001__00018567__STEP__Part5,11,G0_only,0,5.60013854611991e-13,90.0,108.55771392896739,computed from source STEP with OCCT 7.9,False
0001__00018567__STEP__Part5,12,G1_only,1,0.0,5.3486546632540144e-14,43.861530267318685,computed from source STEP with OCCT 7.9,False
0001__00018567__STEP__Part5,13,G0_only,0,1.799741339902411e-13,90.0,108.55771392896739,computed from source STEP with OCCT 7.9,False
0001__00018567__STEP__Part5,14,G0_only,0,5.60013854611991e-13,90.0,126.30123335593919,computed from source STEP with OCCT 7.9,False
0001__00018567__STEP__Part5,15,G0_only,0,1.799741339902411e-13,90.0,126.30123335593922,computed from source STEP with OCCT 7.9,False
0001__00019511__STEP__Part50,1,G0_only,0,6.039852770198835e-17,90.0,83.4089992177118,computed from source STEP with OCCT 7.9,False
0001__00019511__STEP__Part50,2,G0_only,0,2.2207502826427676e-15,90.0,94.78295365648566,computed from source STEP with OCCT 7.9,False
0001__00019511__STEP__Part50,3,G0_only,0,9.454706215693326e-14,90.0,83.4089992177118,computed from source STEP with OCCT 7.9,False
0001__00019511__STEP__Part50,4,G0_only,0,9.663562422417002e-14,90.0,94.78295365648566,computed from source STEP with OCCT 7.9,False
0002__00020616__STEP__Part101,1,G0_fail,1,9.377282990416101e-06,0.07750320208887877,35.24920589426244,computed from source STEP with OCCT 7.9,False
0002__00020616__STEP__Part101,3,G1_only,1,1.4463601326851608e-10,4.2701564383139316e-11,35.26463851360596,computed from source STEP with OCCT 7.9,False
0002__00020616__STEP__Part101,4,G1_only,1,1.446382405942851e-10,3.8247512378647776e-11,35.26013815111214,computed from source STEP with OCCT 7.9,False
0002__00020616__STEP__Part101,5,G0_fail,1,9.37728299042501e-06,0.0775032020485493,35.2762078795794,computed from source STEP with OCCT 7.9,False
0002__00020616__STEP__Part101,6,G0_fail,1,9.377282990403226e-06,0.07750320207032022,35.24920589435378,computed from source STEP with OCCT 7.9,False
0002__00020616__STEP__Part101,7,G0_fail,1,9.377282990396097e-06,0.07750320207032659,35.276207879486094,computed from source STEP with OCCT 7.9,False
0002__00020616__STEP__Part101,9,G1_only,1,1.4463699908493957e-10,1.6403932045096848e-11,35.260138150860755,computed from source STEP with OCCT 7.9,False
0002__00020616__STEP__Part101,10,G1_only,1,1.446370605064636e-10,1.6399342977417596e-11,35.26463851385522,computed from source STEP with OCCT 7.9,False
0002__00020956__STEP__Part6,1,G0_only,0,1.3877787807814457e-17,90.0,0.0,computed from source STEP with OCCT 7.9,False
0002__00020956__STEP__Part6,2,G0_only,0,0.0,90.0,0.0,computed from source STEP with OCCT 7.9,False
0002__00020956__STEP__Part6,3,G0_only,0,5.551115123125783e-17,90.0,0.0,computed from source STEP with OCCT 7.9,False
0002__00020956__STEP__Part6,4,G0_only,0,0.0,90.0,0.0,computed from source STEP with OCCT 7.9,False
0002__00020956__STEP__Part6,5,G0_only,0,2.7755575615628914e-17,89.99999999999997,0.0,computed from source STEP with OCCT 7.9,False
0002__00020956__STEP__Part6,6,G0_only,0,4.163336342344337e-17,90.0,0.0,computed from source STEP with OCCT 7.9,False
0002__00020956__STEP__Part6,7,G0_only,0,5.551115123125783e-17,89.99999999999997,0.0,computed from source STEP with OCCT 7.9,False
0002__00020956__STEP__Part6,8,G0_only,0,1.1102230258930133e-16,90.0,0.0,computed from source STEP with OCCT 7.9,False
0002__00020956__STEP__Part6,9,G0_only,0,5.3058531039933625e-21,90.0,0.0,computed from source STEP with OCCT 7.9,False
0002__00020956__STEP__Part6,10,G0_only,0,5.551115148482919e-17,90.0,0.0,computed from source STEP with OCCT 7.9,False
0002__00020956__STEP__Part6,11,G0_only,0,5.3058531039933625e-21,90.0,0.0,computed from source STEP with OCCT 7.9,False
0002__00020956__STEP__Part6,12,G0_only,0,5.3058531039933625e-21,90.0,0.0,computed from source STEP with OCCT 7.9,False
0002__00020956__STEP__Part6,13,G0_only,0,5.3058531039933625e-21,90.0,0.0,computed from source STEP with OCCT 7.9,False
0002__00020956__STEP__Part6,14,G0_only,0,1.2018260064106117e-17,90.0,0.0,computed from source STEP with OCCT 7.9,False
0002__00020956__STEP__Part6,15,G0_only,0,5.3058531039933625e-21,90.0,0.0,computed from source STEP with OCCT 7.9,False
0002__00020956__STEP__Part6,16,G0_only,0,5.551115123125783e-17,89.99999999999993,0.0,computed from source STEP with OCCT 7.9,False
0002__00020956__STEP__Part6,17,G0_only,0,0.0,90.0,0.0,computed from source STEP with OCCT 7.9,False
0002__00020956__STEP__Part6,18,G0_only,0,1.8595289149293984e-18,90.0,0.0,computed from source STEP with OCCT 7.9,False
0002__00020956__STEP__Part6,19,G0_only,0,1.2018258892885058e-17,90.0,0.0,computed from source STEP with OCCT 7.9,False
0002__00020956__STEP__Part6,20,G0_only,0,1.8595289149293984e-18,90.0,0.0,computed from source STEP with OCCT 7.9,False
0002__00020956__STEP__Part6,21,G0_only,0,0.0,90.0,0.0,computed from source STEP with OCCT 7.9,False
0002__00020956__STEP__Part6,22,G0_only,0,0.0,90.0,0.0,computed from source STEP with OCCT 7.9,False
0002__00020956__STEP__Part6,23,G0_only,0,1.1102230246251565e-16,90.0,0.0,computed from source STEP with OCCT 7.9,False
0002__00020956__STEP__Part6,24,G0_only,0,0.0,90.0,0.0,computed from source STEP with OCCT 7.9,False
0002__00020956__STEP__Part6,25,G0_only,0,1.3877787807814457e-17,90.0,0.0,computed from source STEP with OCCT 7.9,False
0002__00020956__STEP__Part6,26,G0_only,0,5.551115123125783e-17,89.99999999999997,0.0,computed from source STEP with OCCT 7.9,False
0002__00020956__STEP__Part6,27,G0_only,0,5.551115123125783e-17,89.99999999999997,0.0,computed from source STEP with OCCT 7.9,False
0002__00020956__STEP__Part6,28,G0_only,0,1.3877787807814457e-17,90.0,0.0,computed from source STEP with OCCT 7.9,False
0002__00020956__STEP__Part6,29,G0_only,0,5.551115123125783e-17,89.99999999999993,0.0,computed from source STEP with OCCT 7.9,False
0002__00020956__STEP__Part6,30,G0_only,0,0.0,90.0,0.0,computed from source STEP with OCCT 7.9,False
0002__00021449__STEP__Part218,1,G0_only,0,2.671299442163646e-13,90.0,1.2908720792117545,computed from source STEP with OCCT 7.9,False
0002__00021449__STEP__Part218,2,G0_only,0,8.507851358143703e-14,90.0,0.0,computed from source STEP with OCCT 7.9,False
0002__00021449__STEP__Part218,3,G0_only,0,1.8079240595532138e-13,90.0,1.8070705107464602,computed from source STEP with OCCT 7.9,False
0002__00021449__STEP__Part218,4,G0_only,0,1.1102230246251565e-16,90.0,0.0,computed from source STEP with OCCT 7.9,False
0002__00021449__STEP__Part218,5,G0_only,0,3.677634926090254e-12,89.80209554773266,1.2908720792117543,computed from source STEP with OCCT 7.9,False
0002__00021449__STEP__Part218,6,G0_only,0,3.805237173733365e-12,89.62748576668658,1.290872079211754,computed from source STEP with OCCT 7.9,False
0002__00021449__STEP__Part218,7,G0_only,0,2.527083581608804e-13,90.0,1.2908720792117545,computed from source STEP with OCCT 7.9,False
0002__00021449__STEP__Part218,8,G0_only,0,3.411667204353871e-12,89.47851994931838,1.8070705107464597,computed from source STEP with OCCT 7.9,False
0002__00021449__STEP__Part218,9,G0_only,0,1.5871043204037813e-13,90.0,1.8070705107464602,computed from source STEP with OCCT 7.9,False
0002__00021449__STEP__Part218,10,G0_only,0,3.794953203850367e-12,89.72295629613173,1.8070705107464597,computed from source STEP with OCCT 7.9,False
0002__00021449__STEP__Part218,11,G0_only,0,8.507851358143703e-14,90.0,0.0,computed from source STEP with OCCT 7.9,False
0002__00021449__STEP__Part218,12,G0_only,0,1.1102230246251565e-16,90.0,0.0,computed from source STEP with OCCT 7.9,False
0002__00021869__STEP__Part1,1,G0_only,0,4.440892098500626e-14,90.0,4.6666678845176515,computed from source STEP with OCCT 7.9,False
0002__00021869__STEP__Part1,3,G0_only,0,7.181161359212652e-14,90.0,4.6666678845176515,computed from source STEP with OCCT 7.9,False
0002__00021869__STEP__Part1,4,G0_only,0,4.386900002846594e-08,90.0,1.0000001754780308,computed from source STEP with OCCT 7.9,False
0002__00021869__STEP__Part1,6,G0_only,0,4.274500008024312e-08,90.0,1.0000001754780308,computed from source STEP with OCCT 7.9,False
0002__00021869__STEP__Part1,7,G0_only,0,1.183497776796823e-13,90.0,1.7500004566941194,computed from source STEP with OCCT 7.9,False
0002__00021869__STEP__Part1,9,G0_only,0,1.183498264992809e-13,90.0,1.7500004566941194,computed from source STEP with OCCT 7.9,False
0002__00021869__STEP__Part1,10,G0_only,0,8.870690651223721e-14,90.0,2.3333339422588257,computed from source STEP with OCCT 7.9,False
0002__00021869__STEP__Part1,12,G0_only,0,8.870683703649425e-14,90.0,2.3333339422588257,computed from source STEP with OCCT 7.9,False
0002__00022128__STEP__Part10,1,G0_only,0,1.859127793865865e-13,90.0,1.7984767198880853,computed from source STEP with OCCT 7.9,False
0002__00022128__STEP__Part10,2,G0_only,0,3.4431295757005335e-13,90.0,1.798476719888085,computed from source STEP with OCCT 7.9,False
0002__00022128__STEP__Part10,4,G0_fail,0,0.0026807870910575226,0.34606856121517904,224.18130256611397,computed from source STEP with OCCT 7.9,False
0002__00022128__STEP__Part10,5,G0_fail,0,0.002680787091111785,0.34606856122217405,224.18130256611397,computed from source STEP with OCCT 7.9,False
0002__00022128__STEP__Part10,6,G1_only,1,4.56442948192349e-13,1.776021734129228e-11,225.3078417749889,computed from source STEP with OCCT 7.9,False
0002__00022194__STEP__Part10,1,G0_only,0,7.736552388640163e-08,88.17557487702074,646.5836378577544,computed from source STEP with OCCT 7.9,False
0002__00022194__STEP__Part10,2,G0_only,0,1.806320244288777e-09,90.0,7.276495346440825,computed from source STEP with OCCT 7.9,False
0002__00022194__STEP__Part10,3,G0_only,0,7.480941034152352e-08,88.16673785867549,646.5829441360653,computed from source STEP with OCCT 7.9,False
0002__00022194__STEP__Part10,4,G0_only,0,4.692362514642007e-10,80.01928963707674,7.276495346440825,computed from source STEP with OCCT 7.9,False
0002__00022194__STEP__Part10,5,G0_only,0,8.087559045312554e-08,88.17557487762309,646.5836378579073,computed from source STEP with OCCT 7.9,False
0002__00022194__STEP__Part10,6,G0_only,0,1.7763579446604704e-09,90.0,7.276495346440825,computed from source STEP with OCCT 7.9,False
0002__00022194__STEP__Part10,7,G0_only,0,7.235763779075641e-08,88.16673785774053,646.582944136345,computed from source STEP with OCCT 7.9,False
0002__00022194__STEP__Part10,8,G0_only,0,7.4430104814169e-10,80.01928964118848,7.276495346440827,computed from source STEP with OCCT 7.9,False
0002__00022194__STEP__Part10,9,G1_only,1,6.164840705430227e-13,5.9285539262479955e-12,648.8496507431471,computed from source STEP with OCCT 7.9,False
0002__00022194__STEP__Part10,10,G0_only,0,7.498634910304302e-08,88.38693832355956,646.914125684606,computed from source STEP with OCCT 7.9,False
0002__00022194__STEP__Part10,11,G1_only,1,2.2043102396174443e-09,4.544376528875073e-11,648.8496507431471,computed from source STEP with OCCT 7.9,False
0002__00022194__STEP__Part10,12,G1_only,1,5.234783180774492e-13,5.1372319214998724e-11,648.8496507431472,computed from source STEP with OCCT 7.9,False
0002__00022194__STEP__Part10,13,G0_only,0,1.7765692307137639e-09,89.99999999999999,6.392607396484346,computed from source STEP with OCCT 7.9,False
0002__00022194__STEP__Part10,14,G0_only,0,7.744192445011961e-08,88.39494580909846,646.9035421132559,computed from source STEP with OCCT 7.9,False
0002__00022194__STEP__Part10,15,G0_only,0,7.449938651418699e-10,81.2418740707878,6.392607396484344,computed from source STEP with OCCT 7.9,False
0002__00022194__STEP__Part10,16,G0_only,0,7.274982127575503e-08,88.38693832328538,646.9141256841117,computed from source STEP with OCCT 7.9,False
0002__00022194__STEP__Part10,17,G0_only,0,1.8063003905253864e-09,89.99999999999999,6.392607396484346,computed from source STEP with OCCT 7.9,False
0002__00022194__STEP__Part10,18,G0_only,0,8.038948252207717e-08,88.39494580966974,646.9035421133756,computed from source STEP with OCCT 7.9,False
0002__00022194__STEP__Part10,19,G0_only,0,4.5666303680613577e-10,81.24187406849518,6.392607396484346,computed from source STEP with OCCT 7.9,False
0002__00022194__STEP__Part10,20,G1_only,1,2.2043099522041706e-09,2.3714215704991982e-11,648.8496507431472,computed from source STEP with OCCT 7.9,False
0002__00022194__STEP__Part10,21,G1_only,1,3.9915270518627907e-13,3.238758836038545e-11,648.8496507431473,computed from source STEP with OCCT 7.9,False
0002__00022194__STEP__Part10,22,G1_only,1,4.1340139470985524e-13,1.7807925732521435e-11,648.8496507431473,computed from source STEP with OCCT 7.9,False
0002__00022194__STEP__Part10,23,G1_only,1,2.0026315128397074e-09,1.1857107852495991e-11,648.8496507431473,computed from source STEP with OCCT 7.9,False
0002__00022194__STEP__Part10,24,G1_only,1,2.0028468801778287e-09,2.3714215704991982e-11,648.8496507431473,computed from source STEP with OCCT 7.9,False
0002__00022215__STEP__Part61,1,G0_fail,1,9.377283364281916e-06,0.07750320208807886,35.24920589426254,computed from source STEP with OCCT 7.9,False
0002__00022215__STEP__Part61,3,G1_only,1,1.4463603140182896e-10,4.25716162829803e-11,35.26463851352102,computed from source STEP with OCCT 7.9,False
0002__00022215__STEP__Part61,4,G1_only,1,1.4463827221395134e-10,3.824987614844767e-11,35.26013815119707,computed from source STEP with OCCT 7.9,False
0002__00022215__STEP__Part61,5,G0_fail,1,9.377283364336458e-06,0.07750320204854612,35.276207879579545,computed from source STEP with OCCT 7.9,False
0002__00022215__STEP__Part61,6,G0_fail,1,9.377282498364135e-06,0.07750320207032341,35.249205894353835,computed from source STEP with OCCT 7.9,False
0002__00022215__STEP__Part61,7,G0_fail,1,9.377282498355209e-06,0.07750320207032341,35.27620787948615,computed from source STEP with OCCT 7.9,False
0002__00022215__STEP__Part61,9,G1_only,1,1.4513680772212464e-10,1.6403932121410046e-11,35.26013815118531,computed from source STEP with OCCT 7.9,False
0002__00022215__STEP__Part61,10,G1_only,1,1.4513675196616848e-10,1.6393212860855278e-11,35.264638513530784,computed from source STEP with OCCT 7.9,False
0002__00022273__STEP__Part17,1,G0_only,0,1.2269977904200236e-17,90.0,0.0,computed from source STEP with OCCT 7.9,False
0002__00022273__STEP__Part17,2,G0_only,0,1.2662222565358395e-19,89.99999999999999,0.0,computed from source STEP with OCCT 7.9,False
0002__00022273__STEP__Part17,3,G0_only,0,1.2269686557491234e-17,90.0,0.0,computed from source STEP with OCCT 7.9,False
0002__00022273__STEP__Part17,4,G0_only,0,1.4189370520090435e-12,53.02090494595705,2.9026787111973715,computed from source STEP with OCCT 7.9,False
0002__00022273__STEP__Part17,5,G0_only,0,4.250080927227199e-17,90.0,0.0,computed from source STEP with OCCT 7.9,False
0002__00022273__STEP__Part17,6,G0_only,0,8.673617379884035e-19,90.0,0.0,computed from source STEP with OCCT 7.9,False
0002__00022273__STEP__Part17,7,G0_only,0,4.2500725161431774e-17,90.0,0.0,computed from source STEP with OCCT 7.9,False
0002__00022273__STEP__Part17,8,G0_only,0,3.157337165824515e-15,90.0,2.9026787111973724,computed from source STEP with OCCT 7.9,False
0002__00022273__STEP__Part17,9,G0_only,0,3.130387220462781e-15,90.0,2.9026787111973724,computed from source STEP with OCCT 7.9,False
0002__00022273__STEP__Part17,10,G1_only,1,1.0000333895274088e-12,2.5444437451708134e-14,2.9026787111973715,computed from source STEP with OCCT 7.9,False
0002__00022273__STEP__Part17,11,G0_only,0,8.455501452269423e-20,90.0,0.0,computed from source STEP with OCCT 7.9,False
0002__00022273__STEP__Part17,12,G0_only,0,2.4860608808002204e-13,39.947137195598884,0.0,computed from source STEP with OCCT 7.9,False
0002__00022273__STEP__Part17,13,G0_only,0,0.0,90.0,0.0,computed from source STEP with OCCT 7.9,False
0002__00022273__STEP__Part17,14,G0_only,0,0.0,89.99999999999999,0.0,computed from source STEP with OCCT 7.9,False
0002__00022273__STEP__Part17,15,G0_only,0,8.455501452269423e-20,90.0,0.0,computed from source STEP with OCCT 7.9,False
0002__00022273__STEP__Part17,16,G0_only,0,1.9647952214394466e-13,50.05286280440113,0.0,computed from source STEP with OCCT 7.9,False
0002__00022273__STEP__Part17,17,G0_only,0,0.0,90.0,0.0,computed from source STEP with OCCT 7.9,False
0002__00022273__STEP__Part17,18,G0_only,0,8.455501452269423e-20,90.0,0.0,computed from source STEP with OCCT 7.9,False
0002__00022273__STEP__Part17,19,G0_only,0,0.0,89.99999999999997,0.0,computed from source STEP with OCCT 7.9,False
0002__00022273__STEP__Part17,20,G0_only,0,0.0,90.0,0.0,computed from source STEP with OCCT 7.9,False
0002__00022273__STEP__Part17,21,G0_only,0,8.455501452269423e-20,90.0,0.0,computed from source STEP with OCCT 7.9,False
0002__00022273__STEP__Part17,22,G0_only,0,0.0,89.99999999999999,0.0,computed from source STEP with OCCT 7.9,False
0002__00022273__STEP__Part17,23,G0_only,0,0.0,90.0,0.0,computed from source STEP with OCCT 7.9,False
0002__00022273__STEP__Part17,24,G0_only,0,8.455501452269423e-20,90.0,0.0,computed from source STEP with OCCT 7.9,False
0002__00022273__STEP__Part17,25,G0_only,0,1.6906490858363103e-12,24.352797047658072,1.3147729371693662,computed from source STEP with OCCT 7.9,False
0002__00022273__STEP__Part17,26,G0_only,0,0.0,90.0,0.0,computed from source STEP with OCCT 7.9,False
0002__00022273__STEP__Part17,27,G0_only,0,1.1243544890843593e-13,90.0,1.3147729371693662,computed from source STEP with OCCT 7.9,False
0002__00022273__STEP__Part17,28,G1_only,1,1.0124385699993712e-12,2.373966014244369e-11,1.314772937169366,computed from source STEP with OCCT 7.9,False
0002__00022273__STEP__Part17,29,G0_only,0,1.124346953453997e-13,90.0,1.3147729371693662,computed from source STEP with OCCT 7.9,False
0002__00022273__STEP__Part17,30,G0_only,0,8.455501452269423e-20,90.0,0.0,computed from source STEP with OCCT 7.9,False
0002__00022273__STEP__Part17,31,G0_only,0,0.0,90.0,0.0,computed from source STEP with OCCT 7.9,False
0002__00022273__STEP__Part17,32,G0_only,0,1.1102233466122388e-16,90.0,0.0,computed from source STEP with OCCT 7.9,False
0002__00022273__STEP__Part17,33,G0_only,0,1.1102230246251565e-16,90.0,0.0,computed from source STEP with OCCT 7.9,False
0002__00022273__STEP__Part17,34,G0_only,0,1.1211468303779313e-16,89.99999999999999,0.0,computed from source STEP with OCCT 7.9,False
0002__00022273__STEP__Part17,35,G0_only,0,1.6480089937996766e-17,90.0,0.0,computed from source STEP with OCCT 7.9,False
0002__00022273__STEP__Part17,36,G0_only,0,1.6479873021779667e-17,90.0,0.0,computed from source STEP with OCCT 7.9,False
0002__00022330__STEP__Part1089,1,G0_only,0,1.000088900582341e-12,90.0,0.0,computed from source STEP with OCCT 7.9,False
0002__00022330__STEP__Part1089,2,G0_only,0,8.680450961706103e-13,60.21897755171691,0.0,computed from source STEP with OCCT 7.9,False
0002__00022330__STEP__Part1089,3,G0_only,0,1.000088900582341e-12,90.0,0.0,computed from source STEP with OCCT 7.9,False
0002__00022330__STEP__Part1089,4,G0_only,0,1.000088900582341e-12,90.0,0.0,computed from source STEP with OCCT 7.9,False
0002__00022330__STEP__Part1089,5,G0_only,0,4.967408319307512e-13,90.0,0.0,computed from source STEP with OCCT 7.9,False
0002__00022330__STEP__Part1089,6,G0_only,0,9.280385557955823e-13,60.2189775517169,0.0,computed from source STEP with OCCT 7.9,False
0002__00022330__STEP__Part1089,7,G0_only,0,4.967408319307512e-13,90.0,0.0,computed from source STEP with OCCT 7.9,False
0002__00022330__STEP__Part1089,8,G0_only,0,1.1102230246251565e-16,90.0,0.0,computed from source STEP with OCCT 7.9,False
0002__00022330__STEP__Part1089,9,G0_only,0,1.1102230246251565e-16,90.0,0.0,computed from source STEP with OCCT 7.9,False
0002__00022330__STEP__Part1089,10,G0_only,0,0.0,90.0,0.0,computed from source STEP with OCCT 7.9,False
0002__00022330__STEP__Part1089,11,G0_only,0,9.999778782798785e-13,90.0,0.0,computed from source STEP with OCCT 7.9,False
0002__00022330__STEP__Part1089,12,G0_only,0,9.999778782798785e-13,90.0,0.0,computed from source STEP with OCCT 7.9,False
0002__00022330__STEP__Part1089,13,G0_only,0,9.999778782798785e-13,90.0,0.0,computed from source STEP with OCCT 7.9,False
0002__00022330__STEP__Part1089,14,G0_only,0,1.1102230246251565e-16,90.0,0.0,computed from source STEP with OCCT 7.9,False
0002__00022330__STEP__Part1089,15,G0_only,0,0.0,90.0,0.0,computed from source STEP with OCCT 7.9,False
0002__00022330__STEP__Part1089,16,G0_only,0,1.1102230246251565e-16,90.0,0.0,computed from source STEP with OCCT 7.9,False
0002__00022330__STEP__Part1089,17,G0_only,0,0.0,90.0,0.0,computed from source STEP with OCCT 7.9,False
0002__00022330__STEP__Part1089,18,G0_only,0,0.0,90.0,0.0,computed from source STEP with OCCT 7.9,False
0002__00026076__STEP__Part41,1,G0_only,0,5.551115123125783e-17,90.0,0.0,computed from source STEP with OCCT 7.9,False
0002__00026076__STEP__Part41,2,G0_only,0,1.3908911316884266e-13,59.99999999997612,0.0,computed from source STEP with OCCT 7.9,False
0002__00026076__STEP__Part41,3,G0_only,0,5.551115123125783e-17,90.0,0.0,computed from source STEP with OCCT 7.9,False
0002__00026076__STEP__Part41,4,G1_only,1,1.7383725382050584e-13,7.153067478611449e-12,1.9988317041684645,computed from source STEP with OCCT 7.9,False
0002__00026076__STEP__Part41,5,G0_only,0,5.551115123125783e-17,90.0,0.0,computed from source STEP with OCCT 7.9,False
0002__00026076__STEP__Part41,6,G0_only,0,6.403583643935823e-14,90.0,1.9988317041684645,computed from source STEP with OCCT 7.9,False
0002__00026076__STEP__Part41,7,G0_only,0,3.0031085055311897e-13,90.0,1.9988317041684645,computed from source STEP with OCCT 7.9,False
0002__00026076__STEP__Part41,8,G1_only,1,3.7070059633406206e-13,4.929859756268451e-14,1.9988317041684645,computed from source STEP with OCCT 7.9,False
0002__00026076__STEP__Part41,9,G0_only,0,5.551115123125783e-17,90.0,0.0,computed from source STEP with OCCT 7.9,False
0002__00027426__STEP__Part1,1,G0_only,0,1.3050672835054608e-13,90.0,1.5862262299690733,computed from source STEP with OCCT 7.9,False
0002__00027426__STEP__Part1,3,G0_only,0,6.04288902865137e-13,90.0,1.5862262299690733,computed from source STEP with OCCT 7.9,False
0002__00027426__STEP__Part1,4,G0_only,0,1.1288964777936343e-13,90.0,1.4703375556322835,computed from source STEP with OCCT 7.9,False
0002__00027426__STEP__Part1,5,G0_only,0,1.1288964777936343e-13,90.0,1.4703375556322835,computed from source STEP with OCCT 7.9,False
0002__00027616__STEP__Part2,1,G0_only,0,8.324000427654933e-09,16.14124654996788,13.63191121800969,computed from source STEP with OCCT 7.9,False
0002__00027616__STEP__Part2,2,G0_only,0,2.3083329577117267e-14,45.00000000014621,10.018095819361996,computed from source STEP with OCCT 7.9,False
0002__00027616__STEP__Part2,3,G0_only,0,8.323933928787312e-09,16.14124654995989,13.631911218009673,computed from source STEP with OCCT 7.9,False
0002__00027616__STEP__Part2,4,unknown,0,6.442941410669701e-15,44.999999999853806,13.972430228835304,computed from source STEP with OCCT 7.9,False
0002__00027616__STEP__Part2,5,G0_only,0,5.072463871434641e-13,21.147038166686585,16.466666940814342,computed from source STEP with OCCT 7.9,False
0002__00027616__STEP__Part2,6,G0_only,0,5.448952238616004e-13,21.147038166653,16.466666940814342,computed from source STEP with OCCT 7.9,False
0002__00027616__STEP__Part2,7,unknown,0,1.0001087453293014e-12,90.0,16.466666940814342,computed from source STEP with OCCT 7.9,False
0002__00027616__STEP__Part2,8,G0_only,0,0.0,45.0,0.0,computed from source STEP with OCCT 7.9,False
0002__00027616__STEP__Part2,9,G0_only,0,0.0,90.0,0.0,computed from source STEP with OCCT 7.9,False
0002__00027616__STEP__Part2,10,G0_only,0,0.0,45.0,0.0,computed from source STEP with OCCT 7.9,False
0002__00027726__STEP__Part193,1,G0_fail,0,1.9617523702816195e-07,85.37713426666441,53.14833864773756,computed from source STEP with OCCT 7.9,False
0002__00027726__STEP__Part193,2,G0_only,0,6.783083358796219e-14,90.0,0.0,computed from source STEP with OCCT 7.9,False
0002__00027726__STEP__Part193,3,G0_fail,0,1.9617522867396982e-07,85.37713426654443,53.14833864754418,computed from source STEP with OCCT 7.9,False
0002__00027726__STEP__Part193,4,G0_only,0,6.448660935733663e-13,90.0,0.0,computed from source STEP with OCCT 7.9,False
0002__00027726__STEP__Part193,5,G0_only,0,2.6287571653055344e-08,45.00000000000001,54.16801243926774,computed from source STEP with OCCT 7.9,False
0002__00027726__STEP__Part193,6,G0_only,0,2.628758505222859e-08,45.00000000000001,54.16801243932212,computed from source STEP with OCCT 7.9,False
0002__00027726__STEP__Part193,7,G0_only,0,5.1479546379372785e-09,45.00000000000001,54.168012439300924,computed from source STEP with OCCT 7.9,False
0002__00027726__STEP__Part193,8,G0_only,0,3.125423342830692e-13,90.0,0.0,computed from source STEP with OCCT 7.9,False
0002__00027726__STEP__Part193,9,G0_fail,0,1.8998619151984429e-07,85.4495207299356,53.1483278725095,computed from source STEP with OCCT 7.9,False
0002__00027726__STEP__Part193,10,G0_only,0,4.1578792023137435e-13,90.0,0.0,computed from source STEP with OCCT 7.9,False
0002__00027726__STEP__Part193,11,G0_fail,0,1.8998622993494427e-07,85.44952072979076,53.14832787253167,computed from source STEP with OCCT 7.9,False
0002__00027726__STEP__Part193,12,G0_only,0,1.3644111189947462e-12,45.00000000000001,46.958259471691015,computed from source STEP with OCCT 7.9,False
0002__00027726__STEP__Part193,13,G0_only,0,1.3357679221787863e-12,45.00000000000001,46.95825947160655,computed from source STEP with OCCT 7.9,False
0002__00027726__STEP__Part193,14,G0_only,0,8.685915961822753e-09,90.0,63.73032476164466,computed from source STEP with OCCT 7.9,False
0002__00027726__STEP__Part193,15,G0_only,0,8.685915954428612e-09,90.0,63.73032476164466,computed from source STEP with OCCT 7.9,False
0002__00027726__STEP__Part193,16,G0_fail,0,7.478991758911699e-08,90.0,119.0566506567892,computed from source STEP with OCCT 7.9,False
0002__00027726__STEP__Part193,18,G0_fail,0,1.3971763361553847e-07,90.0,63.73032476164466,computed from source STEP with OCCT 7.9,False
0002__00027726__STEP__Part193,19,G0_only,0,6.540266585671535e-09,90.0,84.64183757001332,computed from source STEP with OCCT 7.9,False
0002__00027726__STEP__Part193,20,G0_only,0,6.540266539489704e-09,90.0,84.64183757001334,computed from source STEP with OCCT 7.9,False
0002__00027726__STEP__Part193,22,G0_fail,0,1.0519944293359876e-07,90.0,84.64183757001337,computed from source STEP with OCCT 7.9,False
0002__00027726__STEP__Part193,23,G0_only,0,8.68591595374569e-09,90.0,63.73032476164466,computed from source STEP with OCCT 7.9,False
0002__00027726__STEP__Part193,24,G0_only,0,8.68591594635155e-09,90.0,63.73032476164466,computed from source STEP with OCCT 7.9,False
0002__00027726__STEP__Part193,26,G0_only,0,6.136619654513671e-13,45.00000000000001,38.77266130220319,computed from source STEP with OCCT 7.9,False
0002__00027726__STEP__Part193,28,G0_only,0,2.920061573825738e-09,90.0,189.59771614655665,computed from source STEP with OCCT 7.9,False
0002__00027726__STEP__Part193,30,G0_fail,0,4.6964589083946665e-08,90.0,189.5977161465566,computed from source STEP with OCCT 7.9,False
0002__00027726__STEP__Part193,31,G0_only,0,2.920080494066946e-09,90.0,189.5977161465566,computed from source STEP with OCCT 7.9,False
0002__00027726__STEP__Part193,32,G0_only,0,4.649407484360085e-09,90.0,119.05665065678923,computed from source STEP with OCCT 7.9,False
0002__00027726__STEP__Part193,33,G0_only,0,4.649407582273052e-09,90.0,119.05665065678923,computed from source STEP with OCCT 7.9,False
0002__00027726__STEP__Part315,1,G0_only,0,6.245673135753621e-13,90.0,0.0,computed from source STEP with OCCT 7.9,False
0002__00027726__STEP__Part315,2,G0_only,0,4.311518177031048e-13,90.0,0.0,computed from source STEP with OCCT 7.9,False
0002__00027726__STEP__Part315,3,G0_only,0,3.701491066207642e-10,90.0,93.30596269102875,computed from source STEP with OCCT 7.9,False
0002__00027726__STEP__Part315,4,G0_only,0,5.613555006074373e-13,90.0,0.0,computed from source STEP with OCCT 7.9,False
0002__00027726__STEP__Part315,5,G0_only,0,3.7733580817777303e-13,90.0,0.0,computed from source STEP with OCCT 7.9,False
0002__00027726__STEP__Part315,6,G0_only,0,2.2832536324991879e-10,90.0,151.6781729172517,computed from source STEP with OCCT 7.9,False
0002__00027726__STEP__Part315,7,G0_only,0,4.975373317655539e-13,90.0,0.0,computed from source STEP with OCCT 7.9,False
0002__00027726__STEP__Part315,8,G0_only,0,2.274123301411254e-10,90.0,151.67817296326064,computed from source STEP with OCCT 7.9,False
0002__00027726__STEP__Part315,9,G0_only,0,3.3550395158575465e-13,90.0,0.0,computed from source STEP with OCCT 7.9,False
0002__00027726__STEP__Part315,10,G0_only,0,4.5358552608450424e-13,90.0,0.0,computed from source STEP with OCCT 7.9,False
0002__00027726__STEP__Part315,11,G0_only,0,3.708310319262094e-10,90.0,93.30596267361616,computed from source STEP with OCCT 7.9,False
0002__00027726__STEP__Part315,12,G0_only,0,4.0233284723658965e-13,90.0,0.0,computed from source STEP with OCCT 7.9,False
0002__00027726__STEP__Part315,13,G0_only,0,3.940976219203687e-09,90.0,140.44275273271649,computed from source STEP with OCCT 7.9,False
0002__00027726__STEP__Part315,14,G0_only,0,3.941222207864009e-09,90.0,140.4427527327143,computed from source STEP with OCCT 7.9,False
0002__00027726__STEP__Part315,15,G0_only,0,3.942215221543945e-09,90.0,140.44275269326684,computed from source STEP with OCCT 7.9,False
0002__00027726__STEP__Part315,16,G0_only,0,3.941461077614385e-09,90.0,140.4427527327143,computed from source STEP with OCCT 7.9,False
0002__00027726__STEP__Part315,17,G0_only,0,4.1944084609577417e-13,90.0,0.0,computed from source STEP with OCCT 7.9,False
0002__00027726__STEP__Part315,18,G0_only,0,6.357226066412792e-13,90.0,0.0,computed from source STEP with OCCT 7.9,False
0002__00027726__STEP__Part315,19,G0_only,0,4.471585773713049e-13,90.0,0.0,computed from source STEP with OCCT 7.9,False
0002__00027726__STEP__Part315,20,G0_only,0,3.701510011110977e-10,90.0,93.30596269102875,computed from source STEP with OCCT 7.9,False
0002__00027726__STEP__Part315,21,G0_only,0,5.73741145003794e-13,90.0,0.0,computed from source STEP with OCCT 7.9,False
0002__00027726__STEP__Part315,22,G0_only,0,3.9552650422090686e-13,90.0,0.0,computed from source STEP with OCCT 7.9,False
0002__00027726__STEP__Part315,23,G0_only,0,2.283232375869085e-10,90.0,151.6781729172517,computed from source STEP with OCCT 7.9,False
0002__00027726__STEP__Part315,24,G0_only,0,5.114707224352385e-13,90.0,0.0,computed from source STEP with OCCT 7.9,False
0002__00027726__STEP__Part315,25,G0_only,0,2.2741476699010784e-10,90.0,151.67817296326064,computed from source STEP with OCCT 7.9,False
0002__00027726__STEP__Part315,26,G0_only,0,3.558395775313566e-13,90.0,0.0,computed from source STEP with OCCT 7.9,False
0002__00027726__STEP__Part315,27,G0_only,0,4.688269754199244e-13,90.0,0.0,computed from source STEP with OCCT 7.9,False
0002__00027726__STEP__Part315,28,G0_only,0,3.708310105263681e-10,90.0,93.30596267361615,computed from source STEP with OCCT 7.9,False
0002__00027726__STEP__Part315,29,G0_only,0,3.941460655405223e-09,90.0,140.4427527327143,computed from source STEP with OCCT 7.9,False
0002__00027726__STEP__Part315,30,G0_only,0,3.942224134048383e-09,90.0,140.44275269326684,computed from source STEP with OCCT 7.9,False
0002__00027726__STEP__Part315,31,G0_only,0,3.9412214702200155e-09,90.0,140.4427527327143,computed from source STEP with OCCT 7.9,False
0002__00027726__STEP__Part315,32,G0_only,0,3.9409851721593974e-09,90.0,140.4427527327165,computed from source STEP with OCCT 7.9,False
0002__00027726__STEP__Part315,33,G1_only,1,6.182581625797365e-13,1.5605073489132598e-10,151.6781729632606,computed from source STEP with OCCT 7.9,False
0002__00027726__STEP__Part315,34,G1_only,1,3.385622294916467e-14,1.5009673652762629e-10,151.6781729632606,computed from source STEP with OCCT 7.9,False
0002__00027726__STEP__Part315,35,G2,4,1.0003275706697047e-12,3.892051319706261e-10,3.945901806468703e-08,computed from source STEP with OCCT 7.9,False
0002__00027726__STEP__Part315,36,G2,4,1.000346977498124e-12,4.702316318357194e-10,3.9461096228631665e-08,computed from source STEP with OCCT 7.9,False
0002__00027726__STEP__Part315,37,G0_only,0,2.3165131904403987e-13,90.0,0.0,computed from source STEP with OCCT 7.9,False
0002__00027726__STEP__Part315,38,G1_only,1,3.391701972597058e-14,8.32033104670856e-11,93.30596267361615,computed from source STEP with OCCT 7.9,False
0002__00027726__STEP__Part315,39,G1_only,1,1.2543140403193133e-12,1.776021734129228e-11,93.30596269102874,computed from source STEP with OCCT 7.9,False
0002__00027726__STEP__Part315,40,G1_only,1,1.844282709295534e-13,2.3688771267540272e-11,93.30596269102874,computed from source STEP with OCCT 7.9,False
0002__00027726__STEP__Part315,41,G0_only,0,3.179978961500255e-13,90.0,0.0,computed from source STEP with OCCT 7.9,False
0002__00027726__STEP__Part315,42,G1_only,1,2.0904135314529774e-13,2.3688771267540272e-11,151.67817291725166,computed from source STEP with OCCT 7.9,False
0002__00027726__STEP__Part315,43,G1_only,1,1.0158591044739909e-12,1.776021734129228e-11,151.67817291725166,computed from source STEP with OCCT 7.9,False
0002__00027726__STEP__Part315,44,G0_only,0,2.578416085522014e-13,90.0,0.0,computed from source STEP with OCCT 7.9,False
0002__00027726__STEP__Part315,45,G2,4,2.42031165737973e-14,3.8920513197062614e-10,6.756714520056571e-10,computed from source STEP with OCCT 7.9,False
0002__00027726__STEP__Part315,46,G2,4,2.919886554764162e-14,4.702316318357194e-10,7.339539485549653e-10,computed from source STEP with OCCT 7.9,False
0002__00027726__STEP__Part315,47,G1_only,1,5.434733576146961e-13,8.91573088307853e-11,93.30596267361615,computed from source STEP with OCCT 7.9,False
0002__00027726__STEP__Part315,48,G0_only,0,2.0548975232221316e-13,90.0,0.0,computed from source STEP with OCCT 7.9,False
0002__00027982__STEP__Part1357,1,G0_fail,0,2.246239919324691e-07,90.0,137.50117354918572,computed from source STEP with OCCT 7.9,False
0002__00027982__STEP__Part1357,2,G0_only,0,2.7755575615628914e-17,90.0,0.0,computed from source STEP with OCCT 7.9,False
0002__00027982__STEP__Part1357,3,G0_fail,0,2.246241203879499e-07,90.0,137.50117354918575,computed from source STEP with OCCT 7.9,False
0002__00027982__STEP__Part1357,4,G0_fail,0,2.246240649476264e-07,90.0,137.50117354918572,computed from source STEP with OCCT 7.9,False
0002__00027982__STEP__Part1357,5,G0_only,0,2.7755575615628914e-17,90.0,0.0,computed from source STEP with OCCT 7.9,False
0002__00027982__STEP__Part1357,6,G0_fail,0,2.2462350156024946e-07,90.0,137.50117354918572,computed from source STEP with OCCT 7.9,False
0002__00027982__STEP__Part1357,7,G1_only,1,6.70375294885279e-13,2.370018228639491e-11,137.50117354918572,computed from source STEP with OCCT 7.9,False
0002__00027982__STEP__Part1357,8,G0_only,0,8.750222768583171e-13,90.0,0.0,computed from source STEP with OCCT 7.9,False
0002__00027982__STEP__Part1357,9,G1_only,1,6.824282697231438e-13,3.516096644358562e-10,137.50117354918572,computed from source STEP with OCCT 7.9,False
0002__00027982__STEP__Part1357,10,G1_only,1,4.1365347499525416e-13,2.3700182285966676e-11,137.50117354918572,computed from source STEP with OCCT 7.9,False
0002__00027982__STEP__Part1357,11,G0_only,0,2.7755575615628914e-17,90.0,0.0,computed from source STEP with OCCT 7.9,False
0002__00027982__STEP__Part1357,12,G1_only,1,4.591452822428803e-13,3.3195514770471113e-10,137.50117354918572,computed from source STEP with OCCT 7.9,False
0002__00027982__STEP__Part1357,13,G0_only,0,7.690160636206878e-13,90.0,137.50117354918575,computed from source STEP with OCCT 7.9,False
0002__00027982__STEP__Part1357,14,G0_only,0,7.104775185485433e-13,90.0,137.50117354918575,computed from source STEP with OCCT 7.9,False
0003__00032063__STEP__Part26,1,G0_only,0,7.609091204154493e-17,90.0,0.0,computed from source STEP with OCCT 7.9,False
0003__00032063__STEP__Part26,2,G0_only,0,0.0,90.0,0.0,computed from source STEP with OCCT 7.9,False
0003__00032063__STEP__Part26,3,G0_only,0,5.551115123125783e-17,90.0,0.0,computed from source STEP with OCCT 7.9,False
0003__00032063__STEP__Part26,4,G0_only,0,0.0,89.99999999999999,0.0,computed from source STEP with OCCT 7.9,False
0003__00032063__STEP__Part26,5,G0_only,0,0.0,90.0,0.0,computed from source STEP with OCCT 7.9,False
0003__00032063__STEP__Part26,6,G0_only,0,0.0,90.0,0.0,computed from source STEP with OCCT 7.9,False
0003__00032063__STEP__Part26,7,G0_only,0,0.0,90.0,0.0,computed from source STEP with OCCT 7.9,False
0003__00032063__STEP__Part26,8,G0_only,0,0.0,90.0,0.0,computed from source STEP with OCCT 7.9,False
0003__00032063__STEP__Part26,9,G0_only,0,0.0,90.0,0.0,computed from source STEP with OCCT 7.9,False
0003__00032063__STEP__Part26,10,G0_only,0,5.551115123125783e-17,90.0,0.0,computed from source STEP with OCCT 7.9,False
0003__00032063__STEP__Part26,11,G0_only,0,0.0,90.0,0.0,computed from source STEP with OCCT 7.9,False
0003__00032063__STEP__Part26,12,G0_only,0,5.204170427930421e-17,90.0,0.0,computed from source STEP with OCCT 7.9,False
0003__00032063__STEP__Part26,13,G0_only,0,0.0,89.99999999999999,0.0,computed from source STEP with OCCT 7.9,False
0003__00032063__STEP__Part26,14,G0_only,0,5.204170427930421e-17,90.0,0.0,computed from source STEP with OCCT 7.9,False
0003__00032063__STEP__Part26,15,G0_only,0,0.0,90.0,0.0,computed from source STEP with OCCT 7.9,False
0003__00032063__STEP__Part26,16,G0_only,0,5.204170427930421e-17,90.0,0.0,computed from source STEP with OCCT 7.9,False
0003__00032063__STEP__Part26,17,G0_only,0,0.0,89.99999999999999,0.0,computed from source STEP with OCCT 7.9,False
0003__00032063__STEP__Part26,18,G0_only,0,5.204170427930421e-17,90.0,0.0,computed from source STEP with OCCT 7.9,False
0003__00032063__STEP__Part26,19,G0_only,0,0.0,89.99999999999999,0.0,computed from source STEP with OCCT 7.9,False
0003__00032063__STEP__Part26,20,G0_only,0,5.204170427930421e-17,90.0,0.0,computed from source STEP with OCCT 7.9,False
0003__00032063__STEP__Part26,21,G0_only,0,0.0,90.0,0.0,computed from source STEP with OCCT 7.9,False
0003__00032063__STEP__Part26,22,G0_only,0,5.204170427930421e-17,90.0,0.0,computed from source STEP with OCCT 7.9,False
0003__00032063__STEP__Part26,23,G0_only,0,0.0,90.0,0.0,computed from source STEP with OCCT 7.9,False
0003__00032063__STEP__Part26,24,G0_only,0,7.609091204154493e-17,90.0,0.0,computed from source STEP with OCCT 7.9,False
0003__00032516__STEP__Part426,1,G0_only,0,1.734723475976807e-18,89.99999999999999,0.0,computed from source STEP with OCCT 7.9,False
0003__00032516__STEP__Part426,2,G0_only,0,1.1364925903516483e-14,89.99999999999997,0.0,computed from source STEP with OCCT 7.9,False
0003__00032516__STEP__Part426,3,G0_only,0,8.673617379884035e-19,89.99999999999999,0.0,computed from source STEP with OCCT 7.9,False
0003__00032516__STEP__Part426,4,G0_only,0,1.1817296684344657e-14,90.0,0.0,computed from source STEP with OCCT 7.9,False
0003__00032516__STEP__Part426,5,G0_only,0,1.734723475976807e-18,89.99999999999999,0.0,computed from source STEP with OCCT 7.9,False
0003__00032516__STEP__Part426,6,G0_only,0,1.7489256338727046e-15,90.0,0.0,computed from source STEP with OCCT 7.9,False
0003__00032516__STEP__Part426,7,G0_only,0,3.469906623223544e-15,90.0,0.0,computed from source STEP with OCCT 7.9,False
0003__00032516__STEP__Part426,8,G0_only,0,1.1392379578752595e-14,89.99999999999997,0.0,computed from source STEP with OCCT 7.9,False
0003__00032516__STEP__Part426,9,G0_only,0,1.250715175041833e-15,90.0,0.0,computed from source STEP with OCCT 7.9,False
0003__00032516__STEP__Part426,10,G0_only,0,1.1790767087340353e-14,90.0,0.0,computed from source STEP with OCCT 7.9,False
0003__00032516__STEP__Part426,11,G0_only,0,1.734723475976807e-18,89.99999999999999,0.0,computed from source STEP with OCCT 7.9,False
0003__00032516__STEP__Part426,12,G0_only,0,3.469897950744352e-15,90.0,0.0,computed from source STEP with OCCT 7.9,False
0003__00033047__STEP__Part9,1,G0_only,0,6.800200405441667e-13,90.0,16.77290269262764,computed from source STEP with OCCT 7.9,False
0003__00033047__STEP__Part9,2,G2,2,1.3877787807814457e-17,1.304027419400042e-13,0.05808541973442516,computed from source STEP with OCCT 7.9,False
0003__00033047__STEP__Part9,3,G0_only,0,3.3876089377132055e-15,90.0,16.77290269262764,computed from source STEP with OCCT 7.9,False
0003__00033047__STEP__Part9,4,G1_only,1,0.0,0.0,6.552152240574473,computed from source STEP with OCCT 7.9,False
0003__00033047__STEP__Part9,5,G0_only,0,0.0,90.0,0.0,computed from source STEP with OCCT 7.9,False
0003__00033047__STEP__Part9,6,G0_only,0,0.0,90.0,0.0,computed from source STEP with OCCT 7.9,False
0003__00033047__STEP__Part9,7,G0_only,0,0.0,90.0,0.0,computed from source STEP with OCCT 7.9,False
0003__00033047__STEP__Part9,8,G0_only,0,0.0,90.0,0.0,computed from source STEP with OCCT 7.9,False
0003__00033047__STEP__Part9,9,G0_only,0,0.0,90.0,0.0,computed from source STEP with OCCT 7.9,False
0003__00033047__STEP__Part9,10,G0_only,0,0.0,90.0,0.0,computed from source STEP with OCCT 7.9,False
0003__00033047__STEP__Part9,11,G0_only,0,2.7755575615628914e-17,90.0,0.0,computed from source STEP with OCCT 7.9,False
0003__00033047__STEP__Part9,12,G0_only,0,2.7755575615628914e-17,90.0,0.0,computed from source STEP with OCCT 7.9,False
0003__00033047__STEP__Part9,13,G1_only,1,5.551115123125783e-17,5.2890565316695634e-14,7.564804309808907,computed from source STEP with OCCT 7.9,False
0003__00033047__STEP__Part9,14,G0_only,0,6.800237391664821e-13,90.0,16.9452585557421,computed from source STEP with OCCT 7.9,False
0003__00033047__STEP__Part9,15,G0_only,0,4.0627801550626396e-15,90.0,16.9452585557421,computed from source STEP with OCCT 7.9,False
0003__00033047__STEP__Part9,16,G2,2,6.206335383118183e-17,9.951764765018456e-10,0.11861451213043495,computed from source STEP with OCCT 7.9,False
0003__00033047__STEP__Part9,17,G0_only,0,6.800299245562365e-13,90.0,32.42210016595844,computed from source STEP with OCCT 7.9,False
0003__00033047__STEP__Part9,18,G1_only,1,2.7755575615628914e-17,3.0626139474337606e-14,0.3171878047474799,computed from source STEP with OCCT 7.9,False
0003__00033047__STEP__Part9,19,G0_only,0,4.991857829050648e-15,90.0,32.42210016595844,computed from source STEP with OCCT 7.9,False
0003__00033047__STEP__Part9,20,G1_only,1,0.0,0.0,13.97201600522578,computed from source STEP with OCCT 7.9,False
0003__00033047__STEP__Part9,21,G0_only,0,0.0,90.0,0.0,computed from source STEP with OCCT 7.9,False
0003__00033047__STEP__Part9,22,G0_only,0,0.0,90.0,0.0,computed from source STEP with OCCT 7.9,False
0003__00033047__STEP__Part9,23,G0_only,0,0.0,90.0,0.0,computed from source STEP with OCCT 7.9,False
0003__00033047__STEP__Part9,24,G0_only,0,0.0,90.0,0.0,computed from source STEP with OCCT 7.9,False
0003__00033047__STEP__Part9,25,G0_only,0,0.0,90.0,0.0,computed from source STEP with OCCT 7.9,False
0003__00033047__STEP__Part9,26,G0_only,0,0.0,90.0,0.0,computed from source STEP with OCCT 7.9,False
0003__00033047__STEP__Part9,27,G0_only,0,0.0,90.0,0.0,computed from source STEP with OCCT 7.9,False
0003__00033047__STEP__Part9,28,G0_only,0,0.0,90.0,0.0,computed from source STEP with OCCT 7.9,False
0003__00033047__STEP__Part9,29,G1_only,1,5.551115123125783e-17,8.658969911879822e-14,12.301013022726178,computed from source STEP with OCCT 7.9,False
0003__00033047__STEP__Part9,30,G0_only,0,6.80027572365914e-13,90.0,31.160132418373244,computed from source STEP with OCCT 7.9,False
0003__00033047__STEP__Part9,31,G0_only,0,4.660421708717058e-15,90.0,31.160132418373244,computed from source STEP with OCCT 7.9,False
0003__00033047__STEP__Part9,32,G0_only,0,6.800198075630343e-13,90.0,17.41629605661671,computed from source STEP with OCCT 7.9,False
0003__00033047__STEP__Part9,33,G0_only,0,3.340513536984109e-15,90.0,17.41629605661671,computed from source STEP with OCCT 7.9,False
0003__00033047__STEP__Part9,34,G1_only,1,2.7755575615628914e-17,3.141726187812902e-14,0.7370978165395172,computed from source STEP with OCCT 7.9,False
0003__00033047__STEP__Part9,35,G0_only,0,6.800245140425669e-13,90.0,17.56036413212522,computed from source STEP with OCCT 7.9,False
0003__00033047__STEP__Part9,36,G0_only,0,4.19047150735326e-15,90.0,17.56036413212522,computed from source STEP with OCCT 7.9,False
0003__00033293__STEP__Part37,1,G0_only,0,4.385273726872695e-13,44.9999999998538,44.205136149795045,computed from source STEP with OCCT 7.9,False
0003__00033293__STEP__Part37,3,G0_only,0,3.097557368209782e-13,45.00000000014621,38.62310200966623,computed from source STEP with OCCT 7.9,False
0003__00033293__STEP__Part37,4,G0_only,0,3.0986681753212564e-13,45.00000000014621,38.62310201031096,computed from source STEP with OCCT 7.9,False
0003__00033293__STEP__Part37,5,G0_only,0,8.251297025471073e-13,45.00000000014621,38.62310200965575,computed from source STEP with OCCT 7.9,False
0003__00033293__STEP__Part37,7,G0_only,0,6.096238678325562e-13,44.9999999998538,44.20513615150757,computed from source STEP with OCCT 7.9,False
0003__00033293__STEP__Part37,9,G0_only,0,3.244130047728071e-13,45.00000000014623,26.160714428177073,computed from source STEP with OCCT 7.9,False
0003__00033293__STEP__Part37,11,G0_only,0,4.3854847395971285e-13,44.999999999853806,30.72831511926056,computed from source STEP with OCCT 7.9,False
0003__00033293__STEP__Part37,13,G0_only,0,4.387624007874074e-13,90.0,43.00016482013744,computed from source STEP with OCCT 7.9,False
0003__00033890__STEP__Part11,1,G0_only,0,2.70027587541629e-13,90.0,82.50000009999825,computed from source STEP with OCCT 7.9,False
0003__00033890__STEP__Part11,2,G0_only,0,2.703102228448311e-13,90.0,22.000000026671042,computed from source STEP with OCCT 7.9,False
0003__00033890__STEP__Part11,3,G0_only,0,3.395381664423308e-15,90.0,82.50000009999825,computed from source STEP with OCCT 7.9,False
0003__00033890__STEP__Part11,4,G0_only,0,1.2815894721681833e-14,90.0,22.000000026671042,computed from source STEP with OCCT 7.9,False
0003__00034165__STEP__Part14,1,G0_only,0,9.633515684944537e-14,90.0,19.236851118489405,computed from source STEP with OCCT 7.9,False
0003__00034165__STEP__Part14,3,G0_only,0,9.441487323690202e-14,90.0,19.236851118489405,computed from source STEP with OCCT 7.9,False
0003__00034165__STEP__Part14,4,G0_only,0,1.0454829764060972e-13,90.0,9.618425559244702,computed from source STEP with OCCT 7.9,False
0003__00034165__STEP__Part14,6,G0_only,0,1.06494656953184e-13,90.0,9.618425559244702,computed from source STEP with OCCT 7.9,False
0003__00035413__STEP__Part1,1,G0_only,0,2.1002062606097703e-17,90.0,0.0,computed from source STEP with OCCT 7.9,False
0003__00035413__STEP__Part1,2,G1_only,1,1.0164697508442619e-14,5.925045571598728e-12,5.142857157142883,computed from source STEP with OCCT 7.9,False
0003__00035413__STEP__Part1,3,G0_only,0,6.125019525482882e-18,90.0,0.0,computed from source STEP with OCCT 7.9,False
0003__00035413__STEP__Part1,4,G1_only,1,4.703123462795944e-14,2.7701089720704784e-11,5.142857157142883,computed from source STEP with OCCT 7.9,False
0003__00035413__STEP__Part1,5,unknown,0,1.1464269005560388e-13,90.0,5.142857157142885,computed from source STEP with OCCT 7.9,False
0003__00035413__STEP__Part1,6,G1_only,1,2.1215883425740428e-13,1.7800581152247893e-11,5.142857157142883,computed from source STEP with OCCT 7.9,False
0003__00035413__STEP__Part1,7,unknown,0,2.8504976157250894e-14,90.0,5.142857157142885,computed from source STEP with OCCT 7.9,False
0003__00035413__STEP__Part1,8,G0_only,0,1.1493728677400357e-13,90.0,5.142857157142884,computed from source STEP with OCCT 7.9,False
0003__00035413__STEP__Part1,9,G0_only,0,2.966761152350692e-14,90.0,5.142857157142884,computed from source STEP with OCCT 7.9,False
0003__00035413__STEP__Part1,10,G1_only,1,2.121608100257103e-13,1.7800581152247893e-11,5.142857157142883,computed from source STEP with OCCT 7.9,False
0003__00035413__STEP__Part1,11,G0_only,0,2.0089070897453197e-17,90.0,0.0,computed from source STEP with OCCT 7.9,False
0003__00035413__STEP__Part1,12,G0_only,0,0.0,90.0,0.0,computed from source STEP with OCCT 7.9,False
0003__00036094__STEP__Part1,1,G0_only,0,1.2202571205265079e-14,90.0,27.43545193238817,computed from source STEP with OCCT 7.9,False
0003__00036094__STEP__Part1,3,G0_only,0,1.6047550828210039e-13,90.0,27.43545193238817,computed from source STEP with OCCT 7.9,False
0003__00036094__STEP__Part1,4,G0_only,0,2.4363422161625242e-14,90.0,13.717725966194084,computed from source STEP with OCCT 7.9,False
0003__00036094__STEP__Part1,6,G0_only,0,1.6185506588860443e-13,90.0,13.717725966194084,computed from source STEP with OCCT 7.9,False
0003__00036335__STEP__Part6,1,G0_only,0,4.649001798849253e-13,89.99999999999999,0.0,computed from source STEP with OCCT 7.9,False
0003__00036335__STEP__Part6,2,G0_only,0,1.742514429028145e-13,71.56505117707799,0.0,computed from source STEP with OCCT 7.9,False
0003__00036335__STEP__Part6,3,G0_only,0,5.723868437704883e-17,89.99999999999999,0.0,computed from source STEP with OCCT 7.9,False
0003__00036335__STEP__Part6,4,G0_only,0,5.551115123125783e-17,71.56505117707799,0.0,computed from source STEP with OCCT 7.9,False
0003__00036335__STEP__Part6,5,G0_only,0,1.3877787807814457e-17,90.0,0.0,computed from source STEP with OCCT 7.9,False
0003__00036335__STEP__Part6,6,G0_only,0,1.3956327532550818e-17,90.0,0.0,computed from source STEP with OCCT 7.9,False
0003__00036335__STEP__Part6,7,G0_only,0,5.721958498152797e-17,90.0,0.0,computed from source STEP with OCCT 7.9,False
0003__00036335__STEP__Part6,8,G0_only,0,0.0,90.0,0.0,computed from source STEP with OCCT 7.9,False
0003__00036335__STEP__Part6,9,G0_only,0,5.551115123125783e-17,90.0,0.0,computed from source STEP with OCCT 7.9,False
0003__00036335__STEP__Part6,10,G0_only,0,1.2563053707332874e-18,90.0,0.0,computed from source STEP with OCCT 7.9,False
0003__00036335__STEP__Part6,11,G0_only,0,6.938893903907228e-18,90.0,0.0,computed from source STEP with OCCT 7.9,False
0003__00036335__STEP__Part6,12,G0_only,0,1.3877787807814457e-17,90.0,0.0,computed from source STEP with OCCT 7.9,False
0003__00036335__STEP__Part6,13,G0_only,0,3.558222034492105e-13,89.99999999999999,0.0,computed from source STEP with OCCT 7.9,False
0003__00036335__STEP__Part6,14,G0_only,0,0.0,90.0,0.0,computed from source STEP with OCCT 7.9,False
0003__00036335__STEP__Part6,15,G0_only,0,1.626566722547086e-13,89.99999999999999,0.0,computed from source STEP with OCCT 7.9,False
0003__00036335__STEP__Part6,16,G0_only,0,1.3877787807814457e-17,90.0,0.0,computed from source STEP with OCCT 7.9,False
0003__00036335__STEP__Part6,17,G0_only,0,1.7741561558447356e-13,89.99999999999999,0.0,computed from source STEP with OCCT 7.9,False
0003__00036335__STEP__Part6,18,G0_only,0,1.2399246717038691e-17,90.0,0.0,computed from source STEP with OCCT 7.9,False
0003__00036335__STEP__Part6,19,G0_only,0,4.104285278831615e-16,89.99999999999999,0.0,computed from source STEP with OCCT 7.9,False
0003__00036335__STEP__Part6,20,G0_only,0,1.3956327532550818e-17,90.0,0.0,computed from source STEP with OCCT 7.9,False
0003__00036335__STEP__Part6,21,G0_only,0,1.6269102062349918e-13,89.99999999999999,0.0,computed from source STEP with OCCT 7.9,False
0003__00036335__STEP__Part6,22,G0_only,0,1.4785410907757654e-18,90.0,0.0,computed from source STEP with OCCT 7.9,False
0003__00036335__STEP__Part6,23,G0_only,0,2.3942727227531025e-16,89.99999999999999,0.0,computed from source STEP with OCCT 7.9,False
0003__00036335__STEP__Part6,24,G0_only,0,1.3956327532550818e-17,90.0,0.0,computed from source STEP with OCCT 7.9,False
0003__00036335__STEP__Part6,25,G0_only,0,4.3666744319365385e-17,90.0,0.0,computed from source STEP with OCCT 7.9,False
0003__00036335__STEP__Part6,26,G0_only,0,1.940202809410834e-18,90.0,0.0,computed from source STEP with OCCT 7.9,False
0003__00036335__STEP__Part6,27,G0_only,0,7.028601725708126e-17,90.0,0.0,computed from source STEP with OCCT 7.9,False
0003__00036335__STEP__Part6,28,G0_only,0,5.552536550266113e-17,90.0,0.0,computed from source STEP with OCCT 7.9,False
0003__00036335__STEP__Part6,29,G0_only,0,5.595725567621943e-17,90.0,0.0,computed from source STEP with OCCT 7.9,False
0003__00036335__STEP__Part6,30,G0_only,0,1.5560106927185398e-13,45.0,0.0,computed from source STEP with OCCT 7.9,False
0003__00036335__STEP__Part6,31,G0_only,0,0.0,45.0,0.0,computed from source STEP with OCCT 7.9,False
0003__00036335__STEP__Part6,32,G0_only,0,1.736064689773148e-13,71.56505117707799,0.0,computed from source STEP with OCCT 7.9,False
0003__00036335__STEP__Part6,33,G0_only,0,2.342840229615247e-16,45.0,0.0,computed from source STEP with OCCT 7.9,False
0003__00036335__STEP__Part6,34,G0_only,0,5.594315114139762e-17,90.0,0.0,computed from source STEP with OCCT 7.9,False
0003__00036335__STEP__Part6,35,G0_only,0,6.206335383118183e-17,45.0,0.0,computed from source STEP with OCCT 7.9,False
0003__00036335__STEP__Part6,36,G0_only,0,5.551115123125783e-17,71.56505117707799,0.0,computed from source STEP with OCCT 7.9,False
0003__00036818__STEP__Part46,1,G0_only,0,1.0759181817665682e-14,90.0,15.55750000999785,computed from source STEP with OCCT 7.9,False
0003__00036818__STEP__Part46,2,G0_only,0,9.992045770962624e-15,90.0,15.55750000999785,computed from source STEP with OCCT 7.9,False
0003__00038978__STEP__Part4,1,G0_only,0,3.611694743575972e-13,90.0,35.35279202235929,computed from source STEP with OCCT 7.9,False
0003__00038978__STEP__Part4,2,G1_only,1,2.144510800499341e-13,4.507719541454571e-11,76.3188873993084,computed from source STEP with OCCT 7.9,False
0003__00038978__STEP__Part4,4,G1_only,1,2.160608105993405e-13,2.7687056302107718e-11,111.67167942166768,computed from source STEP with OCCT 7.9,False
0003__00039332__STEP__Part5,1,G0_only,0,0.0,89.99999999999999,0.0,computed from source STEP with OCCT 7.9,False
0003__00039332__STEP__Part5,2,G0_only,0,1.2426203838706122e-14,90.0,0.0,computed from source STEP with OCCT 7.9,False
0003__00039332__STEP__Part5,3,G0_only,0,0.0,90.0,0.0,computed from source STEP with OCCT 7.9,False
0003__00039332__STEP__Part5,4,G0_only,0,1.4432899320127035e-15,90.0,0.0,computed from source STEP with OCCT 7.9,False
0003__00039332__STEP__Part5,5,G0_only,0,0.0,90.0,0.0,computed from source STEP with OCCT 7.9,False
0003__00039332__STEP__Part5,6,G0_only,0,1.2426203838706122e-14,90.0,0.0,computed from source STEP with OCCT 7.9,False
0003__00039332__STEP__Part5,7,G0_only,0,1.4432899320127035e-15,90.0,0.0,computed from source STEP with OCCT 7.9,False
0003__00039332__STEP__Part5,8,G0_only,0,1.2426203838706122e-14,90.0,0.0,computed from source STEP with OCCT 7.9,False
0003__00039332__STEP__Part5,9,G0_only,0,0.0,90.0,0.0,computed from source STEP with OCCT 7.9,False
0003__00039332__STEP__Part5,10,G0_only,0,1.4432899320127035e-15,90.0,0.0,computed from source STEP with OCCT 7.9,False
0003__00039332__STEP__Part5,11,G0_only,0,1.4432899320127035e-15,90.0,0.0,computed from source STEP with OCCT 7.9,False
0003__00039332__STEP__Part5,12,G0_only,0,1.4432899320127035e-15,90.0,0.0,computed from source STEP with OCCT 7.9,False
0003__00039332__STEP__Part5,13,G0_only,0,1.4432899320127035e-15,90.0,0.0,computed from source STEP with OCCT 7.9,False
0003__00039332__STEP__Part5,14,G0_only,0,1.4432899320127035e-15,90.0,0.0,computed from source STEP with OCCT 7.9,False
0003__00039332__STEP__Part5,15,G0_only,0,1.4432899320127035e-15,90.0,0.0,computed from source STEP with OCCT 7.9,False
0003__00039332__STEP__Part5,16,G0_only,0,1.2426203838706122e-14,90.0,0.0,computed from source STEP with OCCT 7.9,False
0003__00039332__STEP__Part5,17,G0_only,0,0.0,90.0,0.0,computed from source STEP with OCCT 7.9,False
0003__00039332__STEP__Part5,18,G0_only,0,1.2426203838706122e-14,90.0,0.0,computed from source STEP with OCCT 7.9,False
0003__00039332__STEP__Part5,19,G0_only,0,1.1102230246251565e-16,90.0,0.0,computed from source STEP with OCCT 7.9,False
0003__00039332__STEP__Part5,20,G0_only,0,1.2426203838706122e-14,90.0,0.0,computed from source STEP with OCCT 7.9,False
0003__00039332__STEP__Part5,21,G0_only,0,1.2412670766236366e-16,90.0,0.0,computed from source STEP with OCCT 7.9,False
0003__00039332__STEP__Part5,22,G0_only,0,1.2426203838706122e-14,90.0,0.0,computed from source STEP with OCCT 7.9,False
0003__00039332__STEP__Part5,23,G0_only,0,1.2426203838706122e-14,90.0,0.0,computed from source STEP with OCCT 7.9,False
0003__00039332__STEP__Part5,24,G0_only,0,5.551115123125783e-17,90.0,0.0,computed from source STEP with OCCT 7.9,False
0004__00040620__STEP__Part70,1,G0_only,0,3.6280529495742704e-15,90.0,0.0,computed from source STEP with OCCT 7.9,False
0004__00040620__STEP__Part70,2,G0_only,0,6.684427777288335e-16,90.0,0.0,computed from source STEP with OCCT 7.9,False
0004__00040620__STEP__Part70,3,G0_only,0,1.0605390551611693e-15,90.0,0.0,computed from source STEP with OCCT 7.9,False
0004__00040620__STEP__Part70,4,G0_only,0,6.280369834735101e-16,90.0,0.0,computed from source STEP with OCCT 7.9,False
0004__00040620__STEP__Part70,5,G0_only,0,6.170748634441639e-15,90.0,0.0,computed from source STEP with OCCT 7.9,False
0004__00040620__STEP__Part70,6,G0_only,0,3.2368285245694686e-15,89.99999999999996,0.0,computed from source STEP with OCCT 7.9,False
0004__00040620__STEP__Part70,7,G0_only,0,5.4025784115714076e-15,90.0,0.0,computed from source STEP with OCCT 7.9,False
0004__00040620__STEP__Part70,8,G0_only,0,7.108895957933346e-16,89.99999999999996,0.0,computed from source STEP with OCCT 7.9,False
0004__00040620__STEP__Part70,9,G0_only,0,6.309877744245358e-15,90.0,0.0,computed from source STEP with OCCT 7.9,False
0004__00040620__STEP__Part70,10,G0_only,0,7.108895957933346e-16,89.99999999999996,0.0,computed from source STEP with OCCT 7.9,False
0004__00040620__STEP__Part70,11,G0_only,0,4.440892098500626e-15,90.0,0.0,computed from source STEP with OCCT 7.9,False
0004__00040620__STEP__Part70,12,G0_only,0,3.2368285245694686e-15,89.99999999999996,0.0,computed from source STEP with OCCT 7.9,False
0004__00040620__STEP__Part70,13,G0_only,0,9.42055475210265e-16,89.99999999999996,0.0,computed from source STEP with OCCT 7.9,False
0004__00040620__STEP__Part70,14,G0_only,0,1.06563429161196e-15,90.0,0.0,computed from source STEP with OCCT 7.9,False
0004__00040620__STEP__Part70,15,G0_only,0,8.671119018262734e-16,89.99999999999996,0.0,computed from source STEP with OCCT 7.9,False
0004__00040620__STEP__Part70,16,G0_only,0,8.724538166977352e-16,89.99999999999996,0.0,computed from source STEP with OCCT 7.9,False
0004__00040620__STEP__Part70,17,G0_only,0,8.724538166977352e-16,89.99999999999996,0.0,computed from source STEP with OCCT 7.9,False
0004__00040620__STEP__Part70,18,G0_only,0,9.820925191391734e-16,90.0,0.0,computed from source STEP with OCCT 7.9,False
0004__00040620__STEP__Part70,19,G0_only,0,9.42055475210265e-16,90.0,0.0,computed from source STEP with OCCT 7.9,False
0004__00040620__STEP__Part70,20,G0_only,0,3.5737122492186016e-15,90.0,0.0,computed from source STEP with OCCT 7.9,False
0004__00040620__STEP__Part70,21,G0_only,0,3.2501293141927617e-15,90.0,0.0,computed from source STEP with OCCT 7.9,False
0004__00040620__STEP__Part70,22,G0_only,0,3.195147797709499e-15,90.0,0.0,computed from source STEP with OCCT 7.9,False
0004__00040620__STEP__Part70,23,G0_only,0,1.070030537853108e-15,90.0,0.0,computed from source STEP with OCCT 7.9,False
0004__00040620__STEP__Part70,24,G0_only,0,9.519191346087095e-16,90.0,0.0,computed from source STEP with OCCT 7.9,False
0004__00041882__STEP__Part50,1,G0_only,0,5.401597800510417e-13,90.0,16.450004696938507,computed from source STEP with OCCT 7.9,False
0004__00041882__STEP__Part50,2,G0_only,0,5.401187041372211e-13,90.0,19.333670965876465,computed from source STEP with OCCT 7.9,False
0004__00041882__STEP__Part50,4,G0_only,0,3.301875848174997e-13,90.0,19.333670965876465,computed from source STEP with OCCT 7.9,False
0004__00041882__STEP__Part50,5,G0_only,0,3.302547722494442e-13,90.0,16.450004696938507,computed from source STEP with OCCT 7.9,False
0004__00042348__STEP__Part1,1,G0_only,0,2.470933038030963e-13,44.999999999853806,0.7071067858672043,computed from source STEP with OCCT 7.9,False
0004__00042348__STEP__Part1,2,G0_only,0,1.0115508608326625e-12,90.0,1.3603603693696227,computed from source STEP with OCCT 7.9,False
0004__00042348__STEP__Part1,4,G0_only,0,5.131137866178065e-13,90.0,1.3603603693696227,computed from source STEP with OCCT 7.9,False
0004__00042348__STEP__Part1,5,G0_only,0,4.99597478781764e-13,90.0,2.1267605774683633,computed from source STEP with OCCT 7.9,False
0004__00042348__STEP__Part1,7,G0_only,0,2.7631054109421716e-13,90.0,2.1267605774683633,computed from source STEP with OCCT 7.9,False
0004__00042348__STEP__Part1,8,G0_only,0,5.369792741139954e-13,44.999999999853806,0.7071067858679285,computed from source STEP with OCCT 7.9,False
0004__00042348__STEP__Part1,10,G0_only,0,5.976345010996152e-13,45.00000000014621,0.7012697964407518,computed from source STEP with OCCT 7.9,False
0004__00042348__STEP__Part1,12,G0_only,0,9.300277129996901e-13,45.00000000014621,0.7012697964412417,computed from source STEP with OCCT 7.9,False
0004__00042771__STEP__Part823,1,G0_fail,0,5.546285178859495e-07,87.88809819338948,15.038313730389696,computed from source STEP with OCCT 7.9,False
0004__00042771__STEP__Part823,2,G1_only,1,8.160786807392916e-11,2.8152783518808953e-07,13.028288830282168,computed from source STEP with OCCT 7.9,False
0004__00042771__STEP__Part823,3,G0_only,0,9.843116609713441e-08,43.226381806000006,15.038313730389692,computed from source STEP with OCCT 7.9,False
0004__00042771__STEP__Part823,4,G1_only,1,1.039231354888836e-14,1.7800581152247896e-11,15.038313730389689,computed from source STEP with OCCT 7.9,False
0004__00042771__STEP__Part823,5,G0_fail,0,1.2528850103702558e-07,50.69006131354543,15.038313730389692,computed from source STEP with OCCT 7.9,False
0004__00042771__STEP__Part823,6,G0_fail,0,1.7422734884603751e-06,74.22747075534654,15.038313730389692,computed from source STEP with OCCT 7.9,False
0004__00042771__STEP__Part823,7,G0_fail,0,3.445093720472797e-07,86.9087408544932,15.038313730389692,computed from source STEP with OCCT 7.9,False
0004__00042771__STEP__Part823,8,G1_only,1,6.009385469389243e-14,5.9285539262479955e-12,15.038313730389689,computed from source STEP with OCCT 7.9,False
0004__00042771__STEP__Part823,9,G0_only,0,0.0,90.0,0.0,computed from source STEP with OCCT 7.9,False
0004__00042771__STEP__Part823,10,G0_only,0,7.071303921691393e-13,45.0,0.0,computed from source STEP with OCCT 7.9,False
0004__00042771__STEP__Part823,11,G0_only,0,0.0,90.0,0.0,computed from source STEP with OCCT 7.9,False
0004__00042771__STEP__Part823,12,G0_only,0,0.0,90.0,0.0,computed from source STEP with OCCT 7.9,False
0004__00042771__STEP__Part823,13,G0_only,0,2.8271479037242683e-14,45.0,0.0,computed from source STEP with OCCT 7.9,False
0004__00042771__STEP__Part823,14,G0_only,0,0.0,90.0,0.0,computed from source STEP with OCCT 7.9,False
0004__00042771__STEP__Part823,15,G0_only,0,6.468911923432708e-11,35.24675944022254,2.0033753320636696,computed from source STEP with OCCT 7.9,False
0004__00042771__STEP__Part823,16,G0_only,0,4.730890255232131e-10,74.85549426560097,2.0034101694382214,computed from source STEP with OCCT 7.9,False
0004__00042771__STEP__Part823,17,G0_only,0,0.0,90.0,0.0,computed from source STEP with OCCT 7.9,False
0004__00042771__STEP__Part823,18,G0_only,0,0.0,90.0,0.0,computed from source STEP with OCCT 7.9,False
0004__00042771__STEP__Part823,19,G0_only,0,2.827834650570801e-13,45.0,0.0,computed from source STEP with OCCT 7.9,False
0004__00042771__STEP__Part823,20,G0_only,0,0.0,90.0,0.0,computed from source STEP with OCCT 7.9,False
0004__00042771__STEP__Part823,21,G0_only,0,1.3877787807814457e-17,90.0,0.0,computed from source STEP with OCCT 7.9,False
0004__00043140__STEP__Part24,1,G0_only,0,2.347386358562054e-13,45.0,0.0,computed from source STEP with OCCT 7.9,False
0004__00043140__STEP__Part24,2,G0_only,0,1.216930903826945e-09,90.0,0.0,computed from source STEP with OCCT 7.9,False
0004__00043140__STEP__Part24,3,G0_only,0,1.9999973899231804e-13,90.0,0.0,computed from source STEP with OCCT 7.9,False
0004__00043140__STEP__Part24,4,G0_only,0,1.2162237642716589e-09,90.0,0.0,computed from source STEP with OCCT 7.9,False
0004__00043140__STEP__Part24,5,G0_only,0,2.1859999454515945e-09,90.0,0.0,computed from source STEP with OCCT 7.9,False
0004__00043140__STEP__Part24,6,G0_only,0,2.1859999454515945e-09,90.0,0.0,computed from source STEP with OCCT 7.9,False
0004__00043140__STEP__Part24,7,G0_only,0,2.1860000564738965e-09,90.0,0.0,computed from source STEP with OCCT 7.9,False
0004__00043140__STEP__Part24,8,G0_only,0,2.1860000564738965e-09,90.0,0.0,computed from source STEP with OCCT 7.9,False
0004__00043140__STEP__Part24,9,G0_only,0,3.616176845513276e-13,45.0,0.0,computed from source STEP with OCCT 7.9,False
0004__00043140__STEP__Part24,10,G0_only,0,3.616176845513276e-13,45.0,0.0,computed from source STEP with OCCT 7.9,False
0004__00043140__STEP__Part24,11,G0_only,0,3.616176845513276e-13,45.0,0.0,computed from source STEP with OCCT 7.9,False
0004__00043140__STEP__Part24,12,G0_only,0,3.615406998281624e-13,45.0,0.0,computed from source STEP with OCCT 7.9,False
0004__00043140__STEP__Part24,13,G0_only,0,8.503579501026035e-13,45.0,0.0,computed from source STEP with OCCT 7.9,False
0004__00043140__STEP__Part24,14,G0_only,0,1.0197821594076466e-12,90.0,0.0,computed from source STEP with OCCT 7.9,False
0004__00043140__STEP__Part24,15,G0_only,0,1.2176377895399495e-09,90.0,0.0,computed from source STEP with OCCT 7.9,False
0004__00043140__STEP__Part24,16,G0_only,0,1.9760057934310564e-09,59.99999999999999,0.0,computed from source STEP with OCCT 7.9,False
0004__00043140__STEP__Part24,17,G0_only,0,1.976055483561285e-09,59.99999999999999,0.0,computed from source STEP with OCCT 7.9,False
0004__00043140__STEP__Part24,18,G0_only,0,2.347386358562054e-13,45.0,0.0,computed from source STEP with OCCT 7.9,False
0004__00043140__STEP__Part24,19,G0_only,0,1.976055551194183e-09,59.99999999999999,0.0,computed from source STEP with OCCT 7.9,False
0004__00043140__STEP__Part24,20,G0_only,0,0.0,90.0,0.0,computed from source STEP with OCCT 7.9,False
0004__00043140__STEP__Part24,21,G0_only,0,0.0,90.0,0.0,computed from source STEP with OCCT 7.9,False
0004__00043140__STEP__Part24,22,G0_only,0,0.0,90.0,0.0,computed from source STEP with OCCT 7.9,False
0004__00043140__STEP__Part24,23,G0_only,0,0.0,90.0,0.0,computed from source STEP with OCCT 7.9,False
0004__00043140__STEP__Part24,24,G0_only,0,9.999778782798785e-13,90.0,0.0,computed from source STEP with OCCT 7.9,False
0004__00043140__STEP__Part24,25,G0_only,0,9.999778782798785e-13,90.0,0.0,computed from source STEP with OCCT 7.9,False
0004__00043140__STEP__Part24,26,G0_only,0,0.0,90.0,0.0,computed from source STEP with OCCT 7.9,False
0004__00043140__STEP__Part24,27,G0_only,0,0.0,90.0,0.0,computed from source STEP with OCCT 7.9,False
0004__00043140__STEP__Part24,28,G0_only,0,3.0907637474605002e-09,90.0,0.0,computed from source STEP with OCCT 7.9,False
0004__00043140__STEP__Part24,29,G0_only,0,3.090763825983082e-09,90.0,0.0,computed from source STEP with OCCT 7.9,False
0004__00043140__STEP__Part24,30,G0_only,0,3.090763904469742e-09,90.0,0.0,computed from source STEP with OCCT 7.9,False
0004__00043140__STEP__Part24,31,G0_only,0,3.090763825947162e-09,90.0,0.0,computed from source STEP with OCCT 7.9,False
0004__00043140__STEP__Part24,32,G0_only,0,1.7209999097686371e-09,90.0,0.0,computed from source STEP with OCCT 7.9,False
0004__00043140__STEP__Part24,33,G0_only,0,2.4338614753069867e-09,90.0,0.0,computed from source STEP with OCCT 7.9,False
0004__00043140__STEP__Part24,34,G0_only,0,2.4338615538116083e-09,90.0,0.0,computed from source STEP with OCCT 7.9,False
0004__00043140__STEP__Part24,35,G0_only,0,1.7210000207909388e-09,90.0,0.0,computed from source STEP with OCCT 7.9,False
0004__00043140__STEP__Part24,36,G0_only,0,2.4338615538116083e-09,90.0,0.0,computed from source STEP with OCCT 7.9,False
0004__00043140__STEP__Part24,37,G0_only,0,1.7210000207909388e-09,90.0,0.0,computed from source STEP with OCCT 7.9,False
0004__00043140__STEP__Part24,38,G0_only,0,2.4338615538116083e-09,90.0,0.0,computed from source STEP with OCCT 7.9,False
0004__00043140__STEP__Part24,39,G0_only,0,1.7210000207909388e-09,90.0,0.0,computed from source STEP with OCCT 7.9,False
0004__00043140__STEP__Part24,40,G0_only,0,1.9999973899231804e-13,90.0,0.0,computed from source STEP with OCCT 7.9,False
0004__00043140__STEP__Part24,41,G0_only,0,1.9999973899231804e-13,90.0,0.0,computed from source STEP with OCCT 7.9,False
0004__00043140__STEP__Part24,42,G0_only,0,2.347386358562054e-13,45.0,0.0,computed from source STEP with OCCT 7.9,False
0004__00043140__STEP__Part24,43,G0_only,0,1.2169310608361644e-09,90.0,0.0,computed from source STEP with OCCT 7.9,False
0004__00043140__STEP__Part24,44,G0_only,0,1.9760555511786386e-09,59.99999999999999,0.0,computed from source STEP with OCCT 7.9,False
0004__00046553__STEP__Part3,1,G0_only,0,5.551115123125783e-17,90.0,0.0,computed from source STEP with OCCT 7.9,False
0004__00046553__STEP__Part3,2,G0_only,0,7.841319030829856e-14,26.952178931192638,0.0,computed from source STEP with OCCT 7.9,False
0004__00046553__STEP__Part3,3,G0_only,0,5.551115123125783e-17,90.0,0.0,computed from source STEP with OCCT 7.9,False
0004__00046553__STEP__Part3,4,G0_only,0,1.9208398458057645e-13,63.047821068807366,0.0,computed from source STEP with OCCT 7.9,False
0004__00046553__STEP__Part3,5,G0_only,0,0.0,90.0,0.0,computed from source STEP with OCCT 7.9,False
0004__00046553__STEP__Part3,6,G0_only,0,5.551115123125783e-17,90.0,0.0,computed from source STEP with OCCT 7.9,False
0004__00046553__STEP__Part3,7,G0_only,0,0.0,90.0,0.0,computed from source STEP with OCCT 7.9,False
0004__00046553__STEP__Part3,8,G0_only,0,0.0,90.0,0.0,computed from source STEP with OCCT 7.9,False
0004__00046553__STEP__Part3,9,G0_only,0,5.551115123125783e-17,90.0,0.0,computed from source STEP with OCCT 7.9,False
0004__00046553__STEP__Part3,10,G0_only,0,0.0,90.0,0.0,computed from source STEP with OCCT 7.9,False
0004__00046553__STEP__Part3,11,G0_only,0,5.551115123125783e-17,90.0,0.0,computed from source STEP with OCCT 7.9,False
0004__00046553__STEP__Part3,12,G0_only,0,0.0,90.0,0.0,computed from source STEP with OCCT 7.9,False
0004__00046553__STEP__Part3,13,G0_only,0,0.0,90.0,0.0,computed from source STEP with OCCT 7.9,False
0004__00046553__STEP__Part3,14,G0_only,0,5.551115123125783e-17,90.0,0.0,computed from source STEP with OCCT 7.9,False
0004__00046553__STEP__Part3,15,G0_only,0,5.866025989143677e-13,63.04782106875859,0.0,computed from source STEP with OCCT 7.9,False
0004__00046553__STEP__Part3,16,G0_only,0,2.4235205491227406e-13,26.952178931241413,0.0,computed from source STEP with OCCT 7.9,False
0004__00046553__STEP__Part3,17,G0_only,0,4.2951683943449834e-13,90.0,0.0,computed from source STEP with OCCT 7.9,False
0004__00046553__STEP__Part3,18,G0_only,0,1.6923285284751338e-13,90.0,0.0,computed from source STEP with OCCT 7.9,False
0004__00046687__STEP__Part12,1,G0_only,0,4.698219170959698e-10,80.65689268012669,0.3783023600523231,computed from source STEP with OCCT 7.9,False
0004__00046687__STEP__Part12,2,G0_only,0,1.2881480867907003e-11,16.26708215487006,0.14671998298013444,computed from source STEP with OCCT 7.9,False
0004__00046687__STEP__Part12,3,G0_only,0,1.776299150813106e-10,79.52795967388762,0.42352225987697856,computed from source STEP with OCCT 7.9,False
0004__00046687__STEP__Part12,4,G0_only,0,2.4060980483425743e-10,77.3643749101206,0.5075321098470696,computed from source STEP with OCCT 7.9,False
0004__00046687__STEP__Part12,5,G0_only,0,8.493535865699849e-10,84.18071074699282,0.5413675838367278,computed from source STEP with OCCT 7.9,False
0004__00046687__STEP__Part12,6,G0_only,0,2.1301703255972017e-09,85.4319417588594,0.37168424344078727,computed from source STEP with OCCT 7.9,False
0004__00046687__STEP__Part12,7,G0_only,0,8.961812839338442e-11,83.90904491685893,0.5665474714567127,computed from source STEP with OCCT 7.9,False
0004__00046687__STEP__Part12,8,G0_only,0,2.71289273500826e-09,87.14272095621206,0.3251416706278152,computed from source STEP with OCCT 7.9,False
0004__00046687__STEP__Part12,9,G0_only,0,6.514207856777448e-10,85.8184717296575,0.5075321098470698,computed from source STEP with OCCT 7.9,False
0004__00046687__STEP__Part12,10,G0_only,0,1.5246532959755774e-09,86.50546275525771,0.4423013599968648,computed from source STEP with OCCT 7.9,False
0004__00046687__STEP__Part12,11,G0_only,0,3.4502226138198626e-10,85.53915630045756,0.5413675838367277,computed from source STEP with OCCT 7.9,False
0004__00046687__STEP__Part12,12,G0_only,0,7.582479120935239e-10,86.87892946395264,0.39517066421910396,computed from source STEP with OCCT 7.9,False
0004__00046687__STEP__Part12,13,G0_only,0,4.743397359986154e-10,74.1006184884145,0.5413675838367279,computed from source STEP with OCCT 7.9,False
0004__00046687__STEP__Part12,14,G0_only,0,7.637331818323634e-10,76.94123687198673,0.5413675838367278,computed from source STEP with OCCT 7.9,False
0004__00046687__STEP__Part12,15,G0_only,0,7.947336864279028e-10,76.32232471017242,0.5665474714567126,computed from source STEP with OCCT 7.9,False
0004__00046687__STEP__Part12,16,G0_only,0,5.769536266829304e-10,85.33122506285508,0.5665474714567126,computed from source STEP with OCCT 7.9,False
0004__00046687__STEP__Part12,17,G0_only,0,1.2298101314442115e-09,73.3400670373346,0.5665474714567127,computed from source STEP with OCCT 7.9,False
0004__00046687__STEP__Part12,18,G0_only,0,7.982572422854802e-10,75.118127435073,0.5075321098470698,computed from source STEP with OCCT 7.9,False
0004__00046687__STEP__Part12,19,G0_only,0,3.976490461118432e-10,86.57353438169105,0.42899109659332085,computed from source STEP with OCCT 7.9,False
0004__00046687__STEP__Part12,20,G0_only,0,1.102293822637741e-09,72.5018171368566,0.5941839334793197,computed from source STEP with OCCT 7.9,False
0004__00046687__STEP__Part12,21,G0_fail,0,3.449563310098116e-07,85.82371620751766,0.3338805218461407,computed from source STEP with OCCT 7.9,False
0004__00046687__STEP__Part12,22,G0_only,0,5.946095287420082e-10,86.16569085332164,0.4798496360963379,computed from source STEP with OCCT 7.9,False
0004__00046687__STEP__Part12,23,G0_only,0,3.459581108940555e-10,75.64114974859177,0.5941839334793197,computed from source STEP with OCCT 7.9,False
0004__00046687__STEP__Part12,24,G0_only,0,2.4103473845218273e-07,83.89798475001511,0.38146646132793627,computed from source STEP with OCCT 7.9,False
0004__00046687__STEP__Part12,25,G0_only,0,5.644466493730014e-10,77.77047910363217,0.5075321098470698,computed from source STEP with OCCT 7.9,False
0004__00046687__STEP__Part12,26,G0_only,0,8.308342698584426e-11,85.10293679276408,0.5941839334793197,computed from source STEP with OCCT 7.9,False
0004__00046687__STEP__Part12,27,G0_only,0,8.385087019576208e-10,85.87577077364367,0.5941839334793197,computed from source STEP with OCCT 7.9,False
0004__00047333__STEP__Part1,1,G0_only,0,1.2420665938615293e-18,90.0,0.0,computed from source STEP with OCCT 7.9,False
0004__00047333__STEP__Part1,2,G0_only,0,0.0,90.0,0.0,computed from source STEP with OCCT 7.9,False
0004__00047333__STEP__Part1,3,G0_only,0,0.0,90.0,0.0,computed from source STEP with OCCT 7.9,False
0004__00047333__STEP__Part1,4,G0_only,0,1.1102230246251565e-16,89.99999999999999,0.0,computed from source STEP with OCCT 7.9,False
0004__00047333__STEP__Part1,5,G0_only,0,1.1102925008078681e-16,90.0,0.0,computed from source STEP with OCCT 7.9,False
0004__00047333__STEP__Part1,6,G0_only,0,1.1102925008078681e-16,90.0,0.0,computed from source STEP with OCCT 7.9,False
0004__00047333__STEP__Part1,7,G0_only,0,1.2420665938615293e-18,90.0,0.0,computed from source STEP with OCCT 7.9,False
0004__00047333__STEP__Part1,8,G0_only,0,1.1444591015522045e-16,90.0,0.0,computed from source STEP with OCCT 7.9,False
0004__00047333__STEP__Part1,9,G0_only,0,2.0853703913470978e-17,90.0,0.0,computed from source STEP with OCCT 7.9,False
0004__00047333__STEP__Part1,10,G0_only,0,8.494525220691892e-18,90.0,0.0,computed from source STEP with OCCT 7.9,False
0004__00047333__STEP__Part1,11,G0_only,0,5.005248902029742e-17,90.0,0.0,computed from source STEP with OCCT 7.9,False
0004__00047333__STEP__Part1,12,G0_only,0,6.207578125322354e-17,90.0,0.0,computed from source STEP with OCCT 7.9,False
0004__00047333__STEP__Part1,13,G0_only,0,8.494525220691892e-18,90.0,0.0,computed from source STEP with OCCT 7.9,False
0004__00047333__STEP__Part1,14,G0_only,0,5.552504516381021e-17,90.0,0.0,computed from source STEP with OCCT 7.9,False
0004__00047333__STEP__Part1,15,G0_only,0,1.1444591015522045e-16,90.0,0.0,computed from source STEP with OCCT 7.9,False
0004__00047333__STEP__Part1,16,G0_only,0,1.1102230246251565e-16,90.0,0.0,computed from source STEP with OCCT 7.9,False
0004__00047333__STEP__Part1,17,G0_only,0,1.1443916996305594e-16,90.0,0.0,computed from source STEP with OCCT 7.9,False
0004__00047333__STEP__Part1,18,G0_only,0,5.551115123125783e-17,90.0,0.0,computed from source STEP with OCCT 7.9,False
0004__00047333__STEP__Part1,19,G0_only,0,8.403227314632389e-18,90.0,0.0,computed from source STEP with OCCT 7.9,False
0004__00047333__STEP__Part1,20,G0_only,0,6.206335383118183e-17,90.0,0.0,computed from source STEP with OCCT 7.9,False
0004__00047333__STEP__Part1,21,G0_only,0,5.003707553108401e-17,90.0,0.0,computed from source STEP with OCCT 7.9,False
0004__00047333__STEP__Part1,22,G0_only,0,8.403227314632389e-18,90.0,0.0,computed from source STEP with OCCT 7.9,False
0004__00047333__STEP__Part1,23,G0_only,0,2.0816681711721685e-17,90.0,0.0,computed from source STEP with OCCT 7.9,False
0004__00047333__STEP__Part1,24,G0_only,0,1.1443916996305594e-16,90.0,0.0,computed from source STEP with OCCT 7.9,False
0004__00047333__STEP__Part1,25,G0_only,0,0.0,90.0,0.0,computed from source STEP with OCCT 7.9,False
0004__00047333__STEP__Part1,26,G0_only,0,1.1102230246251565e-16,90.0,0.0,computed from source STEP with OCCT 7.9,False
0004__00047333__STEP__Part1,27,G0_only,0,1.1115719705296557e-16,89.99999999999999,0.0,computed from source STEP with OCCT 7.9,False
0004__00047333__STEP__Part1,28,G0_only,0,1.4918572553439338e-17,89.99999999999999,0.0,computed from source STEP with OCCT 7.9,False
0004__00047333__STEP__Part1,29,G0_only,0,5.474560493182068e-18,90.0,0.0,computed from source STEP with OCCT 7.9,False
0004__00047333__STEP__Part1,30,G0_only,0,5.474560493182068e-18,90.0,0.0,computed from source STEP with OCCT 7.9,False
0004__00047333__STEP__Part1,31,G0_only,0,0.0,90.0,0.0,computed from source STEP with OCCT 7.9,False
0004__00047333__STEP__Part1,32,G0_only,0,1.3877787807814457e-17,90.0,0.0,computed from source STEP with OCCT 7.9,False
0004__00047333__STEP__Part1,33,G0_only,0,0.0,90.0,0.0,computed from source STEP with OCCT 7.9,False
0004__00047333__STEP__Part1,34,G0_only,0,1.3877787807814457e-17,89.99999999999999,0.0,computed from source STEP with OCCT 7.9,False
0004__00047333__STEP__Part1,35,G0_only,0,0.0,89.99999999999999,0.0,computed from source STEP with OCCT 7.9,False
0004__00047333__STEP__Part1,36,G0_only,0,0.0,90.0,0.0,computed from source STEP with OCCT 7.9,False
0004__00048284__STEP__Part5,1,G0_only,0,4.40608288987143e-15,90.0,64.42857143757134,computed from source STEP with OCCT 7.9,False
0004__00048284__STEP__Part5,2,G0_only,0,3.774758283725532e-15,90.0,41.00000000571376,computed from source STEP with OCCT 7.9,False
0004__00048284__STEP__Part5,3,G0_only,0,4.40608288987143e-15,90.0,64.42857143757134,computed from source STEP with OCCT 7.9,False
0004__00048284__STEP__Part5,4,G0_only,0,3.774758283725532e-15,90.0,41.00000000571376,computed from source STEP with OCCT 7.9,False
0004__00049157__STEP__Part8,1,G0_only,0,1.1857187100668868e-16,90.0,0.0,computed from source STEP with OCCT 7.9,False
0004__00049157__STEP__Part8,2,G0_only,0,1.8346289827565969e-16,89.99999999999999,0.0,computed from source STEP with OCCT 7.9,False
0004__00049157__STEP__Part8,3,G0_only,0,9.488554076618307e-13,90.0,0.0,computed from source STEP with OCCT 7.9,False
0004__00049157__STEP__Part8,4,G0_only,0,2.7987842766683384e-16,89.99999999999994,0.0,computed from source STEP with OCCT 7.9,False
0004__00049157__STEP__Part8,5,G0_only,0,4.467620291560354e-13,90.0,0.0,computed from source STEP with OCCT 7.9,False
0004__00049157__STEP__Part8,6,G0_only,0,2.482534153247273e-16,89.99999999999999,0.0,computed from source STEP with OCCT 7.9,False
0004__00049157__STEP__Part8,7,G0_only,0,3.573765245804002e-13,90.0,0.0,computed from source STEP with OCCT 7.9,False
0004__00049157__STEP__Part8,8,G0_only,0,7.070518875463261e-13,90.0,0.0,computed from source STEP with OCCT 7.9,False
0004__00049157__STEP__Part8,9,G0_only,0,6.325293121097059e-13,90.0,0.0,computed from source STEP with OCCT 7.9,False
0004__00049157__STEP__Part8,10,G0_only,0,2.7194799110210365e-16,89.99999999999999,0.0,computed from source STEP with OCCT 7.9,False
0004__00049157__STEP__Part8,11,G0_only,0,1.2412670766236366e-16,90.0,0.0,computed from source STEP with OCCT 7.9,False
0004__00049157__STEP__Part8,12,G0_only,0,9.48785198672681e-13,90.0,0.0,computed from source STEP with OCCT 7.9,False
0005__00052985__STEP__Part23,1,G0_only,0,6.938893903907228e-18,90.0,0.0,computed from source STEP with OCCT 7.9,False
0005__00052985__STEP__Part23,2,G0_only,0,6.522881641794076e-13,89.99999999999166,1.142857148572735,computed from source STEP with OCCT 7.9,False
0005__00052985__STEP__Part23,3,G0_only,0,1.8050624898520394e-17,90.0,0.0,computed from source STEP with OCCT 7.9,False
0005__00052985__STEP__Part23,4,G0_only,0,9.945883951840003e-14,89.99999999999166,1.0000000050000002,computed from source STEP with OCCT 7.9,False
0005__00052985__STEP__Part23,5,G0_only,0,9.043736745172487e-14,90.0,1.1428571485727352,computed from source STEP with OCCT 7.9,False
0005__00052985__STEP__Part23,6,G0_only,0,5.020366194284375e-13,89.99999999999409,1.1428571485727348,computed from source STEP with OCCT 7.9,False
0005__00052985__STEP__Part23,7,G0_only,0,3.2294438809841917e-13,90.0,1.1428571485727352,computed from source STEP with OCCT 7.9,False
0005__00052985__STEP__Part23,8,G0_only,0,6.938893903907228e-18,90.0,0.0,computed from source STEP with OCCT 7.9,False
0005__00052985__STEP__Part23,9,G0_only,0,5.173643017334457e-14,89.99999999999409,1.000000005,computed from source STEP with OCCT 7.9,False
0005__00052985__STEP__Part23,10,G0_only,0,1.8050624898520394e-17,90.0,0.0,computed from source STEP with OCCT 7.9,False
0005__00052985__STEP__Part23,11,G0_only,0,3.2680482486706463e-13,90.0,1.0000000050000002,computed from source STEP with OCCT 7.9,False
0005__00052985__STEP__Part23,12,G0_only,0,1.0337907517350253e-13,90.0,1.0000000050000002,computed from source STEP with OCCT 7.9,False
0005__00053293__STEP__Part16,1,G0_fail,0,5.161236600180297e-07,74.66922337701259,17.480867947935707,computed from source STEP with OCCT 7.9,False
0005__00053293__STEP__Part16,3,G0_only,0,7.102310621833645e-08,74.66890290689481,17.48086794793571,computed from source STEP with OCCT 7.9,False
0005__00053293__STEP__Part16,4,G0_only,0,7.102307418199356e-08,74.66890290687206,17.48086794793571,computed from source STEP with OCCT 7.9,False
0005__00053293__STEP__Part16,5,G0_only,0,7.37826348858731e-08,74.6689045031566,17.48086794793571,computed from source STEP with OCCT 7.9,False
0005__00053293__STEP__Part16,6,G0_only,0,7.378266925812668e-08,74.66890450317982,17.48086794793571,computed from source STEP with OCCT 7.9,False
0005__00054276__STEP__Part270,1,G0_only,0,5.551115123125783e-17,90.0,0.0,computed from source STEP with OCCT 7.9,False
0005__00054276__STEP__Part270,2,G0_only,0,1.1000229906511267e-13,90.0,0.0,computed from source STEP with OCCT 7.9,False
0005__00054276__STEP__Part270,3,G0_only,0,1.1000229906511267e-13,90.0,0.0,computed from source STEP with OCCT 7.9,False
0005__00054276__STEP__Part270,4,G0_only,0,1.1000229906511267e-13,90.0,0.0,computed from source STEP with OCCT 7.9,False
0005__00054276__STEP__Part270,5,G0_only,0,1.254672362526767e-11,90.0,1757.531108333049,computed from source STEP with OCCT 7.9,False
0005__00054276__STEP__Part270,6,G1_only,1,2.5230541512326295e-13,4.5109018269636054e-08,1757.5311083330487,computed from source STEP with OCCT 7.9,False
0005__00054276__STEP__Part270,7,G0_only,0,1.2547202072810703e-11,90.0,1757.531108333049,computed from source STEP with OCCT 7.9,False
0005__00054276__STEP__Part270,8,G1_only,1,1.4667817541108157e-13,2.3151599213473613e-11,1757.5311083330487,computed from source STEP with OCCT 7.9,False
0005__00054276__STEP__Part270,9,G0_only,0,7.850462293418876e-17,90.0,0.0,computed from source STEP with OCCT 7.9,False
0005__00054276__STEP__Part270,10,G0_only,0,7.850462293418876e-17,90.0,0.0,computed from source STEP with OCCT 7.9,False
0005__00054276__STEP__Part270,11,G0_only,0,1.2535127581708458e-11,90.0,1757.5311083330491,computed from source STEP with OCCT 7.9,False
0005__00054276__STEP__Part270,12,G0_only,0,5.551115123125783e-17,90.0,0.0,computed from source STEP with OCCT 7.9,False
0005__00054276__STEP__Part270,13,G0_only,0,1.2659934148484297e-11,90.0,1757.531108333049,computed from source STEP with OCCT 7.9,False
0005__00054276__STEP__Part270,14,G0_only,0,7.850462293418876e-17,90.0,0.0,computed from source STEP with OCCT 7.9,False
0005__00054276__STEP__Part270,15,G0_only,0,5.551115123125783e-17,90.0,0.0,computed from source STEP with OCCT 7.9,False
0005__00054276__STEP__Part270,16,G0_only,0,1.0000333909718023e-12,90.0,0.0,computed from source STEP with OCCT 7.9,False
0005__00054276__STEP__Part270,17,G0_only,0,5.551115123125783e-17,90.0,0.0,computed from source STEP with OCCT 7.9,False
0005__00054276__STEP__Part270,18,G0_only,0,7.850462293418876e-17,90.0,0.0,computed from source STEP with OCCT 7.9,False
0005__00054276__STEP__Part270,19,G0_only,0,5.551115123125783e-17,90.0,0.0,computed from source STEP with OCCT 7.9,False
0005__00054276__STEP__Part270,20,G0_only,0,7.850462293418876e-17,90.0,0.0,computed from source STEP with OCCT 7.9,False
0005__00054276__STEP__Part270,21,G0_only,0,1.0999536017209234e-13,90.0,0.0,computed from source STEP with OCCT 7.9,False
0005__00054276__STEP__Part270,22,G0_only,0,7.850462293418876e-17,90.0,0.0,computed from source STEP with OCCT 7.9,False
0005__00054276__STEP__Part270,23,G0_only,0,1.2000124401357217e-13,90.0,0.0,computed from source STEP with OCCT 7.9,False
0005__00054276__STEP__Part270,24,G0_only,0,1.0000333909718023e-12,90.0,0.0,computed from source STEP with OCCT 7.9,False
0005__00054276__STEP__Part270,25,G0_only,0,5.551115123125783e-17,90.0,0.0,computed from source STEP with OCCT 7.9,False
0005__00054276__STEP__Part270,26,G0_only,0,7.850462293418876e-17,90.0,0.0,computed from source STEP with OCCT 7.9,False
0005__00054276__STEP__Part270,27,G0_only,0,1.26595000299141e-11,90.0,1757.531108333049,computed from source STEP with OCCT 7.9,False
0005__00054276__STEP__Part270,28,G0_only,0,1.2000124401357217e-13,90.0,0.0,computed from source STEP with OCCT 7.9,False
0005__00054276__STEP__Part270,29,G0_only,0,1.2535628613825837e-11,90.0,1757.5311083330491,computed from source STEP with OCCT 7.9,False
0005__00054276__STEP__Part270,30,G0_only,0,7.850462293418876e-17,90.0,0.0,computed from source STEP with OCCT 7.9,False
0005__00054276__STEP__Part270,31,G1_only,1,2.676910193864979e-13,4.510306427127236e-08,1757.5311083330487,computed from source STEP with OCCT 7.9,False
0005__00054276__STEP__Part270,32,G1_only,1,2.4983733478344345e-13,4.51603651444136e-08,1757.5311083330487,computed from source STEP with OCCT 7.9,False
0005__00054276__STEP__Part270,33,G0_only,0,5.551115123125783e-17,90.0,0.0,computed from source STEP with OCCT 7.9,False
0005__00054276__STEP__Part270,34,G0_only,0,5.551115123125783e-17,90.0,0.0,computed from source STEP with OCCT 7.9,False
0005__00054276__STEP__Part270,35,G0_only,0,1.2000124401357217e-13,90.0,0.0,computed from source STEP with OCCT 7.9,False
0005__00054276__STEP__Part270,36,G0_only,0,1.0999536017209234e-13,90.0,0.0,computed from source STEP with OCCT 7.9,False
0005__00054276__STEP__Part270,37,G1_only,1,2.743972342902138e-13,4.5109018269636054e-08,1757.5311083330487,computed from source STEP with OCCT 7.9,False
0005__00054276__STEP__Part270,38,G0_only,0,1.0000333894311098e-12,90.0,0.0,computed from source STEP with OCCT 7.9,False
0005__00054276__STEP__Part270,39,G1_only,1,7.778012399952027e-13,5.368776302310416e-12,1757.5311083330487,computed from source STEP with OCCT 7.9,False
0005__00054852__STEP__Part2,1,G0_only,0,1.1102230246251565e-16,90.0,0.0,computed from source STEP with OCCT 7.9,False
0005__00054852__STEP__Part2,2,G0_only,0,1.1102230246251565e-16,90.0,0.0,computed from source STEP with OCCT 7.9,False
0005__00054852__STEP__Part2,3,G0_only,0,1.1102230246251565e-16,90.0,0.0,computed from source STEP with OCCT 7.9,False
0005__00054852__STEP__Part2,4,G0_only,0,1.1102230246251565e-16,90.0,0.0,computed from source STEP with OCCT 7.9,False
0005__00054852__STEP__Part2,5,G0_only,0,8.619213318242708e-10,87.8187824011474,39.78970492236232,computed from source STEP with OCCT 7.9,False
0005__00054852__STEP__Part2,6,G1_only,1,2.0218104399192314e-13,5.925045571598728e-12,54.00000000787471,computed from source STEP with OCCT 7.9,False
0005__00054852__STEP__Part2,7,G0_only,0,8.619214888336753e-10,87.81878240114612,39.789704922360016,computed from source STEP with OCCT 7.9,False
0005__00054852__STEP__Part2,8,G1_only,1,5.000446131731781e-13,5.597776239274428e-13,54.00000000787471,computed from source STEP with OCCT 7.9,False
0005__00054852__STEP__Part2,9,G0_only,0,4.041684095204959e-10,80.82758979250109,30.94213014550714,computed from source STEP with OCCT 7.9,False
0005__00054852__STEP__Part2,10,G1_only,1,3.4826043984594195e-13,3.9438878050147605e-11,54.00000000787472,computed from source STEP with OCCT 7.9,False
0005__00054852__STEP__Part2,11,G0_only,0,4.0418333857099445e-10,80.8275897924923,30.942130145498353,computed from source STEP with OCCT 7.9,False
0005__00054852__STEP__Part2,12,G1_only,1,1.806731397311196e-13,2.3751071161298326e-11,54.00000000787471,computed from source STEP with OCCT 7.9,False
0005__00054852__STEP__Part2,13,G1_only,1,4.859143129749656e-13,1.1857107852495991e-11,54.00000000787471,computed from source STEP with OCCT 7.9,False
0005__00054852__STEP__Part2,14,G0_only,0,1.249917149366421e-12,89.57452645725027,54.00000000787473,computed from source STEP with OCCT 7.9,False
0005__00054852__STEP__Part2,15,G1_only,1,6.34937287566436e-13,5.925045571598728e-12,54.00000000787471,computed from source STEP with OCCT 7.9,False
0005__00054852__STEP__Part2,16,G1_only,1,5.131462015202881e-13,5.925045571598728e-12,54.00000000787471,computed from source STEP with OCCT 7.9,False
0005__00054852__STEP__Part2,17,G0_only,0,1.249722034916173e-12,89.57452645724884,54.000000007874725,computed from source STEP with OCCT 7.9,False
0005__00054852__STEP__Part2,18,G1_only,1,1.7196969625874025e-13,1.1850091143197456e-11,54.00000000787471,computed from source STEP with OCCT 7.9,False
0005__00054852__STEP__Part2,19,G0_only,0,0.0,90.0,0.0,computed from source STEP with OCCT 7.9,False
0005__00054852__STEP__Part2,20,G0_only,0,0.0,90.0,0.0,computed from source STEP with OCCT 7.9,False
0005__00054852__STEP__Part2,21,G0_only,0,7.775105643240645e-14,89.99999999999999,1.687500000246586,computed from source STEP with OCCT 7.9,False
0005__00054852__STEP__Part2,22,G1_only,1,7.56414298029994e-13,3.9437287772806877e-11,1.6875000002465859,computed from source STEP with OCCT 7.9,False
0005__00054852__STEP__Part2,23,G0_only,0,7.77678589013726e-14,89.99999999999999,1.687500000246586,computed from source STEP with OCCT 7.9,False
0005__00054852__STEP__Part2,24,G1_only,1,4.1679612663338524e-13,1.776021734129228e-11,1.6875000002465859,computed from source STEP with OCCT 7.9,False
0005__00054852__STEP__Part2,25,G0_only,0,0.0,90.0,0.0,computed from source STEP with OCCT 7.9,False
0005__00054852__STEP__Part2,26,G0_only,0,0.0,90.0,0.0,computed from source STEP with OCCT 7.9,False
0005__00054852__STEP__Part2,27,G0_only,0,1.1103585416259206e-16,89.99999999999999,0.0,computed from source STEP with OCCT 7.9,False
0005__00054852__STEP__Part2,28,G0_only,0,3.1469089530878446e-14,89.99999999999999,0.0,computed from source STEP with OCCT 7.9,False
0005__00055384__STEP__Part1,1,G0_only,0,1.231653667943533e-16,90.0,0.0,computed from source STEP with OCCT 7.9,False
0005__00055384__STEP__Part1,2,G0_only,0,0.0,90.0,0.0,computed from source STEP with OCCT 7.9,False
0005__00055384__STEP__Part1,3,G0_only,0,1.2291427027744976e-16,90.0,0.0,computed from source STEP with OCCT 7.9,False
0005__00055384__STEP__Part1,4,G0_only,0,8.68299719444008e-18,90.0,0.0,computed from source STEP with OCCT 7.9,False
0005__00055384__STEP__Part1,5,G0_only,0,4.6956501920909207e-17,90.0,0.0,computed from source STEP with OCCT 7.9,False
0005__00055384__STEP__Part1,6,G0_only,0,1.2536699963722885e-16,90.0,0.0,computed from source STEP with OCCT 7.9,False
0005__00055384__STEP__Part1,7,G0_only,0,1.969528936170506e-17,90.0,0.0,computed from source STEP with OCCT 7.9,False
0005__00055384__STEP__Part1,8,G0_only,0,1.2449444872540917e-16,90.0,0.0,computed from source STEP with OCCT 7.9,False
0005__00055384__STEP__Part1,9,G0_only,0,3.469446951953614e-18,90.0,0.0,computed from source STEP with OCCT 7.9,False
0005__00055384__STEP__Part1,10,G0_only,0,1.0408340855860843e-16,90.0,0.0,computed from source STEP with OCCT 7.9,False
0005__00055384__STEP__Part1,11,G0_only,0,3.469446951953614e-18,90.0,0.0,computed from source STEP with OCCT 7.9,False
0005__00055384__STEP__Part1,12,G0_only,0,1.0614466625631893e-16,90.0,0.0,computed from source STEP with OCCT 7.9,False
0005__00055384__STEP__Part1,13,G0_only,0,3.469446951953614e-18,90.0,0.0,computed from source STEP with OCCT 7.9,False
0005__00055384__STEP__Part1,14,G0_only,0,1.162927710029519e-16,90.0,0.0,computed from source STEP with OCCT 7.9,False
0005__00055384__STEP__Part1,15,G0_only,0,1.2261853536838222e-16,90.0,0.0,computed from source STEP with OCCT 7.9,False
0005__00055384__STEP__Part1,16,G0_only,0,1.0432145449189136e-16,90.0,0.0,computed from source STEP with OCCT 7.9,False
0005__00055384__STEP__Part1,17,G0_only,0,1.1671614124655638e-16,90.0,0.0,computed from source STEP with OCCT 7.9,False
0005__00055384__STEP__Part1,18,G0_only,0,1.0525343108515168e-16,90.0,0.0,computed from source STEP with OCCT 7.9,False
0005__00055384__STEP__Part1,19,G0_only,0,1.1671614124655638e-16,90.0,0.0,computed from source STEP with OCCT 7.9,False
0005__00055384__STEP__Part1,20,G0_only,0,1.7677951882575034e-17,90.0,0.0,computed from source STEP with OCCT 7.9,False
0005__00055384__STEP__Part1,21,G0_only,0,2.0816681711721685e-17,90.0,0.0,computed from source STEP with OCCT 7.9,False
0005__00055384__STEP__Part1,22,G0_only,0,0.0,90.0,0.0,computed from source STEP with OCCT 7.9,False
0005__00055384__STEP__Part1,23,G0_only,0,0.0,90.0,0.0,computed from source STEP with OCCT 7.9,False
0005__00055384__STEP__Part1,24,G0_only,0,2.0816681711721685e-17,90.0,0.0,computed from source STEP with OCCT 7.9,False
0005__00057395__STEP__Part4,1,G0_only,0,0.0,90.0,0.0,computed from source STEP with OCCT 7.9,False
0005__00057395__STEP__Part4,2,G0_only,0,0.0,90.0,0.0,computed from source STEP with OCCT 7.9,False
0005__00057395__STEP__Part4,3,G0_only,0,0.0,90.0,0.0,computed from source STEP with OCCT 7.9,False
0005__00057395__STEP__Part4,4,G0_only,0,0.0,89.99999999999999,0.0,computed from source STEP with OCCT 7.9,False
0005__00057395__STEP__Part4,5,G0_only,0,0.0,90.0,0.0,computed from source STEP with OCCT 7.9,False
0005__00057395__STEP__Part4,6,G1_only,1,1.517001421955132e-11,1.774969227734448e-11,8.848990759797665,computed from source STEP with OCCT 7.9,False
0005__00057395__STEP__Part4,7,G0_only,0,0.0,90.0,0.0,computed from source STEP with OCCT 7.9,False
0005__00057395__STEP__Part4,8,G0_only,0,0.0,90.0,0.0,computed from source STEP with OCCT 7.9,False
0005__00057395__STEP__Part4,9,G0_only,0,0.0,90.0,0.0,computed from source STEP with OCCT 7.9,False
0005__00057395__STEP__Part4,10,G1_only,1,5.502416546728843e-13,1.7742675568045943e-11,9.586003333871014,computed from source STEP with OCCT 7.9,False
0005__00057395__STEP__Part4,11,G0_only,0,0.0,90.0,0.0,computed from source STEP with OCCT 7.9,False
0005__00057395__STEP__Part4,12,G0_only,0,5.504276789322448e-13,89.9999999999763,9.586003333871014,computed from source STEP with OCCT 7.9,False
0005__00057395__STEP__Part4,13,G0_only,0,0.0,90.0,0.0,computed from source STEP with OCCT 7.9,False
0005__00057395__STEP__Part4,14,G0_only,0,1.6359106334237723e-11,89.99068843742646,8.848990759797665,computed from source STEP with OCCT 7.9,False
0005__00057395__STEP__Part4,15,G0_only,0,3.460701805837979e-14,90.0,9.586003333871012,computed from source STEP with OCCT 7.9,False
0005__00057395__STEP__Part4,16,G0_only,0,4.84849795394455e-13,90.0,9.586003333871012,computed from source STEP with OCCT 7.9,False
0005__00057395__STEP__Part4,17,G0_only,0,4.839320431497365e-13,90.0,8.848990759797667,computed from source STEP with OCCT 7.9,False
0005__00057395__STEP__Part4,18,G0_only,0,1.7565420345854123e-14,90.0,8.848990759797667,computed from source STEP with OCCT 7.9,False
0005__00057440__STEP__Part138,1,G0_only,0,7.523632242769939e-13,45.000000000146215,66.23035424495073,computed from source STEP with OCCT 7.9,False
0005__00057440__STEP__Part138,3,G0_only,0,4.238711266077506e-13,45.000000000146215,66.23035424496334,computed from source STEP with OCCT 7.9,False
0005__00057440__STEP__Part138,5,G0_only,0,1.061188424179096e-12,44.9999999998538,107.48290683601857,computed from source STEP with OCCT 7.9,False
0005__00057440__STEP__Part138,7,G0_only,0,1.0711152157615318e-12,44.9999999998538,107.48290683611202,computed from source STEP with OCCT 7.9,False
0006__00060113__STEP__Part3,1,G0_only,0,1.734723475976807e-18,90.0,0.0,computed from source STEP with OCCT 7.9,False
0006__00060113__STEP__Part3,2,G0_only,0,0.0,90.0,0.0,computed from source STEP with OCCT 7.9,False
0006__00060113__STEP__Part3,3,G0_only,0,0.0,90.0,0.0,computed from source STEP with OCCT 7.9,False
0006__00060113__STEP__Part3,4,G0_only,0,6.731199314273935e-17,89.99999999999999,0.0,computed from source STEP with OCCT 7.9,False
0006__00060113__STEP__Part3,5,G0_only,0,2.2618026913899002e-17,90.0,0.0,computed from source STEP with OCCT 7.9,False
0006__00060113__STEP__Part3,6,G0_only,0,2.6388917575408613e-18,90.0,0.0,computed from source STEP with OCCT 7.9,False
0006__00060113__STEP__Part3,7,G0_only,0,2.2551405187698492e-17,90.0,0.0,computed from source STEP with OCCT 7.9,False
0006__00060113__STEP__Part3,8,G0_only,0,0.0,90.0,0.0,computed from source STEP with OCCT 7.9,False
0006__00060113__STEP__Part3,9,G0_only,0,3.491063653003978e-17,90.0,0.0,computed from source STEP with OCCT 7.9,False
0006__00060113__STEP__Part3,10,G0_only,0,3.4867510341210807e-17,90.0,0.0,computed from source STEP with OCCT 7.9,False
0006__00060113__STEP__Part3,11,G0_only,0,4.9065389333867974e-18,90.0,0.0,computed from source STEP with OCCT 7.9,False
0006__00060113__STEP__Part3,12,G0_only,0,1.4304896245381992e-17,89.99999999999999,0.0,computed from source STEP with OCCT 7.9,False
0006__00060113__STEP__Part3,13,G0_only,0,2.0888836804026048e-17,90.0,0.0,computed from source STEP with OCCT 7.9,False
0006__00060113__STEP__Part3,14,G0_only,0,1.0408340855860843e-17,90.0,0.0,computed from source STEP with OCCT 7.9,False
0006__00060113__STEP__Part3,15,G0_only,0,1.3877787807814457e-17,90.0,0.0,computed from source STEP with OCCT 7.9,False
0006__00060113__STEP__Part3,16,G0_only,0,1.734723475976807e-17,89.99999999999999,0.0,computed from source STEP with OCCT 7.9,False
0006__00060113__STEP__Part3,17,G0_only,0,4.166948782366562e-17,90.0,0.0,computed from source STEP with OCCT 7.9,False
0006__00060113__STEP__Part3,18,G0_only,0,4.163336342344337e-17,90.0,0.0,computed from source STEP with OCCT 7.9,False
0006__00060113__STEP__Part3,19,G0_only,0,0.0,90.0,0.0,computed from source STEP with OCCT 7.9,False
0006__00060113__STEP__Part3,20,G0_only,0,1.4879154200890228e-17,90.0,0.0,computed from source STEP with OCCT 7.9,False
0006__00060113__STEP__Part3,21,G0_only,0,3.5369729985193076e-17,90.0,0.0,computed from source STEP with OCCT 7.9,False
0006__00060113__STEP__Part3,22,G0_only,0,2.7809732887839817e-17,90.0,0.0,computed from source STEP with OCCT 7.9,False
0006__00060113__STEP__Part3,23,G0_only,0,2.7755575615628914e-17,90.0,0.0,computed from source STEP with OCCT 7.9,False
0006__00060113__STEP__Part3,24,G0_only,0,4.563344992840996e-17,90.0,0.0,computed from source STEP with OCCT 7.9,False
0006__00060113__STEP__Part3,25,G0_only,0,9.120654356989535e-18,90.0,0.0,computed from source STEP with OCCT 7.9,False
0006__00060113__STEP__Part3,26,G0_only,0,9.813077866773595e-18,90.0,0.0,computed from source STEP with OCCT 7.9,False
0006__00060113__STEP__Part3,27,G0_only,0,3.479963794288643e-17,90.0,0.0,computed from source STEP with OCCT 7.9,False
0006__00060113__STEP__Part3,28,G0_only,0,6.171211571692979e-18,89.99999999999999,0.0,computed from source STEP with OCCT 7.9,False
0006__00060113__STEP__Part3,29,G0_only,0,2.2047696852689172e-17,90.0,0.0,computed from source STEP with OCCT 7.9,False
0006__00060113__STEP__Part3,30,G0_only,0,2.053214007759207e-17,89.99999999999997,0.0,computed from source STEP with OCCT 7.9,False
0006__00060113__STEP__Part3,31,G0_only,0,8.716586984185664e-18,90.0,0.0,computed from source STEP with OCCT 7.9,False
0006__00060113__STEP__Part3,32,G0_only,0,7.45477239107014e-18,90.0,0.0,computed from source STEP with OCCT 7.9,False
0006__00060113__STEP__Part3,33,G0_only,0,6.938893903907228e-18,90.0,0.0,computed from source STEP with OCCT 7.9,False
0006__00060113__STEP__Part3,34,G0_only,0,9.813077866773595e-18,90.0,0.0,computed from source STEP with OCCT 7.9,False
0006__00060113__STEP__Part3,35,G0_only,0,0.0,90.0,0.0,computed from source STEP with OCCT 7.9,False
0006__00060113__STEP__Part3,36,G0_only,0,6.938893903907228e-18,90.0,0.0,computed from source STEP with OCCT 7.9,False
0006__00060113__STEP__Part3,37,G0_only,0,0.0,90.0,0.0,computed from source STEP with OCCT 7.9,False
0006__00061138__STEP__Part3,1,G1_only,1,4.960607919906734e-13,2.7687056302107718e-11,67.2662765743577,computed from source STEP with OCCT 7.9,False
0006__00061138__STEP__Part3,2,G0_only,0,1.2423372081818379e-14,90.0,26.90651062974308,computed from source STEP with OCCT 7.9,False
0006__00061138__STEP__Part3,3,G1_only,1,5.040466644181459e-13,1.776021734129228e-11,67.2662765743577,computed from source STEP with OCCT 7.9,False
0006__00061138__STEP__Part3,4,G0_only,0,2.3436637781713004e-14,90.0,26.90651062974308,computed from source STEP with OCCT 7.9,False
0006__00061138__STEP__Part3,5,G1_only,1,4.778978351336215e-13,4.5058993596751485e-11,56.055230478630435,computed from source STEP with OCCT 7.9,False
0006__00061138__STEP__Part3,7,G1_only,1,4.938544226575543e-13,4.5066376491200535e-11,56.055230478630435,computed from source STEP with OCCT 7.9,False
0006__00061472__STEP__Part228,1,G0_only,0,2.9480583431558224e-13,90.0,60.0000000449952,computed from source STEP with OCCT 7.9,False
0006__00061472__STEP__Part228,2,G0_only,0,3.794356975104076e-15,90.0,60.0000000449952,computed from source STEP with OCCT 7.9,False
0006__00061472__STEP__Part657,1,G0_only,0,3.0267579287847257e-15,90.0,60.00000004499521,computed from source STEP with OCCT 7.9,False
0006__00061472__STEP__Part657,3,G0_only,0,5.03302633772208e-13,90.0,60.00000004499521,computed from source STEP with OCCT 7.9,False
0006__00061472__STEP__Part705,1,G0_only,0,1.000888002683315e-14,90.0,60.0000000449952,computed from source STEP with OCCT 7.9,False
0006__00061472__STEP__Part705,3,G0_only,0,3.4266120533194167e-13,90.0,60.00000004499522,computed from source STEP with OCCT 7.9,False
0006__00061590__STEP__Part1,1,G0_only,0,8.673617379884035e-19,90.0,0.0,computed from source STEP with OCCT 7.9,False
0006__00061590__STEP__Part1,2,G0_only,0,8.673617379884035e-19,90.0,0.0,computed from source STEP with OCCT 7.9,False
0006__00061590__STEP__Part1,3,G0_only,0,1.734723475976807e-18,90.0,0.0,computed from source STEP with OCCT 7.9,False
0006__00061590__STEP__Part1,4,G0_only,0,8.673617379884035e-19,90.0,0.0,computed from source STEP with OCCT 7.9,False
0006__00061590__STEP__Part1,5,G0_only,0,1.3880649189839203e-17,90.0,0.0,computed from source STEP with OCCT 7.9,False
0006__00061590__STEP__Part1,6,G0_only,0,3.680920250895559e-19,90.0,0.0,computed from source STEP with OCCT 7.9,False
0006__00061590__STEP__Part1,7,G0_only,0,8.673617379884035e-19,90.0,0.0,computed from source STEP with OCCT 7.9,False
0006__00061590__STEP__Part1,8,G0_only,0,0.0,90.0,0.0,computed from source STEP with OCCT 7.9,False
0006__00061590__STEP__Part1,9,G0_only,0,8.673617379884035e-19,90.0,0.0,computed from source STEP with OCCT 7.9,False
0006__00061590__STEP__Part1,10,G0_only,0,8.673617379884035e-19,90.0,0.0,computed from source STEP with OCCT 7.9,False
0006__00061590__STEP__Part1,11,G0_only,0,1.734723475976807e-18,90.0,0.0,computed from source STEP with OCCT 7.9,False
0006__00061590__STEP__Part1,12,G0_only,0,8.673617379884035e-19,90.0,0.0,computed from source STEP with OCCT 7.9,False
0006__00061590__STEP__Part1,13,G0_only,0,1.3880649189839203e-17,90.0,0.0,computed from source STEP with OCCT 7.9,False
0006__00061590__STEP__Part1,14,G0_only,0,0.0,90.0,0.0,computed from source STEP with OCCT 7.9,False
0006__00061590__STEP__Part1,15,G0_only,0,8.673617379884035e-19,90.0,0.0,computed from source STEP with OCCT 7.9,False
0006__00061590__STEP__Part1,16,G0_only,0,3.680920250895559e-19,90.0,0.0,computed from source STEP with OCCT 7.9,False
0006__00061590__STEP__Part1,17,G0_only,0,6.944614899498823e-18,90.0,0.0,computed from source STEP with OCCT 7.9,False
0006__00061590__STEP__Part1,18,G0_only,0,0.0,90.0,0.0,computed from source STEP with OCCT 7.9,False
0006__00061590__STEP__Part1,19,G0_only,0,1.0780117491488163e-17,90.0,0.0,computed from source STEP with OCCT 7.9,False
0006__00061590__STEP__Part1,20,G0_only,0,3.680920250895559e-19,90.0,0.0,computed from source STEP with OCCT 7.9,False
0006__00061590__STEP__Part1,21,G0_only,0,0.0,90.0,0.0,computed from source STEP with OCCT 7.9,False
0006__00061590__STEP__Part1,22,G0_only,0,0.0,90.0,0.0,computed from source STEP with OCCT 7.9,False
0006__00061590__STEP__Part1,23,G0_only,0,0.0,90.0,0.0,computed from source STEP with OCCT 7.9,False
0006__00061590__STEP__Part1,24,G0_only,0,1.2266347333466993e-18,90.0,0.0,computed from source STEP with OCCT 7.9,False
0006__00063928__STEP__Part3,1,G0_only,0,5.254611887220915e-11,89.40965218189116,113.21680703880338,computed from source STEP with OCCT 7.9,False
0006__00063928__STEP__Part3,2,G1_only,1,2.5229368388077772e-14,2.3688771267540272e-11,113.21680703880338,computed from source STEP with OCCT 7.9,False
0006__00063928__STEP__Part3,3,G0_only,0,1.9775627203468098e-11,89.3687285128196,113.21680703880344,computed from source STEP with OCCT 7.9,False
0006__00063928__STEP__Part3,4,G1_only,1,1.5093536700313979e-13,1.7749692277344473e-11,113.21680703880337,computed from source STEP with OCCT 7.9,False
0006__00063928__STEP__Part3,5,G0_only,0,7.90777407343186e-11,88.83173745994019,113.2168070388034,computed from source STEP with OCCT 7.9,False
0006__00063928__STEP__Part3,6,G1_only,1,7.893898951505177e-14,1.7749692277344476e-11,113.21680703880338,computed from source STEP with OCCT 7.9,False
0006__00063928__STEP__Part3,7,G0_only,0,9.958284090133537e-11,88.79097845449196,113.2168070388034,computed from source STEP with OCCT 7.9,False
0006__00063928__STEP__Part3,8,G1_only,1,9.601010086320102e-14,2.3700182286394913e-11,113.21680703880338,computed from source STEP with OCCT 7.9,False
0006__00063928__STEP__Part3,9,G0_only,0,4.336808689942018e-19,90.0,0.0,computed from source STEP with OCCT 7.9,False
0006__00063928__STEP__Part3,10,G0_only,0,9.958343039309092e-11,88.79097845448594,113.2168070388034,computed from source STEP with OCCT 7.9,False
0006__00063928__STEP__Part3,11,G0_only,0,1.626019558307659e-13,83.79107503958602,0.0,computed from source STEP with OCCT 7.9,False
0006__00063928__STEP__Part3,12,G0_only,0,0.0,90.0,0.0,computed from source STEP with OCCT 7.9,False
0006__00063928__STEP__Part3,13,G0_only,0,3.369971414743786e-13,86.76255213023029,0.0,computed from source STEP with OCCT 7.9,False
0006__00063928__STEP__Part3,14,G0_only,0,1.941411811956422e-11,89.36872851281838,113.2168070388034,computed from source STEP with OCCT 7.9,False
0006__00063928__STEP__Part3,15,G1_only,1,2.854133832561048e-13,1.1850091143197456e-11,113.21680703880338,computed from source STEP with OCCT 7.9,False
0006__00063928__STEP__Part3,16,G0_only,0,9.790228498995615e-14,84.001144875066,0.0,computed from source STEP with OCCT 7.9,False
0006__00063928__STEP__Part3,17,G0_only,0,7.907854761718284e-11,88.83173745994152,113.2168070388034,computed from source STEP with OCCT 7.9,False
0006__00063928__STEP__Part3,18,G1_only,1,1.170226799991572e-13,5.9285539262479955e-12,113.21680703880338,computed from source STEP with OCCT 7.9,False
0006__00063928__STEP__Part3,19,G0_only,0,5.2573178727721e-11,89.40965218189096,113.2168070388034,computed from source STEP with OCCT 7.9,False
0006__00063928__STEP__Part3,20,G1_only,1,4.651853189749813e-13,5.9285539262479955e-12,113.21680703880337,computed from source STEP with OCCT 7.9,False
0006__00063928__STEP__Part3,21,G1_only,1,1.691446730921956e-14,1.1882552289947699e-11,113.21680703880338,computed from source STEP with OCCT 7.9,False
0006__00063928__STEP__Part3,22,G0_only,0,4.336808689942018e-19,90.0,0.0,computed from source STEP with OCCT 7.9,False
0006__00063928__STEP__Part3,23,G0_only,0,2.67057104299048e-13,86.9726219657103,0.0,computed from source STEP with OCCT 7.9,False
0006__00063928__STEP__Part3,24,G0_only,0,0.0,90.0,0.0,computed from source STEP with OCCT 7.9,False
0006__00065249__STEP__Part79,1,G0_only,0,0.0,90.0,0.0,computed from source STEP with OCCT 7.9,False
0006__00065249__STEP__Part79,2,G0_only,0,0.0,90.0,0.0,computed from source STEP with OCCT 7.9,False
0006__00065249__STEP__Part79,3,G0_only,0,0.0,90.0,0.0,computed from source STEP with OCCT 7.9,False
0006__00065249__STEP__Part79,4,G0_only,0,0.0,90.0,0.0,computed from source STEP with OCCT 7.9,False
0006__00065249__STEP__Part79,5,G0_only,0,1.953018593148072e-14,90.0,3552.0118481254794,computed from source STEP with OCCT 7.9,False
0006__00065249__STEP__Part79,6,G0_only,0,1.953018593148072e-14,90.0,3552.0118481254794,computed from source STEP with OCCT 7.9,False
0006__00065249__STEP__Part79,7,G0_only,0,1.953018593148072e-14,90.0,3552.0118481254794,computed from source STEP with OCCT 7.9,False
0006__00065249__STEP__Part79,8,G0_only,0,1.953018593148072e-14,90.0,3552.0118481254794,computed from source STEP with OCCT 7.9,False
0006__00065249__STEP__Part79,9,G0_only,0,1.953018593148072e-14,90.0,3552.0118481254794,computed from source STEP with OCCT 7.9,False
0006__00065249__STEP__Part79,10,G0_only,0,1.953018593148072e-14,90.0,3552.0118481254794,computed from source STEP with OCCT 7.9,False
0006__00065249__STEP__Part79,11,G0_only,0,1.953018593148072e-14,90.0,3552.0118481254794,computed from source STEP with OCCT 7.9,False
0006__00065249__STEP__Part79,12,G0_only,0,1.953018593148072e-14,90.0,3552.0118481254794,computed from source STEP with OCCT 7.9,False
0006__00065249__STEP__Part79,13,G0_only,0,1.7082177130280253e-14,90.0,3552.0118481254794,computed from source STEP with OCCT 7.9,False
0006__00065249__STEP__Part79,15,G0_only,0,0.0,90.0,0.0,computed from source STEP with OCCT 7.9,False
0006__00065249__STEP__Part79,16,G0_only,0,0.0,90.0,0.0,computed from source STEP with OCCT 7.9,False
0006__00065249__STEP__Part79,17,G0_only,0,0.0,90.0,0.0,computed from source STEP with OCCT 7.9,False
0006__00065249__STEP__Part79,18,G0_only,0,0.0,90.0,0.0,computed from source STEP with OCCT 7.9,False
0006__00065249__STEP__Part79,19,G0_only,0,0.0,90.0,0.0,computed from source STEP with OCCT 7.9,False
0006__00065249__STEP__Part79,20,G0_only,0,0.0,90.0,0.0,computed from source STEP with OCCT 7.9,False
0006__00065249__STEP__Part79,21,G0_only,0,1.7082177130280253e-14,90.0,3552.0118481254794,computed from source STEP with OCCT 7.9,False
0006__00065249__STEP__Part79,22,G0_only,0,1.7082177130280253e-14,90.0,3552.0118481254794,computed from source STEP with OCCT 7.9,False
0006__00065249__STEP__Part79,23,G0_only,0,1.7082177130280253e-14,90.0,3552.0118481254794,computed from source STEP with OCCT 7.9,False
0006__00065249__STEP__Part79,24,G0_only,0,1.7082177130280253e-14,90.0,3552.0118481254794,computed from source STEP with OCCT 7.9,False
0006__00065249__STEP__Part79,25,G0_only,0,1.7082177130280253e-14,90.0,3552.0118481254794,computed from source STEP with OCCT 7.9,False
0006__00065249__STEP__Part79,26,G0_only,0,1.7082177130280253e-14,90.0,3552.0118481254794,computed from source STEP with OCCT 7.9,False
0006__00065249__STEP__Part79,27,G0_only,0,1.7082177130280253e-14,90.0,3552.0118481254794,computed from source STEP with OCCT 7.9,False
0006__00065249__STEP__Part79,28,G0_only,0,0.0,90.0,0.0,computed from source STEP with OCCT 7.9,False
0006__00065249__STEP__Part79,34,G0_only,0,0.0,90.0,0.0,computed from source STEP with OCCT 7.9,False
0006__00065250__STEP__Part183,1,G0_only,0,1.260154027332998e-13,49.00000000101272,1362.1632982180327,computed from source STEP with OCCT 7.9,False
0006__00065250__STEP__Part183,3,G0_only,0,7.34415276217049e-13,40.9999999989873,1867.0546666438734,computed from source STEP with OCCT 7.9,False
0006__00065250__STEP__Part183,4,G0_only,0,4.90266436228746e-13,90.0,3350.9545737047642,computed from source STEP with OCCT 7.9,False
0006__00065250__STEP__Part183,6,G0_only,0,0.0,90.0,0.0,computed from source STEP with OCCT 7.9,False
0006__00065250__STEP__Part183,7,G0_only,0,9.998946115530316e-15,90.0,0.0,computed from source STEP with OCCT 7.9,False
0006__00065250__STEP__Part183,8,G0_only,0,0.0,90.0,0.0,computed from source STEP with OCCT 7.9,False
0006__00065250__STEP__Part183,9,G0_only,0,0.0,90.0,0.0,computed from source STEP with OCCT 7.9,False
0006__00065250__STEP__Part183,10,G0_only,0,1.260154027332998e-13,49.00000000101272,1362.1632982180327,computed from source STEP with OCCT 7.9,False
0006__00065250__STEP__Part183,11,G0_only,0,1.260154027332998e-13,49.00000000101272,1362.1632982180327,computed from source STEP with OCCT 7.9,False
0006__00065250__STEP__Part183,12,G0_only,0,1.260154027332998e-13,49.00000000101272,1362.1632982180327,computed from source STEP with OCCT 7.9,False
0006__00065250__STEP__Part183,13,G0_only,0,0.0,90.0,0.0,computed from source STEP with OCCT 7.9,False
0006__00065250__STEP__Part183,14,G0_only,0,0.0,90.0,0.0,computed from source STEP with OCCT 7.9,False
0006__00065250__STEP__Part183,15,G0_only,0,0.0,90.0,0.0,computed from source STEP with OCCT 7.9,False
0006__00065250__STEP__Part183,16,G0_only,0,9.998946115530316e-15,90.0,0.0,computed from source STEP with OCCT 7.9,False
0006__00065250__STEP__Part183,17,G0_only,0,4.90266436228746e-13,90.0,3350.9545737047642,computed from source STEP with OCCT 7.9,False
0006__00065250__STEP__Part183,18,G0_only,0,4.90266436228746e-13,90.0,3350.9545737047642,computed from source STEP with OCCT 7.9,False
0006__00065250__STEP__Part183,19,G0_only,0,4.90266436228746e-13,90.0,3350.9545737047642,computed from source STEP with OCCT 7.9,False
0006__00065250__STEP__Part183,20,G0_only,0,9.998946115530316e-15,90.0,0.0,computed from source STEP with OCCT 7.9,False
0006__00065250__STEP__Part183,21,G0_only,0,0.0,90.0,0.0,computed from source STEP with OCCT 7.9,False
0006__00065250__STEP__Part183,22,G0_only,0,0.0,90.0,0.0,computed from source STEP with OCCT 7.9,False
0006__00065250__STEP__Part183,24,G0_only,0,7.34415276217049e-13,40.9999999989873,1867.0546666438734,computed from source STEP with OCCT 7.9,False
0006__00065250__STEP__Part183,25,G0_only,0,9.998946115530316e-15,90.0,0.0,computed from source STEP with OCCT 7.9,False
0006__00065250__STEP__Part183,28,G0_only,0,7.34415276217049e-13,40.9999999989873,1867.0546666438734,computed from source STEP with OCCT 7.9,False
0006__00065250__STEP__Part183,31,G0_only,0,7.34415276217049e-13,40.9999999989873,1867.0546666438734,computed from source STEP with OCCT 7.9,False
0006__00065289__STEP__Part79,1,G0_only,0,0.0,90.0,0.0,computed from source STEP with OCCT 7.9,False
0006__00065289__STEP__Part79,2,G0_only,0,0.0,90.0,0.0,computed from source STEP with OCCT 7.9,False
0006__00065289__STEP__Part79,3,G0_only,0,9.998946115530316e-15,90.0,0.0,computed from source STEP with OCCT 7.9,False
0006__00065289__STEP__Part79,4,G0_only,0,0.0,90.0,0.0,computed from source STEP with OCCT 7.9,False
0006__00065289__STEP__Part79,5,G0_only,0,0.0,90.0,0.0,computed from source STEP with OCCT 7.9,False
0006__00065289__STEP__Part79,6,G0_only,0,9.998946115530316e-15,90.0,0.0,computed from source STEP with OCCT 7.9,False
0006__00065289__STEP__Part79,7,G0_only,0,0.0,90.0,0.0,computed from source STEP with OCCT 7.9,False
0006__00065289__STEP__Part79,8,G0_only,0,0.0,90.0,0.0,computed from source STEP with OCCT 7.9,False
0006__00065289__STEP__Part79,9,G0_only,0,0.0,90.0,0.0,computed from source STEP with OCCT 7.9,False
0006__00065289__STEP__Part79,10,G0_only,0,9.998946115530316e-15,90.0,0.0,computed from source STEP with OCCT 7.9,False
0006__00065289__STEP__Part79,11,G0_only,0,0.0,90.0,0.0,computed from source STEP with OCCT 7.9,False
0006__00065289__STEP__Part79,12,G0_only,0,6.100361241570395e-15,90.0,3552.0118481254794,computed from source STEP with OCCT 7.9,False
0006__00065289__STEP__Part79,13,G0_only,0,6.100361241570395e-15,90.0,3552.0118481254794,computed from source STEP with OCCT 7.9,False
0006__00065289__STEP__Part79,14,G0_only,0,6.100361241570395e-15,90.0,3552.0118481254794,computed from source STEP with OCCT 7.9,False
0006__00065289__STEP__Part79,15,G0_only,0,6.100361241570395e-15,90.0,3552.0118481254794,computed from source STEP with OCCT 7.9,False
0006__00065289__STEP__Part79,16,G0_only,0,6.100361241570395e-15,90.0,3552.0118481254794,computed from source STEP with OCCT 7.9,False
0006__00065289__STEP__Part79,17,G0_only,0,6.100361241570395e-15,90.0,3552.0118481254794,computed from source STEP with OCCT 7.9,False
0006__00065289__STEP__Part79,18,G0_only,0,6.100361241570395e-15,90.0,3552.0118481254794,computed from source STEP with OCCT 7.9,False
0006__00065289__STEP__Part79,19,G0_only,0,6.100361241570395e-15,90.0,3552.0118481254794,computed from source STEP with OCCT 7.9,False
0006__00065289__STEP__Part79,20,G0_only,0,9.998946115530316e-15,90.0,0.0,computed from source STEP with OCCT 7.9,False
0006__00065289__STEP__Part79,21,G0_only,0,1.1262406238703698e-14,90.0,3552.0118481254794,computed from source STEP with OCCT 7.9,False
0006__00065289__STEP__Part79,22,G0_only,0,1.1262406238703698e-14,90.0,3552.0118481254794,computed from source STEP with OCCT 7.9,False
0006__00065289__STEP__Part79,23,G0_only,0,1.1262406238703698e-14,90.0,3552.0118481254794,computed from source STEP with OCCT 7.9,False
0006__00065289__STEP__Part79,24,G0_only,0,1.1262406238703698e-14,90.0,3552.0118481254794,computed from source STEP with OCCT 7.9,False
0006__00065289__STEP__Part79,25,G0_only,0,1.1262406238703698e-14,90.0,3552.0118481254794,computed from source STEP with OCCT 7.9,False
0006__00065289__STEP__Part79,26,G0_only,0,1.1262406238703698e-14,90.0,3552.0118481254794,computed from source STEP with OCCT 7.9,False
0006__00065289__STEP__Part79,27,G0_only,0,1.1262406238703698e-14,90.0,3552.0118481254794,computed from source STEP with OCCT 7.9,False
0006__00065289__STEP__Part79,28,G0_only,0,1.1262406238703698e-14,90.0,3552.0118481254794,computed from source STEP with OCCT 7.9,False
0006__00066346__STEP__Part1,1,G0_only,0,1.2412670766236366e-16,90.0,9.445664905766774,computed from source STEP with OCCT 7.9,False
0006__00066346__STEP__Part1,3,G0_only,0,5.799805213469035e-13,90.0,9.445664905766774,computed from source STEP with OCCT 7.9,False
0006__00066346__STEP__Part1,4,G0_only,0,1.974426382864592e-14,90.0,19.559414154032936,computed from source STEP with OCCT 7.9,False
0006__00066346__STEP__Part1,5,G0_only,0,3.599456223793075e-14,90.0,10.717464598243113,computed from source STEP with OCCT 7.9,False
0006__00066346__STEP__Part1,6,G0_only,0,3.599439101788814e-14,90.0,10.717464598243113,computed from source STEP with OCCT 7.9,False
0006__00066346__STEP__Part1,8,G1_only,1,9.077388762230221e-15,2.480832651541543e-11,19.55941415403294,computed from source STEP with OCCT 7.9,False
0006__00066346__STEP__Part1,10,G1_only,1,1.8594247097000396e-14,4.4095210103810193e-11,19.559414154032943,computed from source STEP with OCCT 7.9,False
0006__00066346__STEP__Part1,11,G1_only,1,5.800544827942738e-13,2.7687056302107718e-11,26.079218872043917,computed from source STEP with OCCT 7.9,False
0006__00067394__STEP__Part26,1,G0_only,0,1.3877787807814457e-16,89.99999999999999,0.0,computed from source STEP with OCCT 7.9,False
0006__00067394__STEP__Part26,2,G0_only,0,1.8041124150158794e-16,90.0,0.0,computed from source STEP with OCCT 7.9,False
0006__00067394__STEP__Part26,3,G0_only,0,5.073199196392694e-13,89.99999999999999,0.0,computed from source STEP with OCCT 7.9,False
0006__00067394__STEP__Part26,4,G0_only,0,1.3877787807814457e-16,90.0,0.0,computed from source STEP with OCCT 7.9,False
0006__00067394__STEP__Part26,5,G0_only,0,4.215294973253031e-13,89.99999999999999,0.0,computed from source STEP with OCCT 7.9,False
0006__00067394__STEP__Part26,6,G0_only,0,2.0816681711721685e-16,90.0,0.0,computed from source STEP with OCCT 7.9,False
0006__00067394__STEP__Part26,7,G0_only,0,0.0,90.0,0.0,computed from source STEP with OCCT 7.9,False
0006__00067394__STEP__Part26,8,G0_only,0,0.0,90.0,0.0,computed from source STEP with OCCT 7.9,False
0006__00067394__STEP__Part26,9,G0_only,0,0.0,90.0,0.0,computed from source STEP with OCCT 7.9,False
0006__00067394__STEP__Part26,10,G0_only,0,1.3877787807814457e-17,90.0,0.0,computed from source STEP with OCCT 7.9,False
0006__00067394__STEP__Part26,11,G0_only,0,1.3877787807814457e-17,90.0,0.0,computed from source STEP with OCCT 7.9,False
0006__00067394__STEP__Part26,12,G0_only,0,0.0,90.0,0.0,computed from source STEP with OCCT 7.9,False
0006__00067394__STEP__Part26,13,G0_only,0,5.687770786451706e-13,90.0,0.0,computed from source STEP with OCCT 7.9,False
0006__00067394__STEP__Part26,14,G0_only,0,3.99661352946011e-13,90.0,0.0,computed from source STEP with OCCT 7.9,False
0006__00067394__STEP__Part26,15,G0_only,0,3.0833883694710906e-14,90.0,0.0,computed from source STEP with OCCT 7.9,False
0006__00067394__STEP__Part26,16,G0_only,0,6.337892967958746e-13,90.0,0.0,computed from source STEP with OCCT 7.9,False
0006__00067394__STEP__Part26,17,G0_only,0,9.723016331637901e-14,90.0,0.0,computed from source STEP with OCCT 7.9,False
0006__00067394__STEP__Part26,18,G0_only,0,3.7223676033341535e-13,90.0,0.0,computed from source STEP with OCCT 7.9,False
0006__00068180__STEP__Part40,1,G0_only,0,1.7915722010960883e-09,44.9999999998538,81.52448389333456,computed from source STEP with OCCT 7.9,False
0006__00068180__STEP__Part40,2,G0_only,0,1.7916219339815038e-09,44.9999999998538,81.52448389147595,computed from source STEP with OCCT 7.9,False
0006__00068180__STEP__Part40,3,G0_only,0,2.9761364576239244e-10,45.00000000014632,61.29968960569453,computed from source STEP with OCCT 7.9,False
0006__00068180__STEP__Part40,5,G0_only,0,7.493496712051331e-08,45.00000000382977,61.29806467775956,computed from source STEP with OCCT 7.9,False
0006__00068180__STEP__Part40,6,G0_only,0,7.493503295834439e-08,45.00000000382979,61.29968800681197,computed from source STEP with OCCT 7.9,False
0006__00068180__STEP__Part40,7,G0_only,0,2.976131474812646e-10,45.00000000014631,61.297963791746334,computed from source STEP with OCCT 7.9,False
0006__00069513__STEP__Part7,1,G0_only,0,1.973782976863239e-15,90.0,107.61260070326685,computed from source STEP with OCCT 7.9,False
0006__00069513__STEP__Part7,2,G0_only,0,9.586842369967907e-15,90.0,40.35472526372942,computed from source STEP with OCCT 7.9,False
0006__00069513__STEP__Part7,3,G0_only,0,1.925818093945701e-15,90.0,107.61260070326685,computed from source STEP with OCCT 7.9,False
0006__00069513__STEP__Part7,4,G0_only,0,9.5665306552504e-15,90.0,40.35472526372942,computed from source STEP with OCCT 7.9,False
0007__00070499__STEP__Part446,1,G0_only,0,1.7716635738007882e-13,90.0,0.0,computed from source STEP with OCCT 7.9,False
0007__00070499__STEP__Part446,2,G0_only,0,8.010685158464846e-13,35.05581602721062,0.0,computed from source STEP with OCCT 7.9,False
0007__00070499__STEP__Part446,3,G0_only,0,5.060651762614569e-13,90.0,0.0,computed from source STEP with OCCT 7.9,False
0007__00070499__STEP__Part446,4,G0_only,0,1.176705320805021e-13,54.94418397278938,0.0,computed from source STEP with OCCT 7.9,False
0007__00070499__STEP__Part446,5,G0_only,0,0.0,90.0,0.0,computed from source STEP with OCCT 7.9,False
0007__00070499__STEP__Part446,6,G0_only,0,1.0376421943902869e-13,90.0,0.0,computed from source STEP with OCCT 7.9,False
0007__00070499__STEP__Part446,7,G0_only,0,1.0376421943902869e-13,90.0,0.0,computed from source STEP with OCCT 7.9,False
0007__00070499__STEP__Part446,8,G0_only,0,0.0,90.0,0.0,computed from source STEP with OCCT 7.9,False
0007__00070499__STEP__Part446,9,G0_only,0,1.0000056338554941e-12,90.0,0.0,computed from source STEP with OCCT 7.9,False
0007__00071097__STEP__Part435,1,G0_only,0,5.054944682387629e-13,90.0,105.36099620722385,computed from source STEP with OCCT 7.9,False
0007__00071097__STEP__Part435,2,G0_only,0,5.054859682653621e-13,90.0,280.21541544482346,computed from source STEP with OCCT 7.9,False
0007__00071097__STEP__Part435,3,G0_only,0,1.8918214184818443e-13,90.0,280.21541544482346,computed from source STEP with OCCT 7.9,False
0007__00071097__STEP__Part435,5,G0_only,0,1.8909774517787737e-13,90.0,105.36099620722385,computed from source STEP with OCCT 7.9,False
0007__00071443__STEP__Part2,1,G0_only,0,3.469446951953614e-18,90.0,0.0,computed from source STEP with OCCT 7.9,False
0007__00071443__STEP__Part2,2,G0_only,0,0.0,89.99999999999999,0.0,computed from source STEP with OCCT 7.9,False
0007__00071443__STEP__Part2,3,G0_only,0,0.0,90.0,0.0,computed from source STEP with OCCT 7.9,False
0007__00071443__STEP__Part2,4,G0_only,0,0.0,90.0,0.0,computed from source STEP with OCCT 7.9,False
0007__00071443__STEP__Part2,5,G0_only,0,0.0,90.0,0.0,computed from source STEP with OCCT 7.9,False
0007__00071443__STEP__Part2,6,G0_only,0,3.1031676915590914e-17,90.0,0.0,computed from source STEP with OCCT 7.9,False
0007__00071443__STEP__Part2,7,G0_only,0,2.7755575615628914e-17,90.0,0.0,computed from source STEP with OCCT 7.9,False
0007__00071443__STEP__Part2,8,G0_only,0,2.7755575615628914e-17,90.0,0.0,computed from source STEP with OCCT 7.9,False
0007__00071443__STEP__Part2,9,G0_only,0,0.0,90.0,0.0,computed from source STEP with OCCT 7.9,False
0007__00071443__STEP__Part2,10,G0_only,0,0.0,90.0,0.0,computed from source STEP with OCCT 7.9,False
0007__00071443__STEP__Part2,11,G0_only,0,5.551115123125783e-17,90.0,0.0,computed from source STEP with OCCT 7.9,False
0007__00071443__STEP__Part2,12,G0_only,0,2.7755575615628914e-17,90.0,0.0,computed from source STEP with OCCT 7.9,False
0007__00071443__STEP__Part2,13,G0_only,0,2.7755575615628914e-17,90.0,0.0,computed from source STEP with OCCT 7.9,False
0007__00071443__STEP__Part2,14,G0_only,0,3.1031676915590914e-17,90.0,0.0,computed from source STEP with OCCT 7.9,False
0007__00071443__STEP__Part2,15,G0_only,0,0.0,90.0,0.0,computed from source STEP with OCCT 7.9,False
0007__00071443__STEP__Part2,16,G0_only,0,3.469446951953614e-18,90.0,0.0,computed from source STEP with OCCT 7.9,False
0007__00071443__STEP__Part2,17,G0_only,0,0.0,90.0,0.0,computed from source STEP with OCCT 7.9,False
0007__00071443__STEP__Part2,18,G0_only,0,0.0,90.0,0.0,computed from source STEP with OCCT 7.9,False
0007__00071443__STEP__Part2,19,G0_only,0,5.561946577567963e-17,90.0,0.0,computed from source STEP with OCCT 7.9,False
0007__00071443__STEP__Part2,20,G0_only,0,0.0,89.99999999999999,0.0,computed from source STEP with OCCT 7.9,False
0007__00071443__STEP__Part2,21,G0_only,0,2.797157557069881e-17,90.0,0.0,computed from source STEP with OCCT 7.9,False
0007__00071443__STEP__Part2,22,G0_only,0,0.0,90.0,0.0,computed from source STEP with OCCT 7.9,False
0007__00071443__STEP__Part2,23,G0_only,0,2.797157557069881e-17,90.0,0.0,computed from source STEP with OCCT 7.9,False
0007__00071443__STEP__Part2,24,G0_only,0,1.3877787807814457e-17,90.0,0.0,computed from source STEP with OCCT 7.9,False
0007__00071443__STEP__Part2,25,G0_only,0,3.122502256758253e-17,90.0,0.0,computed from source STEP with OCCT 7.9,False
0007__00071443__STEP__Part2,26,G0_only,0,1.3877787807814457e-17,90.0,0.0,computed from source STEP with OCCT 7.9,False
0007__00071443__STEP__Part2,27,G0_only,0,3.469446951953614e-18,90.0,0.0,computed from source STEP with OCCT 7.9,False
0007__00071443__STEP__Part2,28,G0_only,0,3.469446951953614e-18,90.0,0.0,computed from source STEP with OCCT 7.9,False
0007__00071443__STEP__Part2,29,G0_only,0,1.3877787807814457e-17,90.0,0.0,computed from source STEP with OCCT 7.9,False
0007__00071443__STEP__Part2,30,G0_only,0,3.122502256758253e-17,90.0,0.0,computed from source STEP with OCCT 7.9,False
0007__00071443__STEP__Part2,31,G0_only,0,1.962615573354719e-17,90.0,0.0,computed from source STEP with OCCT 7.9,False
0007__00071443__STEP__Part2,32,G0_only,0,2.797157557069881e-17,90.0,0.0,computed from source STEP with OCCT 7.9,False
0007__00071443__STEP__Part2,33,G0_only,0,2.7755575615628914e-17,90.0,0.0,computed from source STEP with OCCT 7.9,False
0007__00071443__STEP__Part2,34,G0_only,0,2.797157557069881e-17,90.0,0.0,computed from source STEP with OCCT 7.9,False
0007__00071443__STEP__Part2,35,G0_only,0,0.0,89.99999999999999,0.0,computed from source STEP with OCCT 7.9,False
0007__00071443__STEP__Part2,36,G0_only,0,3.469446951953614e-18,90.0,0.0,computed from source STEP with OCCT 7.9,False
0007__00071759__STEP__Part5,1,G0_only,0,4.400466227149451e-15,90.0,108.79200006298936,computed from source STEP with OCCT 7.9,False
0007__00071759__STEP__Part5,3,G0_only,0,1.9151378600908095e-15,90.0,108.79200006298933,computed from source STEP with OCCT 7.9,False
0007__00071759__STEP__Part5,4,G0_only,0,3.188394831555447e-15,90.0,108.79200006298933,computed from source STEP with OCCT 7.9,False
0007__00071759__STEP__Part5,5,G0_only,0,2.091910023732523e-14,90.0,13.599000007872926,computed from source STEP with OCCT 7.9,False
0007__00071759__STEP__Part5,6,G0_only,0,2.072522045462583e-14,90.0,13.599000007872926,computed from source STEP with OCCT 7.9,False
0007__00072554__STEP__Part3,1,G0_only,0,1.9540102647498285e-16,90.0,0.0,computed from source STEP with OCCT 7.9,False
0007__00072554__STEP__Part3,2,G0_only,0,6.177174679671291e-16,89.99999999999999,0.0,computed from source STEP with OCCT 7.9,False
0007__00072554__STEP__Part3,3,G0_only,0,5.620402023341546e-17,90.0,0.0,computed from source STEP with OCCT 7.9,False
0007__00072554__STEP__Part3,4,G0_only,0,6.12040337055751e-16,89.99999999999999,0.0,computed from source STEP with OCCT 7.9,False
0007__00072554__STEP__Part3,5,G0_only,0,4.4711682383616416e-15,90.0,0.0,computed from source STEP with OCCT 7.9,False
0007__00072554__STEP__Part3,6,G0_only,0,7.782704976483342e-16,90.0,0.0,computed from source STEP with OCCT 7.9,False
0007__00072554__STEP__Part3,7,G0_only,0,3.1286640826953805e-16,90.0,0.0,computed from source STEP with OCCT 7.9,False
0007__00072554__STEP__Part3,8,G0_only,0,7.772800161809615e-16,90.0,0.0,computed from source STEP with OCCT 7.9,False
0007__00072554__STEP__Part3,9,G0_only,0,1.0054454872387961e-15,90.0,0.0,computed from source STEP with OCCT 7.9,False
0007__00072554__STEP__Part3,10,G0_only,0,4.40641070797246e-15,89.99999999999999,0.0,computed from source STEP with OCCT 7.9,False
0007__00072554__STEP__Part3,11,G0_only,0,1.0054454872387961e-15,90.0,0.0,computed from source STEP with OCCT 7.9,False
0007__00072554__STEP__Part3,12,G0_only,0,6.076585542783404e-16,89.99999999999997,0.0,computed from source STEP with OCCT 7.9,False
0007__00072554__STEP__Part3,13,G0_only,0,1.3823479390564337e-16,90.0,0.0,computed from source STEP with OCCT 7.9,False
0007__00072554__STEP__Part3,14,G0_only,0,5.367336476259647e-16,89.99999999999997,0.0,computed from source STEP with OCCT 7.9,False
0007__00072554__STEP__Part3,15,G0_only,0,7.782704976483342e-16,90.0,0.0,computed from source STEP with OCCT 7.9,False
0007__00072554__STEP__Part3,16,G0_only,0,9.309503074677274e-17,89.99999999999999,0.0,computed from source STEP with OCCT 7.9,False
0007__00072554__STEP__Part3,17,G0_only,0,1.645337435932006e-16,89.99999999999999,0.0,computed from source STEP with OCCT 7.9,False
0007__00072554__STEP__Part3,18,G0_only,0,7.757919228897728e-17,89.99999999999999,0.0,computed from source STEP with OCCT 7.9,False
0007__00072554__STEP__Part3,19,G0_only,0,4.550563718056297e-15,89.99999999999999,0.0,computed from source STEP with OCCT 7.9,False
0007__00072554__STEP__Part3,20,G0_only,0,1.3823479390564337e-16,90.0,0.0,computed from source STEP with OCCT 7.9,False
0007__00072554__STEP__Part3,21,G0_only,0,6.238833558932794e-16,89.99999999999997,0.0,computed from source STEP with OCCT 7.9,False
0007__00072554__STEP__Part3,22,G0_only,0,7.772800161809615e-16,90.0,0.0,computed from source STEP with OCCT 7.9,False
0007__00072554__STEP__Part3,23,G0_only,0,5.470405854882426e-16,89.99999999999997,0.0,computed from source STEP with OCCT 7.9,False
0007__00072554__STEP__Part3,24,G0_only,0,1.703141578815521e-15,90.0,0.0,computed from source STEP with OCCT 7.9,False
0007__00072989__STEP__Part41,1,G0_only,0,4.242219490594727e-13,89.99999999995366,4.643742232169211,computed from source STEP with OCCT 7.9,False
0007__00072989__STEP__Part41,2,G0_only,0,6.938893903907228e-18,90.0,0.0,computed from source STEP with OCCT 7.9,False
0007__00072989__STEP__Part41,3,G0_only,0,2.5393033694415235e-13,89.99999999995366,4.597764586315874,computed from source STEP with OCCT 7.9,False
0007__00072989__STEP__Part41,4,G0_only,0,6.938893903907228e-18,90.0,0.0,computed from source STEP with OCCT 7.9,False
0007__00072989__STEP__Part41,5,G0_only,0,5.019098381368879e-14,90.0,4.597764586315875,computed from source STEP with OCCT 7.9,False
0007__00072989__STEP__Part41,6,G0_only,0,3.078911644195508e-13,87.16241543544243,4.597764586315874,computed from source STEP with OCCT 7.9,False
0007__00072989__STEP__Part41,7,G0_only,0,5.019095311605528e-14,90.0,4.597764586315875,computed from source STEP with OCCT 7.9,False
0007__00072989__STEP__Part41,8,G0_only,0,2.786162483075207e-16,90.0,0.0,computed from source STEP with OCCT 7.9,False
0007__00072989__STEP__Part41,9,G0_only,0,4.772364803664727e-13,87.13401601742814,4.643742232169211,computed from source STEP with OCCT 7.9,False
0007__00072989__STEP__Part41,10,G0_only,0,2.786162483075207e-16,90.0,0.0,computed from source STEP with OCCT 7.9,False
0007__00072989__STEP__Part41,11,G0_only,0,1.1102230246251565e-16,90.0,4.6437422321692114,computed from source STEP with OCCT 7.9,False
0007__00072989__STEP__Part41,12,G0_only,0,1.2412670766236366e-16,90.0,4.6437422321692114,computed from source STEP with OCCT 7.9,False
0007__00072989__STEP__Part87,1,G0_only,0,7.045361546358098e-13,89.99999999997159,4.643742232169211,computed from source STEP with OCCT 7.9,False
0007__00072989__STEP__Part87,2,G0_only,0,2.42861286636753e-17,90.0,0.0,computed from source STEP with OCCT 7.9,False
0007__00072989__STEP__Part87,3,G0_only,0,5.097185503295361e-13,89.99999999997159,4.597764586315874,computed from source STEP with OCCT 7.9,False
0007__00072989__STEP__Part87,4,G0_only,0,2.42861286636753e-17,90.0,0.0,computed from source STEP with OCCT 7.9,False
0007__00072989__STEP__Part87,5,G0_only,0,5.019046962585089e-14,90.0,4.597764586315874,computed from source STEP with OCCT 7.9,False
0007__00072989__STEP__Part87,6,G0_only,0,4.4545370934404354e-13,87.1624154354245,4.597764586315873,computed from source STEP with OCCT 7.9,False
0007__00072989__STEP__Part87,7,G0_only,0,5.019043892790289e-14,90.0,4.597764586315874,computed from source STEP with OCCT 7.9,False
0007__00072989__STEP__Part87,8,G0_only,0,2.2228841655759984e-16,90.0,0.0,computed from source STEP with OCCT 7.9,False
0007__00072989__STEP__Part87,9,G0_only,0,6.628569996399576e-13,87.1340160174102,4.643742232169211,computed from source STEP with OCCT 7.9,False
0007__00072989__STEP__Part87,10,G0_only,0,2.2228841655759984e-16,90.0,0.0,computed from source STEP with OCCT 7.9,False
0007__00072989__STEP__Part87,11,G0_only,0,4.163336342344337e-17,90.0,4.643742232169211,computed from source STEP with OCCT 7.9,False
0007__00072989__STEP__Part87,12,G0_only,0,6.938893903907228e-17,90.0,4.643742232169211,computed from source STEP with OCCT 7.9,False
0007__00073592__STEP__Part1,1,G0_only,0,0.0,90.0,0.0,computed from source STEP with OCCT 7.9,False
0007__00073592__STEP__Part1,2,G0_only,0,1.962615573354719e-17,90.0,0.0,computed from source STEP with OCCT 7.9,False
0007__00073592__STEP__Part1,3,G0_only,0,0.0,90.0,0.0,computed from source STEP with OCCT 7.9,False
0007__00073592__STEP__Part1,4,G0_only,0,0.0,90.0,0.0,computed from source STEP with OCCT 7.9,False
0007__00073592__STEP__Part1,5,G0_only,0,0.0,90.0,0.0,computed from source STEP with OCCT 7.9,False
0007__00073592__STEP__Part1,6,G0_only,0,3.9158500171960034e-13,67.49999999999848,0.0,computed from source STEP with OCCT 7.9,False
0007__00073592__STEP__Part1,7,G0_only,0,0.0,90.0,0.0,computed from source STEP with OCCT 7.9,False
0007__00073592__STEP__Part1,8,G0_only,0,5.551115123125783e-17,90.0,0.0,computed from source STEP with OCCT 7.9,False
0007__00073592__STEP__Part1,9,G0_only,0,2.7755575615628914e-17,90.0,0.0,computed from source STEP with OCCT 7.9,False
0007__00073592__STEP__Part1,10,G0_only,0,1.1443916996305594e-16,90.0,0.0,computed from source STEP with OCCT 7.9,False
0007__00073592__STEP__Part1,11,G0_only,0,1.1102230246251565e-16,90.0,0.0,computed from source STEP with OCCT 7.9,False
0007__00073592__STEP__Part1,12,G0_only,0,1.3877787807814457e-17,90.0,0.0,computed from source STEP with OCCT 7.9,False
0007__00073592__STEP__Part1,13,G0_only,0,4.974918194547684e-13,67.49999999999847,0.0,computed from source STEP with OCCT 7.9,False
0007__00073592__STEP__Part1,14,G0_only,0,2.7755575615628914e-17,90.0,0.0,computed from source STEP with OCCT 7.9,False
0007__00073592__STEP__Part1,15,G0_only,0,1.3877787807814457e-17,90.0,0.0,computed from source STEP with OCCT 7.9,False
0007__00073592__STEP__Part1,16,G0_only,0,1.1102230246251565e-16,90.0,0.0,computed from source STEP with OCCT 7.9,False
0007__00073592__STEP__Part1,17,G0_only,0,0.0,67.49999999999847,0.0,computed from source STEP with OCCT 7.9,False
0007__00073592__STEP__Part1,18,G0_only,0,1.3829756324775646e-17,90.0,0.0,computed from source STEP with OCCT 7.9,False
0007__00073592__STEP__Part1,19,G0_only,0,2.7755575615628914e-17,90.0,0.0,computed from source STEP with OCCT 7.9,False
0007__00073592__STEP__Part1,20,G0_only,0,7.710355630398684e-18,90.0,0.0,computed from source STEP with OCCT 7.9,False
0007__00073592__STEP__Part1,21,G0_only,0,4.914468385887682e-13,67.49999999999848,0.0,computed from source STEP with OCCT 7.9,False
0007__00073592__STEP__Part1,22,G0_only,0,0.0,90.0,0.0,computed from source STEP with OCCT 7.9,False
0007__00073592__STEP__Part1,23,G0_only,0,1.9592221784202922e-17,90.0,0.0,computed from source STEP with OCCT 7.9,False
0007__00073592__STEP__Part1,24,G0_only,0,1.3877787807814457e-17,90.0,0.0,computed from source STEP with OCCT 7.9,False
0007__00074952__STEP__Part135,1,G0_only,0,3.899687015282038e-11,29.99999999980508,47.140891055922516,computed from source STEP with OCCT 7.9,False
0007__00074952__STEP__Part135,2,G0_only,0,5.206313540399734e-11,29.999999999805063,68.35818429322609,computed from source STEP with OCCT 7.9,False
0007__00074952__STEP__Part135,3,G0_only,0,4.365422433123344e-10,62.53659334224496,39.0595954217909,computed from source STEP with OCCT 7.9,False
0007__00074952__STEP__Part135,4,G0_only,0,4.3636955251513294e-10,62.53659334221441,39.05959542176025,computed from source STEP with OCCT 7.9,False
0007__00074952__STEP__Part135,6,G0_only,0,3.813085669442503e-11,29.999999999805063,47.14089105585323,computed from source STEP with OCCT 7.9,False
0007__00074952__STEP__Part135,7,G0_only,0,4.367060906423635e-10,62.53659334224416,39.05959542177967,computed from source STEP with OCCT 7.9,False
0007__00074952__STEP__Part135,8,G0_only,0,4.3569316910599325e-10,62.536593342237204,39.059595421790874,computed from source STEP with OCCT 7.9,False
0007__00074952__STEP__Part135,9,G0_only,0,4.3581203422361364e-10,62.5365933422541,39.05959542177974,computed from source STEP with OCCT 7.9,False
0007__00074952__STEP__Part135,10,G0_only,0,4.360241886001634e-10,62.53659334222471,39.059595421760235,computed from source STEP with OCCT 7.9,False
0007__00074952__STEP__Part135,11,G0_only,0,3.9423513373178026e-11,60.00000000019494,131.61976669012898,computed from source STEP with OCCT 7.9,False
0007__00074952__STEP__Part135,13,G0_only,0,3.942351333534679e-11,60.00000000019494,131.61976669012898,computed from source STEP with OCCT 7.9,False
0007__00074952__STEP__Part135,14,G0_only,0,3.89906879837841e-11,60.00000000019494,131.61976668997335,computed from source STEP with OCCT 7.9,False
0007__00074952__STEP__Part135,16,G0_only,0,5.206312026667571e-11,29.999999999805063,68.35818429337178,computed from source STEP with OCCT 7.9,False
0007__00074952__STEP__Part135,18,G0_only,0,4.35967297341108e-10,62.536593342244174,39.05959542187633,computed from source STEP with OCCT 7.9,False
0007__00074952__STEP__Part135,19,G0_only,0,4.3614068494593693e-10,62.536593342242384,39.05959542188758,computed from source STEP with OCCT 7.9,False
0007__00074952__STEP__Part135,20,G0_only,0,4.3562569433771616e-10,62.536593342254086,39.05959542187635,computed from source STEP with OCCT 7.9,False
0007__00074952__STEP__Part135,21,G0_only,0,4.354123520835627e-10,62.536593342242405,39.05959542187637,computed from source STEP with OCCT 7.9,False
0007__00074952__STEP__Part135,22,G0_only,0,4.3529326820231313e-10,62.536593342253454,39.059595421887565,computed from source STEP with OCCT 7.9,False
0007__00074952__STEP__Part135,23,G0_only,0,4.3630253817760244e-10,62.53659334225425,39.05959542187634,computed from source STEP with OCCT 7.9,False
0007__00074952__STEP__Part135,25,G0_only,0,4.50358888351586e-13,60.000000000025125,0.0,computed from source STEP with OCCT 7.9,False
0007__00074952__STEP__Part135,26,G0_only,0,9.503338470289064e-13,59.999999999987295,0.0,computed from source STEP with OCCT 7.9,False
0007__00074952__STEP__Part135,27,G0_only,0,2.7755575615628914e-17,59.99999999998758,0.0,computed from source STEP with OCCT 7.9,False
0007__00074952__STEP__Part135,28,G0_only,0,0.0,59.99999999998744,0.0,computed from source STEP with OCCT 7.9,False
0007__00074952__STEP__Part135,29,G0_only,0,4.156152487841431e-13,59.99999999998744,0.0,computed from source STEP with OCCT 7.9,False
0007__00074952__STEP__Part135,30,G0_only,0,8.43597104371016e-14,60.000000000025125,0.0,computed from source STEP with OCCT 7.9,False
0007__00075103__STEP__Part66,1,G0_only,0,4.599931580273112e-13,90.0,16.45001054814931,computed from source STEP with OCCT 7.9,False
0007__00075103__STEP__Part66,3,G0_only,0,4.599931580273112e-13,90.0,16.45001054814931,computed from source STEP with OCCT 7.9,False
0007__00075103__STEP__Part66,4,G0_only,0,4.600165335464259e-13,90.0,19.333677842800423,computed from source STEP with OCCT 7.9,False
0007__00075103__STEP__Part66,5,G0_only,0,4.600165335464259e-13,90.0,19.333677842800423,computed from source STEP with OCCT 7.9,False
0007__00076569__STEP__Part309,1,G1_only,1,5.954812650159296e-13,2.113023766513073e-08,700.7103530230305,computed from source STEP with OCCT 7.9,False
0007__00076569__STEP__Part309,2,G0_only,0,7.71026663816161e-14,90.0,0.0,computed from source STEP with OCCT 7.9,False
0007__00076569__STEP__Part309,3,G1_only,1,6.322008358138779e-13,2.114221563406097e-08,700.7103530230307,computed from source STEP with OCCT 7.9,False
0007__00076569__STEP__Part309,4,G0_only,0,5.277080057016352e-13,90.0,0.0,computed from source STEP with OCCT 7.9,False
0007__00076569__STEP__Part309,5,G0_only,0,7.509240793558e-13,89.99999999999943,0.0,computed from source STEP with OCCT 7.9,False
0007__00076569__STEP__Part309,6,G0_only,0,1.0028830099161606e-12,90.0,0.0,computed from source STEP with OCCT 7.9,False
0007__00076569__STEP__Part309,7,G0_only,0,5.08432178431429e-13,89.99999999748194,107.91851423999972,computed from source STEP with OCCT 7.9,False
0007__00076569__STEP__Part309,8,G0_only,0,1.0028830099161606e-12,90.0,0.0,computed from source STEP with OCCT 7.9,False
0007__00076569__STEP__Part309,9,G0_only,0,6.89072773006006e-13,89.99999999743622,107.91851423999972,computed from source STEP with OCCT 7.9,False
0007__00076569__STEP__Part309,10,G0_only,0,9.289421990709517e-13,90.0,0.0,computed from source STEP with OCCT 7.9,False
0007__00076569__STEP__Part309,11,G0_only,0,9.457685108864096e-13,89.99999999999943,0.0,computed from source STEP with OCCT 7.9,False
0007__00076569__STEP__Part309,12,G0_only,0,1.004790077938072e-12,90.0,0.0,computed from source STEP with OCCT 7.9,False
0007__00076569__STEP__Part309,13,unknown,0,3.789217785772882e-13,90.0,107.91851423999974,computed from source STEP with OCCT 7.9,False
0007__00076569__STEP__Part309,14,unknown,0,4.498046825243308e-13,90.0,107.91851423999972,computed from source STEP with OCCT 7.9,False
0007__00076569__STEP__Part309,15,G0_only,0,2.802090759699966e-13,90.0,700.7103530230306,computed from source STEP with OCCT 7.9,False
0007__00076569__STEP__Part309,16,G1_only,1,3.781223521349767e-13,2.1237428719005258e-08,700.7103530230306,computed from source STEP with OCCT 7.9,False
0007__00076569__STEP__Part309,17,G0_only,0,3.356009011248057e-13,90.0,700.7103530230306,computed from source STEP with OCCT 7.9,False
0007__00076569__STEP__Part309,18,G1_only,1,2.4766379324472103e-13,1.6349552284532128e-08,700.7103530230305,computed from source STEP with OCCT 7.9,False
0007__00076569__STEP__Part309,19,G0_only,0,2.0023687328924895e-13,90.0,0.0,computed from source STEP with OCCT 7.9,False
0007__00076569__STEP__Part309,20,G0_only,0,2.0023687328924895e-13,90.0,0.0,computed from source STEP with OCCT 7.9,False
0007__00076569__STEP__Part309,21,G0_only,0,1.7744625576019273e-13,90.0,0.0,computed from source STEP with OCCT 7.9,False
0007__00076569__STEP__Part309,22,G0_only,0,3.1318839748921516e-13,90.0,700.7103530230306,computed from source STEP with OCCT 7.9,False
0007__00076569__STEP__Part309,23,G0_only,0,2.3629217292740985e-13,90.0,700.7103530230307,computed from source STEP with OCCT 7.9,False
0007__00076569__STEP__Part309,24,unknown,0,1.4235313867000198e-13,90.0,88.13809695395773,computed from source STEP with OCCT 7.9,False
0007__00076569__STEP__Part309,25,G0_only,0,2.450918006531661e-13,90.0,700.7103530230306,computed from source STEP with OCCT 7.9,False
0007__00076569__STEP__Part309,26,G0_only,0,8.38839034810975e-13,90.0,0.0,computed from source STEP with OCCT 7.9,False
0007__00076569__STEP__Part309,27,G0_only,0,1.2192384261479198e-12,90.0,1058.5198949922942,computed from source STEP with OCCT 7.9,False
0007__00076569__STEP__Part309,28,G0_only,0,1.2188946314206047e-12,90.0,1058.5198949922942,computed from source STEP with OCCT 7.9,False
0007__00076569__STEP__Part309,30,G0_only,0,1.2333097189128843e-12,90.0,1058.5198949922942,computed from source STEP with OCCT 7.9,False
0007__00076569__STEP__Part309,31,G1_only,1,7.377198506902608e-13,2.1230565082002815e-08,700.7103530230305,computed from source STEP with OCCT 7.9,False
0007__00076569__STEP__Part309,32,G0_only,0,6.377920021514713e-13,90.0,0.0,computed from source STEP with OCCT 7.9,False
0007__00076569__STEP__Part309,33,unknown,0,2.327364183481102e-13,90.0,88.13809695395773,computed from source STEP with OCCT 7.9,False
0007__00076569__STEP__Part309,34,G1_only,1,7.16201194617262e-12,2.4789930187137844e-08,612.572256069073,computed from source STEP with OCCT 7.9,False
0007__00076569__STEP__Part309,35,G1_only,1,6.946797376946704e-12,2.4797334518436294e-08,612.5722560690729,computed from source STEP with OCCT 7.9,False
0007__00076569__STEP__Part309,37,G0_only,0,1.2329698477559348e-12,90.0,1058.5198949922942,computed from source STEP with OCCT 7.9,False
0007__00076569__STEP__Part309,38,G0_only,0,3.019416009114915e-13,90.0,700.7103530230306,computed from source STEP with OCCT 7.9,False
0007__00076569__STEP__Part309,39,G0_only,0,3.056197795640575e-13,90.0,700.7103530230308,computed from source STEP with OCCT 7.9,False
0007__00076569__STEP__Part309,40,G0_only,0,3.636297923646258e-13,90.0,700.7103530230308,computed from source STEP with OCCT 7.9,False
0007__00076569__STEP__Part309,41,G0_only,0,1.833728540755743e-13,90.0,0.0,computed from source STEP with OCCT 7.9,False
0007__00076569__STEP__Part309,42,G1_only,1,2.2204298045897402e-13,1.6486036247023088e-08,700.7103530230304,computed from source STEP with OCCT 7.9,False
0007__00077368__STEP__Part1190,1,G0_only,0,1.446148068044924e-13,90.0,570.2626290424239,computed from source STEP with OCCT 7.9,False
0007__00077368__STEP__Part1190,2,G1_only,1,8.355199872713175e-11,1.776021734129228e-11,570.2626290424238,computed from source STEP with OCCT 7.9,False
0007__00077368__STEP__Part1190,3,G0_only,0,1.1809144036051155e-13,90.0,570.2626290424239,computed from source STEP with OCCT 7.9,False
0007__00077368__STEP__Part1190,4,G1_only,1,8.35519987280169e-11,2.768354794745845e-11,570.2626290424238,computed from source STEP with OCCT 7.9,False
0007__00077368__STEP__Part1190,5,G0_only,0,0.0,90.0,0.0,computed from source STEP with OCCT 7.9,False
0007__00077368__STEP__Part1190,6,G0_only,0,0.0,90.0,0.0,computed from source STEP with OCCT 7.9,False
0007__00077368__STEP__Part1190,7,unknown,0,1.446148068044924e-13,90.0,570.2626290424239,computed from source STEP with OCCT 7.9,False
0007__00077368__STEP__Part1190,8,unknown,0,1.1809144036051155e-13,90.0,570.2626290424239,computed from source STEP with OCCT 7.9,False
0007__00077368__STEP__Part1190,9,G1_only,1,8.355199872713175e-11,1.776021734129228e-11,570.2626290424238,computed from source STEP with OCCT 7.9,False
0007__00077368__STEP__Part1190,10,G1_only,1,8.355199872691047e-11,5.9285539262479955e-12,570.2626290424238,computed from source STEP with OCCT 7.9,False
0007__00077368__STEP__Part1190,11,G0_only,0,0.0,90.0,0.0,computed from source STEP with OCCT 7.9,False
0007__00077368__STEP__Part1190,12,G0_only,0,0.0,90.0,0.0,computed from source STEP with OCCT 7.9,False
0007__00077368__STEP__Part643,1,G0_only,0,1.187366593117301e-13,90.0,292.84228491677345,computed from source STEP with OCCT 7.9,False
0007__00077368__STEP__Part643,3,G0_only,0,1.4203332986319548e-13,90.0,292.84228491677345,computed from source STEP with OCCT 7.9,False
0007__00077368__STEP__Part643,4,G0_only,0,1.1818768015860892e-13,90.0,181.3369533523256,computed from source STEP with OCCT 7.9,False
0007__00077368__STEP__Part643,6,G0_only,0,1.4467893040911313e-13,90.0,181.3369533523256,computed from source STEP with OCCT 7.9,False
0007__00078205__STEP__Part8,1,G0_only,0,3.8000499563369574e-13,90.0,129.30260579966378,computed from source STEP with OCCT 7.9,False
0007__00078205__STEP__Part8,3,G0_only,0,1.609823385706477e-15,90.0,129.30260579966378,computed from source STEP with OCCT 7.9,False
0007__00078205__STEP__Part8,4,G0_only,0,3.800062728104065e-13,90.0,109.56694491444615,computed from source STEP with OCCT 7.9,False
0007__00078205__STEP__Part8,6,G0_only,0,1.887379141862766e-15,90.0,109.56694491444615,computed from source STEP with OCCT 7.9,False
0007__00078362__STEP__Part1,1,G0_only,0,4.1293077197072034e-13,90.0,1.2525050179109471,computed from source STEP with OCCT 7.9,False
0007__00078362__STEP__Part1,2,G0_only,0,4.2341228760381255e-13,90.0,1.0000000063,computed from source STEP with OCCT 7.9,False
0007__00078362__STEP__Part1,3,G0_only,0,1.2406742300186124e-13,90.0,1.2525050179109471,computed from source STEP with OCCT 7.9,False
0007__00078362__STEP__Part1,4,G0_only,0,1.5543123336022718e-13,90.0,1.0000000063,computed from source STEP with OCCT 7.9,False
0007__00079771__STEP__Part2,1,G0_only,0,7.960859419420078e-15,90.0,31.104712052364114,computed from source STEP with OCCT 7.9,False
0007__00079771__STEP__Part2,3,G0_only,0,8.169256841190457e-15,90.0,31.104712052364114,computed from source STEP with OCCT 7.9,False
0007__00079771__STEP__Part2,4,G0_only,0,7.126747800744322e-15,90.0,34.74269007016476,computed from source STEP with OCCT 7.9,False
0007__00079771__STEP__Part2,6,G0_only,0,7.358804852486695e-15,90.0,34.74269007016476,computed from source STEP with OCCT 7.9,False
0008__00080006__STEP__Part2691,1,G0_only,0,2.3545076095177695e-11,89.99999990646417,0.0,computed from source STEP with OCCT 7.9,False
0008__00080006__STEP__Part2691,2,G0_only,0,1.873841257573405e-11,89.9999999999773,0.0,computed from source STEP with OCCT 7.9,False
0008__00080006__STEP__Part2691,3,G0_only,0,1.745398500534674e-11,89.99999990646415,0.0,computed from source STEP with OCCT 7.9,False
0008__00080006__STEP__Part2691,4,G0_only,0,1.9294508037091037e-11,89.99999999997729,0.0,computed from source STEP with OCCT 7.9,False
0008__00080006__STEP__Part2691,5,G0_only,0,2.6621343406734776e-11,89.9999997230455,0.0,computed from source STEP with OCCT 7.9,False
0008__00080006__STEP__Part2691,6,G0_only,0,1.944664717421197e-11,89.99999999997729,0.0,computed from source STEP with OCCT 7.9,False
0008__00080006__STEP__Part2691,7,G0_only,0,2.5359022976851054e-12,89.99999972304549,0.0,computed from source STEP with OCCT 7.9,False
0008__00080006__STEP__Part2691,8,G0_only,0,2.601213785296447e-12,89.99999972304549,0.0,computed from source STEP with OCCT 7.9,False
0008__00080006__STEP__Part2691,9,G0_only,0,2.0905377012853135e-11,89.99999990646415,0.0,computed from source STEP with OCCT 7.9,False
0008__00080006__STEP__Part2691,10,G0_only,0,2.3117281407147465e-11,89.9999997230455,0.0,computed from source STEP with OCCT 7.9,False
0008__00080006__STEP__Part2691,11,G0_only,0,1.9097517841601164e-11,89.9999999999773,0.0,computed from source STEP with OCCT 7.9,False
0008__00080006__STEP__Part2691,12,G0_only,0,2.0495146786972843e-11,89.99999990646417,0.0,computed from source STEP with OCCT 7.9,False
0008__00080927__STEP__Part7,1,G0_only,0,1.1123893155135927e-16,90.0,0.0,computed from source STEP with OCCT 7.9,False
0008__00080927__STEP__Part7,2,G0_only,0,2.2481122457000983e-09,83.14939093427846,56.48283173263491,computed from source STEP with OCCT 7.9,False
0008__00080927__STEP__Part7,3,G0_only,0,1.1123893155135927e-16,90.0,0.0,computed from source STEP with OCCT 7.9,False
0008__00080927__STEP__Part7,4,G0_only,0,5.0141739012994e-14,62.90418729710305,0.0,computed from source STEP with OCCT 7.9,False
0008__00080927__STEP__Part7,5,G0_only,0,5.551115123125783e-17,90.0,0.0,computed from source STEP with OCCT 7.9,False
0008__00080927__STEP__Part7,6,G0_only,0,3.469446951953614e-18,90.0,0.0,computed from source STEP with OCCT 7.9,False
0008__00080927__STEP__Part7,7,G1_only,1,8.728870926824783e-13,2.770108972070478e-11,56.48283173263487,computed from source STEP with OCCT 7.9,False
0008__00080927__STEP__Part7,8,G0_only,0,3.469446951953614e-18,90.0,0.0,computed from source STEP with OCCT 7.9,False
0008__00080927__STEP__Part7,9,G0_only,0,1.0083119782593e-13,55.16142970811475,0.0,computed from source STEP with OCCT 7.9,False
0008__00080927__STEP__Part7,10,G0_only,0,3.3251125864909725e-09,80.3759673644286,56.4828317326349,computed from source STEP with OCCT 7.9,False
0008__00080927__STEP__Part7,11,G1_only,1,8.716729057833326e-13,1.7811106216195695e-11,56.48283173263487,computed from source STEP with OCCT 7.9,False
0008__00080927__STEP__Part7,12,G0_only,0,5.551115123125783e-17,90.0,0.0,computed from source STEP with OCCT 7.9,False
0008__00082142__STEP__Part4,1,G0_fail,0,5.374936956216882e-07,89.99999999999973,207.796352056159,computed from source STEP with OCCT 7.9,False
0008__00082142__STEP__Part4,3,G0_fail,0,5.374936587290045e-07,89.99999999999984,207.79635204283073,computed from source STEP with OCCT 7.9,False
0008__00082494__STEP__Part136,1,G0_only,0,6.003169934927927e-15,90.0,617.9340437632897,computed from source STEP with OCCT 7.9,False
0008__00082494__STEP__Part136,2,G1_only,1,0.0,7.426363218087454e-14,6.1632921875714715,computed from source STEP with OCCT 7.9,False
0008__00082494__STEP__Part136,3,G0_only,0,1.1102230246251565e-16,90.0,617.9340437632897,computed from source STEP with OCCT 7.9,False
0008__00082494__STEP__Part136,4,G2,2,0.0,2.0091783381078057e-08,2.600740329369395,computed from source STEP with OCCT 7.9,False
0008__00082494__STEP__Part136,5,G0_only,0,6.003426584504352e-15,90.0,521.8261660022649,computed from source STEP with OCCT 7.9,False
0008__00082494__STEP__Part136,6,G0_only,0,1.2412670766236366e-16,90.0,521.8261660022662,computed from source STEP with OCCT 7.9,False
0008__00082494__STEP__Part136,7,G1_only,1,0.0,2.0214014436676078e-13,2.9215074047351095,computed from source STEP with OCCT 7.9,False
0008__00082494__STEP__Part136,8,G0_only,0,6.003169934927927e-15,90.0,521.2775527303219,computed from source STEP with OCCT 7.9,False
0008__00082494__STEP__Part136,9,G0_only,0,1.1102230246251565e-16,90.0,521.2775527303219,computed from source STEP with OCCT 7.9,False
0008__00082494__STEP__Part136,10,G1_only,2,0.0,8.630311086518676e-08,6.906387534100585,computed from source STEP with OCCT 7.9,False
0008__00082494__STEP__Part136,11,G0_only,0,6.003169934927927e-15,90.0,603.1174167145391,computed from source STEP with OCCT 7.9,False
0008__00082494__STEP__Part136,12,G2,1,0.0,6.020949356418716e-15,0.18416686223679335,computed from source STEP with OCCT 7.9,False
0008__00082494__STEP__Part136,13,G0_only,0,1.1102230246251565e-16,90.0,603.1174167145391,computed from source STEP with OCCT 7.9,False
0008__00082494__STEP__Part136,14,G2,2,0.0,1.0432288055181454e-07,3.7162666290367046,computed from source STEP with OCCT 7.9,False
0008__00082494__STEP__Part136,15,G0_only,0,6.003169934927927e-15,90.0,514.4029810508831,computed from source STEP with OCCT 7.9,False
0008__00082494__STEP__Part136,16,G0_only,0,1.1102230246251565e-16,90.0,514.4029810508831,computed from source STEP with OCCT 7.9,False
0008__00082494__STEP__Part136,17,G1_only,1,0.0,3.2490014628731563e-13,4.820625247894043,computed from source STEP with OCCT 7.9,False
0008__00082494__STEP__Part136,18,G0_only,0,6.002399920355983e-15,90.0,518.371077647254,computed from source STEP with OCCT 7.9,False
0008__00082494__STEP__Part136,19,G0_only,0,5.551115123125783e-17,90.0,518.371077647254,computed from source STEP with OCCT 7.9,False
0008__00082494__STEP__Part136,20,G1_only,2,0.0,1.9027615902703244e-07,8.513495634030477,computed from source STEP with OCCT 7.9,False
0008__00082494__STEP__Part136,21,G0_only,0,6.003426584504352e-15,90.0,431.2300260900532,computed from source STEP with OCCT 7.9,False
0008__00082494__STEP__Part136,22,G1_only,1,0.0,4.2439809464190435e-14,14.170117128266838,computed from source STEP with OCCT 7.9,False
0008__00082494__STEP__Part136,23,G0_only,0,1.2412670766236366e-16,90.0,431.2300260900532,computed from source STEP with OCCT 7.9,False
0008__00082494__STEP__Part136,24,G2,2,0.0,1.2070205016154046e-11,3.902901292094043,computed from source STEP with OCCT 7.9,False
0008__00082494__STEP__Part136,25,G0_only,0,6.003169934927927e-15,90.0,391.4726146786933,computed from source STEP with OCCT 7.9,False
0008__00082494__STEP__Part136,26,G0_only,0,1.1102230246251565e-16,90.0,391.4726146786933,computed from source STEP with OCCT 7.9,False
0008__00082494__STEP__Part136,27,G1_only,1,0.0,1.9730341165286237e-13,3.0160319294570286,computed from source STEP with OCCT 7.9,False
0008__00082494__STEP__Part136,28,G0_only,0,6.002399920355983e-15,90.0,393.15589461526747,computed from source STEP with OCCT 7.9,False
0008__00082494__STEP__Part136,29,G0_only,0,5.551115123125783e-17,90.0,393.15589461526747,computed from source STEP with OCCT 7.9,False
0008__00082494__STEP__Part136,30,G1_only,2,0.0,7.595924731903748e-08,4.955952440491416,computed from source STEP with OCCT 7.9,False
0008__00082494__STEP__Part136,31,G0_only,0,6.002399920355983e-15,90.0,424.36942767326775,computed from source STEP with OCCT 7.9,False
0008__00082494__STEP__Part136,32,G1_only,1,0.0,1.4153816251774125e-15,16.37949045241706,computed from source STEP with OCCT 7.9,False
0008__00082494__STEP__Part136,33,G0_only,0,5.551115123125783e-17,90.0,424.36942767326775,computed from source STEP with OCCT 7.9,False
0008__00082494__STEP__Part136,34,G1_only,2,0.0,1.4219698612922106e-07,4.622895499613705,computed from source STEP with OCCT 7.9,False
0008__00082494__STEP__Part136,35,G0_only,0,6.003426584504352e-15,90.0,378.94031790303376,computed from source STEP with OCCT 7.9,False
0008__00082494__STEP__Part136,36,G0_only,0,1.2412670766236366e-16,90.0,378.94031790303376,computed from source STEP with OCCT 7.9,False
0008__00082494__STEP__Part136,37,G2,1,0.0,1.5752525519383144e-13,1.527726860142451,computed from source STEP with OCCT 7.9,False
0008__00082494__STEP__Part136,38,G0_only,0,6.002399920355983e-15,90.0,374.956161528624,computed from source STEP with OCCT 7.9,False
0008__00082494__STEP__Part136,39,G0_only,0,5.551115123125783e-17,90.0,374.956161528624,computed from source STEP with OCCT 7.9,False
0008__00082494__STEP__Part136,40,G1_only,2,0.0,7.515415351251862e-08,7.152351663039514,computed from source STEP with OCCT 7.9,False
0008__00082494__STEP__Part136,41,G0_only,0,6.003169934927927e-15,90.0,422.6634306462547,computed from source STEP with OCCT 7.9,False
0008__00082494__STEP__Part136,42,G0_only,0,6.003426584504352e-15,90.0,429.9941170329411,computed from source STEP with OCCT 7.9,False
0008__00082494__STEP__Part136,43,G0_only,0,6.003169934927927e-15,90.0,601.9385920063828,computed from source STEP with OCCT 7.9,False
0008__00082494__STEP__Part136,44,G0_only,0,6.003426584504352e-15,90.0,620.2895715351713,computed from source STEP with OCCT 7.9,False
0008__00082494__STEP__Part136,45,G0_only,0,1.2412670766236366e-16,90.0,429.9941170329411,computed from source STEP with OCCT 7.9,False
0008__00082494__STEP__Part136,46,G0_only,0,1.1102230246251565e-16,90.0,422.6634306462547,computed from source STEP with OCCT 7.9,False
0008__00082494__STEP__Part136,47,G0_only,0,1.2412670766236366e-16,90.0,620.2895715351713,computed from source STEP with OCCT 7.9,False
0008__00082494__STEP__Part136,48,G0_only,0,1.1102230246251565e-16,90.0,601.9385920063829,computed from source STEP with OCCT 7.9,False
0008__00083924__STEP__Part15,1,G0_only,0,7.994993556081909e-14,89.99999999999997,0.0,computed from source STEP with OCCT 7.9,False
0008__00083924__STEP__Part15,2,G0_only,0,1.6607469289913584e-13,89.99999999999999,0.0,computed from source STEP with OCCT 7.9,False
0008__00083924__STEP__Part15,3,G0_only,0,7.999156892424253e-14,89.99999999999997,0.0,computed from source STEP with OCCT 7.9,False
0008__00083924__STEP__Part15,4,G0_only,0,1.507110919752257e-13,89.99999999999999,0.0,computed from source STEP with OCCT 7.9,False
0008__00083924__STEP__Part15,5,G0_only,0,2.7755575615628914e-17,90.0,0.0,computed from source STEP with OCCT 7.9,False
0008__00083924__STEP__Part15,6,G0_only,0,7.105840020069789e-14,89.99999999999999,0.0,computed from source STEP with OCCT 7.9,False
0008__00083924__STEP__Part15,7,G0_only,0,1.3877787807814457e-17,90.0,0.0,computed from source STEP with OCCT 7.9,False
0008__00083924__STEP__Part15,8,G0_only,0,7.999157012807561e-14,90.0,0.0,computed from source STEP with OCCT 7.9,False
0008__00083924__STEP__Part15,9,G0_only,0,9.890601230601917e-14,90.0,0.0,computed from source STEP with OCCT 7.9,False
0008__00083924__STEP__Part15,10,G0_only,0,7.999157012807561e-14,90.0,0.0,computed from source STEP with OCCT 7.9,False
0008__00083924__STEP__Part15,11,G0_only,0,8.00054479156746e-14,89.99999999999999,0.0,computed from source STEP with OCCT 7.9,False
0008__00083924__STEP__Part15,12,G0_only,0,8.000544671205034e-14,89.99999999999999,0.0,computed from source STEP with OCCT 7.9,False
0008__00084972__STEP__Part60,1,G0_only,0,1.1102230246251565e-16,90.0,21.777176386650083,computed from source STEP with OCCT 7.9,False
0008__00084972__STEP__Part60,3,G0_only,0,9.992623993160074e-15,90.0,21.777176386650083,computed from source STEP with OCCT 7.9,False
0008__00084972__STEP__Part60,4,G0_only,0,2.800388537287587e-13,90.0,51.85041996821557,computed from source STEP with OCCT 7.9,False
0008__00084972__STEP__Part60,5,G0_only,0,4.768792382073734e-15,90.0,51.85041996821557,computed from source STEP with OCCT 7.9,False
0008__00084972__STEP__Part60,7,G0_only,0,3.853929388444262e-15,90.0,27.22147048330964,computed from source STEP with OCCT 7.9,False
0008__00084972__STEP__Part60,8,G0_only,0,1.1424513204471568e-14,90.0,27.22147048330964,computed from source STEP with OCCT 7.9,False
0008__00084972__STEP__Part60,10,G0_only,0,2.2001847591626622e-13,90.0,27.221470483309638,computed from source STEP with OCCT 7.9,False
0008__00085511__STEP__Part50,1,G0_only,0,2.7504500673404607e-15,90.0,122.79142812301995,computed from source STEP with OCCT 7.9,False
0008__00085511__STEP__Part50,2,G0_only,0,4.18412257629133e-15,90.0,79.81442827995905,computed from source STEP with OCCT 7.9,False
0008__00085511__STEP__Part50,3,G0_only,0,2.7354229582458033e-15,90.0,122.79142812301995,computed from source STEP with OCCT 7.9,False
0008__00085511__STEP__Part50,4,G0_only,0,4.174259805162572e-15,90.0,79.81442827995905,computed from source STEP with OCCT 7.9,False
0008__00086461__STEP__Part111,1,G0_only,0,5.551115123125783e-17,90.0,0.0,computed from source STEP with OCCT 7.9,False
0008__00086461__STEP__Part111,2,G0_only,0,1.6987749208415975e-13,90.0,0.0,computed from source STEP with OCCT 7.9,False
0008__00086461__STEP__Part111,3,G0_only,0,0.0,90.0,0.0,computed from source STEP with OCCT 7.9,False
0008__00086461__STEP__Part111,4,G0_only,0,5.551115123125783e-17,90.0,0.0,computed from source STEP with OCCT 7.9,False
0008__00086461__STEP__Part111,5,G0_only,0,1.3877787807814457e-17,90.0,0.0,computed from source STEP with OCCT 7.9,False
0008__00086461__STEP__Part111,6,G0_only,0,1.6987749208415975e-13,90.0,0.0,computed from source STEP with OCCT 7.9,False
0008__00086461__STEP__Part111,7,G0_only,0,5.551115123125783e-17,90.0,0.0,computed from source STEP with OCCT 7.9,False
0008__00086461__STEP__Part111,8,G0_only,0,1.3877787807814457e-17,90.0,0.0,computed from source STEP with OCCT 7.9,False
0008__00086461__STEP__Part111,9,G0_only,0,0.0,90.0,0.0,computed from source STEP with OCCT 7.9,False
0008__00086461__STEP__Part111,10,G0_only,0,0.0,90.0,0.0,computed from source STEP with OCCT 7.9,False
0008__00086461__STEP__Part111,11,G0_only,0,0.0,90.0,0.0,computed from source STEP with OCCT 7.9,False
0008__00086461__STEP__Part111,12,G0_only,0,2.5348832494995144e-13,55.00000000000244,0.0,computed from source STEP with OCCT 7.9,False
0008__00086461__STEP__Part111,13,G0_only,0,0.0,90.0,0.0,computed from source STEP with OCCT 7.9,False
0008__00086461__STEP__Part111,14,G0_only,0,4.987636200438117e-14,34.99999999999757,0.0,computed from source STEP with OCCT 7.9,False
0008__00086461__STEP__Part111,15,G0_only,0,0.0,90.0,0.0,computed from source STEP with OCCT 7.9,False
0008__00086788__STEP__Part66,1,G0_only,0,7.999158818556957e-14,90.0,16.41838605294977,computed from source STEP with OCCT 7.9,False
0008__00086788__STEP__Part66,3,G0_only,0,7.999158818556957e-14,90.0,16.41838605294977,computed from source STEP with OCCT 7.9,False
0008__00086788__STEP__Part66,4,G0_only,0,7.999164596952288e-14,90.0,19.29650961118528,computed from source STEP with OCCT 7.9,False
0008__00086788__STEP__Part66,5,G0_only,0,7.999164596952288e-14,90.0,19.29650961118528,computed from source STEP with OCCT 7.9,False
0008__00087070__STEP__Part10,1,G0_only,0,2.6416834779531188e-14,90.0,12.670044421846974,computed from source STEP with OCCT 7.9,False
0008__00087070__STEP__Part10,3,G0_only,0,2.6492577202574907e-14,90.0,12.670044421846974,computed from source STEP with OCCT 7.9,False
0008__00087070__STEP__Part10,4,G0_only,0,7.917192195949848e-14,90.0,4.223348140621721,computed from source STEP with OCCT 7.9,False
0008__00087070__STEP__Part10,6,G0_only,0,7.919722668014494e-14,90.0,4.223348140621721,computed from source STEP with OCCT 7.9,False
0008__00088622__STEP__Part1,1,G0_only,0,6.217248937900877e-14,90.0,3.333333335955556,computed from source STEP with OCCT 7.9,False
0008__00088622__STEP__Part1,3,G0_only,0,6.217248937900877e-14,90.0,3.333333335955556,computed from source STEP with OCCT 7.9,False
0008__00088622__STEP__Part1,4,G0_only,0,0.0,90.0,0.0,computed from source STEP with OCCT 7.9,False
0008__00088622__STEP__Part1,5,G0_only,0,1.1102230246251565e-16,90.0,0.0,computed from source STEP with OCCT 7.9,False
0008__00088622__STEP__Part1,6,G0_only,0,4.8791848550974745e-17,90.0,0.0,computed from source STEP with OCCT 7.9,False
0008__00088622__STEP__Part1,7,G0_only,0,5.0373602291753945e-17,90.0,0.0,computed from source STEP with OCCT 7.9,False
0008__00088622__STEP__Part1,8,G0_only,0,7.096278974118279e-18,90.0,0.0,computed from source STEP with OCCT 7.9,False
0008__00088622__STEP__Part1,9,G0_only,0,5.087098370511732e-17,90.0,0.0,computed from source STEP with OCCT 7.9,False
0008__00088622__STEP__Part1,10,G0_only,0,4.930518897945499e-17,90.0,0.0,computed from source STEP with OCCT 7.9,False
0008__00088622__STEP__Part1,11,G0_only,0,1.112488598564355e-16,90.0,0.0,computed from source STEP with OCCT 7.9,False
0008__00088622__STEP__Part1,12,G0_only,0,8.671096092017943e-17,89.99999999999999,0.0,computed from source STEP with OCCT 7.9,False
0008__00088622__STEP__Part1,13,G0_only,0,3.607268364005128e-17,89.99999999999999,0.0,computed from source STEP with OCCT 7.9,False
0008__00088622__STEP__Part1,14,G0_only,0,0.0,89.99999999999999,0.0,computed from source STEP with OCCT 7.9,False
0008__00088622__STEP__Part1,15,G0_only,0,2.2910684231366e-16,89.99999999999999,0.0,computed from source STEP with OCCT 7.9,False
0008__00089619__STEP__Part1,1,G0_only,0,0.0,90.0,0.0,computed from source STEP with OCCT 7.9,False
0008__00089619__STEP__Part1,2,G0_only,0,0.0,90.0,0.0,computed from source STEP with OCCT 7.9,False
0008__00089619__STEP__Part1,3,G0_only,0,6.938893903907228e-18,90.0,0.0,computed from source STEP with OCCT 7.9,False
0008__00089619__STEP__Part1,4,G0_only,0,0.0,90.0,0.0,computed from source STEP with OCCT 7.9,False
0008__00089619__STEP__Part1,5,G0_only,0,1.110249512448774e-16,90.0,0.0,computed from source STEP with OCCT 7.9,False
0008__00089619__STEP__Part1,6,G0_only,0,0.0,90.0,0.0,computed from source STEP with OCCT 7.9,False
0008__00089619__STEP__Part1,7,G0_only,0,1.1102230246251565e-16,90.0,0.0,computed from source STEP with OCCT 7.9,False
0008__00089619__STEP__Part1,8,G0_only,0,0.0,90.0,0.0,computed from source STEP with OCCT 7.9,False
0008__00089619__STEP__Part1,9,G0_only,0,0.0,90.0,0.0,computed from source STEP with OCCT 7.9,False
0008__00089619__STEP__Part1,10,G0_only,0,1.1136329133113035e-16,90.0,0.0,computed from source STEP with OCCT 7.9,False
0008__00089619__STEP__Part1,11,G0_only,0,1.0707350827469547e-17,90.0,0.0,computed from source STEP with OCCT 7.9,False
0008__00089619__STEP__Part1,12,G0_only,0,1.0734780696018287e-17,90.0,0.0,computed from source STEP with OCCT 7.9,False
0008__00089619__STEP__Part1,13,G0_only,0,8.708100368272263e-18,90.0,0.0,computed from source STEP with OCCT 7.9,False
0008__00089619__STEP__Part1,14,G0_only,0,7.669125433151438e-19,90.0,0.0,computed from source STEP with OCCT 7.9,False
0008__00089619__STEP__Part1,15,G0_only,0,8.708100368272263e-18,90.0,0.0,computed from source STEP with OCCT 7.9,False
0008__00089619__STEP__Part1,16,G0_only,0,1.1136593200324464e-16,90.0,0.0,computed from source STEP with OCCT 7.9,False
0008__00089619__STEP__Part1,17,G0_only,0,0.0,89.99999999999999,0.0,computed from source STEP with OCCT 7.9,False
0008__00089619__STEP__Part1,18,G0_only,0,0.0,90.0,0.0,computed from source STEP with OCCT 7.9,False
0008__00089619__STEP__Part1,19,G0_only,0,0.0,90.0,0.0,computed from source STEP with OCCT 7.9,False
0008__00089619__STEP__Part1,20,G0_only,0,1.3947004136484323e-16,90.0,0.0,computed from source STEP with OCCT 7.9,False
0008__00089619__STEP__Part1,21,G0_only,0,0.0,90.0,0.0,computed from source STEP with OCCT 7.9,False
0008__00089619__STEP__Part1,22,G0_only,0,1.18774731498903e-16,89.99999999999999,0.0,computed from source STEP with OCCT 7.9,False
0008__00089619__STEP__Part1,23,G0_only,0,1.3877787807814457e-17,90.0,0.0,computed from source STEP with OCCT 7.9,False
0008__00089619__STEP__Part1,24,G0_only,0,0.0,90.0,0.0,computed from source STEP with OCCT 7.9,False
0009__00090806__STEP__Part57,1,G0_only,0,8.102170102899816e-14,90.0,16.37288605306862,computed from source STEP with OCCT 7.9,False
0009__00090806__STEP__Part57,2,G0_only,0,8.074045423524732e-14,90.0,19.24303351540926,computed from source STEP with OCCT 7.9,False
0009__00090806__STEP__Part57,4,G0_only,0,3.002031626326363e-13,90.0,19.24303351540926,computed from source STEP with OCCT 7.9,False
0009__00090806__STEP__Part57,5,G0_only,0,3.0027892690323005e-13,90.0,16.37288605306862,computed from source STEP with OCCT 7.9,False
0009__00090962__STEP__Part9,1,G0_only,0,4.100798220448601e-13,90.0,26.538469219414548,computed from source STEP with OCCT 7.9,False
0009__00090962__STEP__Part9,2,G0_only,0,9.757219859310725e-15,90.0,21.23077537553389,computed from source STEP with OCCT 7.9,False
0009__00090962__STEP__Part9,4,G0_only,0,9.757219859310725e-15,90.0,21.23077537553389,computed from source STEP with OCCT 7.9,False
0009__00090962__STEP__Part9,5,G0_only,0,3.913536161803677e-15,90.0,26.538469219414544,computed from source STEP with OCCT 7.9,False
0009__00090962__STEP__Part9,7,G0_only,0,3.907133362350329e-15,90.0,26.538469219414548,computed from source STEP with OCCT 7.9,False
0009__00090962__STEP__Part9,8,G0_only,0,6.6079841155321464e-15,90.0,50.54946517984873,computed from source STEP with OCCT 7.9,False
0009__00090962__STEP__Part9,9,G0_only,0,1.101936551348195e-13,90.0,50.54946517984873,computed from source STEP with OCCT 7.9,False
0009__00094708__STEP__Part63,1,G0_only,0,3.772675063814698e-11,84.40271912476673,1.0757481630138612,computed from source STEP with OCCT 7.9,False
0009__00094708__STEP__Part63,2,G0_only,0,4.1571108213560607e-13,89.9999999999731,0.0,computed from source STEP with OCCT 7.9,False
0009__00094708__STEP__Part63,3,G0_only,0,3.160399665338467e-10,84.29676314263243,1.0960452985768503,computed from source STEP with OCCT 7.9,False
0009__00094708__STEP__Part63,4,G0_only,0,2.862577571672844e-13,89.9999999999731,0.0,computed from source STEP with OCCT 7.9,False
0009__00094708__STEP__Part63,5,G0_only,0,1.3730909360738042e-11,88.37092587089545,1.0757481630138614,computed from source STEP with OCCT 7.9,False
0009__00094708__STEP__Part63,6,G0_only,0,1.5399333416308205e-10,88.34018010153748,1.0960452985768503,computed from source STEP with OCCT 7.9,False
0009__00094708__STEP__Part63,7,G0_only,0,4.2400607775529433e-13,89.99999999997276,0.0,computed from source STEP with OCCT 7.9,False
0009__00094708__STEP__Part63,8,G0_only,0,2.4327901479654957e-10,88.02711210278251,1.075748163013861,computed from source STEP with OCCT 7.9,False
0009__00094708__STEP__Part63,9,G0_only,0,2.869287374686464e-13,89.99999999997277,0.0,computed from source STEP with OCCT 7.9,False
0009__00094708__STEP__Part63,10,G0_only,0,3.013329468996783e-10,87.98987266622441,1.0960452985768503,computed from source STEP with OCCT 7.9,False
0009__00094708__STEP__Part63,11,G0_only,0,3.20248715714101e-10,84.07606279929033,1.0960452985768503,computed from source STEP with OCCT 7.9,False
0009__00094708__STEP__Part63,12,G0_only,0,1.5184940478468932e-10,84.18614701812187,1.0757481630138612,computed from source STEP with OCCT 7.9,False
0009__00095277__STEP__Part3,1,G0_only,0,2.5655293443228887e-16,90.0,93.56496473091782,computed from source STEP with OCCT 7.9,False
0009__00095277__STEP__Part3,2,G0_only,0,2.3444969115183125e-13,85.44785332334114,82.62791155071935,computed from source STEP with OCCT 7.9,False
0009__00095277__STEP__Part3,3,G0_only,0,6.206335383118183e-17,90.0,93.56496473091782,computed from source STEP with OCCT 7.9,False
0009__00095277__STEP__Part3,4,G1_only,2,0.0,2.7798047915991136e-12,1.7411647467477422,computed from source STEP with OCCT 7.9,False
0009__00095277__STEP__Part3,5,G0_only,0,6.206335383118183e-17,90.0,0.0,computed from source STEP with OCCT 7.9,False
0009__00095277__STEP__Part3,6,G0_only,0,2.3449139174705837e-13,89.98681809503368,130.8260748210048,computed from source STEP with OCCT 7.9,False
0009__00095277__STEP__Part3,7,G0_only,0,6.206335383118183e-17,90.0,0.0,computed from source STEP with OCCT 7.9,False
0009__00095277__STEP__Part3,8,G0_only,0,2.5655293443228887e-16,90.0,181.81737123942509,computed from source STEP with OCCT 7.9,False
0009__00095277__STEP__Part3,9,G1_only,2,0.0,1.2404163257707715e-13,31.143237952114646,computed from source STEP with OCCT 7.9,False
0009__00095277__STEP__Part3,10,G0_only,0,6.206335383118183e-17,90.0,181.81737123942509,computed from source STEP with OCCT 7.9,False
0009__00095277__STEP__Part3,11,G0_only,0,2.5655293443228887e-16,90.0,158.3992162013816,computed from source STEP with OCCT 7.9,False
0009__00095277__STEP__Part3,12,G0_only,0,6.505213034913027e-19,84.50183730805318,146.87914819133354,computed from source STEP with OCCT 7.9,False
0009__00095277__STEP__Part3,13,G0_only,0,6.206335383118183e-17,90.0,158.3992162013816,computed from source STEP with OCCT 7.9,False
0009__00095277__STEP__Part3,14,G0_only,0,0.0,90.0,0.0,computed from source STEP with OCCT 7.9,False
0009__00095277__STEP__Part3,15,G0_only,0,6.505213034913027e-19,87.05595367077647,71.35148847521698,computed from source STEP with OCCT 7.9,False
0009__00095277__STEP__Part3,16,G0_only,0,0.0,90.0,0.0,computed from source STEP with OCCT 7.9,False
0009__00095277__STEP__Part3,17,G0_only,0,2.5655293443228887e-16,90.0,93.0531956483176,computed from source STEP with OCCT 7.9,False
0009__00095277__STEP__Part3,18,G0_only,0,6.206335383118183e-17,90.0,93.0531956483176,computed from source STEP with OCCT 7.9,False
0009__00095591__STEP__Part2,1,G0_only,0,5.540013588159438e-14,90.0,3.7378917351375827,computed from source STEP with OCCT 7.9,False
0009__00095591__STEP__Part2,3,G0_only,0,5.540013588159438e-14,90.0,3.7378917351375827,computed from source STEP with OCCT 7.9,False
0009__00095591__STEP__Part2,4,G0_only,0,4.574118861455645e-14,90.0,4.529445279051462,computed from source STEP with OCCT 7.9,False
0009__00095591__STEP__Part2,5,G0_only,0,4.5741222298495037e-14,90.0,4.529445279051462,computed from source STEP with OCCT 7.9,False
0009__00095591__STEP__Part2,7,G0_only,0,5.540016369278192e-14,90.0,3.7378917351375827,computed from source STEP with OCCT 7.9,False
0009__00095591__STEP__Part2,8,G0_only,0,1.0015667501633493e-12,90.0,3.7378917351375827,computed from source STEP with OCCT 7.9,False
0009__00095591__STEP__Part2,10,G0_only,0,1.0012996598079017e-12,90.0,4.113278298291794,computed from source STEP with OCCT 7.9,False
0009__00095591__STEP__Part2,11,G0_only,0,5.034861416675085e-14,90.0,4.113278298291794,computed from source STEP with OCCT 7.9,False
0009__00095591__STEP__Part2,13,G0_only,0,5.540013588159438e-14,90.0,3.7378917351375827,computed from source STEP with OCCT 7.9,False
0009__00095591__STEP__Part2,14,G0_only,0,5.540013588159438e-14,90.0,3.7378917351375827,computed from source STEP with OCCT 7.9,False
0009__00095591__STEP__Part2,16,G0_only,0,5.0341123888388926e-14,90.0,4.113278298291794,computed from source STEP with OCCT 7.9,False
0009__00095591__STEP__Part2,17,G0_only,0,5.034861416675085e-14,90.0,4.113278298291794,computed from source STEP with OCCT 7.9,False
0009__00096020__STEP__Part261,1,G0_only,0,1.9658302615892087e-09,71.82307672213648,128.86209206579997,computed from source STEP with OCCT 7.9,False
0009__00096020__STEP__Part261,2,G0_only,0,4.78201383331591e-08,88.85304541117915,128.8620920658,computed from source STEP with OCCT 7.9,False
0009__00096020__STEP__Part261,3,G0_fail,0,9.309955811035784e-08,89.9371725550212,128.86209206579997,computed from source STEP with OCCT 7.9,False
0009__00096020__STEP__Part261,4,G0_fail,0,1.7447716960640043e-07,72.48721733110946,128.86209206579997,computed from source STEP with OCCT 7.9,False
0009__00096020__STEP__Part261,5,G0_only,0,5.0837198164860405e-11,87.01285250695555,128.86209206579997,computed from source STEP with OCCT 7.9,False
0009__00096020__STEP__Part261,6,G0_fail,0,1.803195323475328e-07,70.78659495914259,128.86209206579997,computed from source STEP with OCCT 7.9,False
0009__00096020__STEP__Part261,7,G0_only,0,3.368342034326594e-09,87.87697357272287,128.86209206579997,computed from source STEP with OCCT 7.9,False
0009__00096020__STEP__Part261,8,G0_fail,0,1.0064888394139656e-07,87.80728746038744,128.86209206579997,computed from source STEP with OCCT 7.9,False
0009__00096020__STEP__Part261,9,G0_only,0,8.342627885831678e-09,71.57100659805462,128.86209206579997,computed from source STEP with OCCT 7.9,False
0009__00096020__STEP__Part261,10,G0_only,0,2.6513105007496463e-11,87.93117372469851,128.86209206579997,computed from source STEP with OCCT 7.9,False
0009__00096020__STEP__Part261,11,G0_only,0,4.314783516565642e-13,89.99999999999999,0.0,computed from source STEP with OCCT 7.9,False
0009__00096020__STEP__Part261,12,G0_only,0,8.326672684688674e-16,89.99999999999999,0.0,computed from source STEP with OCCT 7.9,False
0009__00096020__STEP__Part261,13,G0_fail,0,8.71293833957964e-08,82.66118080003412,128.86209206579997,computed from source STEP with OCCT 7.9,False
0009__00096020__STEP__Part261,14,G0_only,0,3.693708207077762e-15,89.99999999999999,0.0,computed from source STEP with OCCT 7.9,False
0009__00096020__STEP__Part261,15,G0_fail,0,1.6732992307847044e-07,81.10232120905786,128.86209206579997,computed from source STEP with OCCT 7.9,False
0009__00096020__STEP__Part261,16,G0_fail,0,1.6060829776720115e-07,81.74124019706,128.86209206579997,computed from source STEP with OCCT 7.9,False
0009__00096020__STEP__Part261,17,G0_only,0,7.221840048911609e-08,89.89837062581695,128.8620920658,computed from source STEP with OCCT 7.9,False
0009__00096020__STEP__Part261,18,G0_fail,0,1.7669016866002962e-07,80.26418124040438,128.8620920658,computed from source STEP with OCCT 7.9,False
0009__00096020__STEP__Part261,19,G0_fail,0,1.406891707644289e-07,87.54040436962921,128.8620920658,computed from source STEP with OCCT 7.9,False
0009__00096020__STEP__Part261,20,G0_only,0,3.6101572784827636e-09,80.77938024069127,128.86209206579997,computed from source STEP with OCCT 7.9,False
0009__00096020__STEP__Part261,21,G0_only,0,3.420709970225859e-11,83.12523705805928,128.8620920658,computed from source STEP with OCCT 7.9,False
0009__00096020__STEP__Part261,22,G0_only,0,4.3632600982604965e-10,81.28205242454352,128.86209206579997,computed from source STEP with OCCT 7.9,False
0009__00096020__STEP__Part261,23,G0_only,0,7.450152273134366e-13,89.99999999999933,0.0,computed from source STEP with OCCT 7.9,False
0009__00096020__STEP__Part261,24,G0_only,0,8.326672684688674e-16,90.0,0.0,computed from source STEP with OCCT 7.9,False
0009__00096020__STEP__Part261,25,G0_only,0,1.590725196278411e-14,89.99999999999999,0.0,computed from source STEP with OCCT 7.9,False
0009__00096020__STEP__Part261,26,G0_only,0,5.849552748781339e-13,89.99999999999999,0.0,computed from source STEP with OCCT 7.9,False
0009__00096020__STEP__Part261,27,G0_only,0,1.0328492297482592e-14,90.0,0.0,computed from source STEP with OCCT 7.9,False
0009__00096020__STEP__Part261,28,G0_only,0,3.466602183234472e-13,89.99999999999933,0.0,computed from source STEP with OCCT 7.9,False
0009__00096020__STEP__Part261,29,G0_only,0,8.326672684688674e-16,89.99999999999999,0.0,computed from source STEP with OCCT 7.9,False
0009__00096020__STEP__Part261,30,G0_only,0,3.466602183234472e-13,89.99999999999997,0.0,computed from source STEP with OCCT 7.9,False
0009__00096020__STEP__Part261,31,G0_only,0,7.771561172376096e-16,89.99999999999999,0.0,computed from source STEP with OCCT 7.9,False
0009__00096020__STEP__Part261,32,G0_only,0,2.9390864456177945e-15,89.99999999999999,0.0,computed from source STEP with OCCT 7.9,False
0009__00096020__STEP__Part261,33,G0_only,0,6.898681972329361e-13,89.99999999999933,0.0,computed from source STEP with OCCT 7.9,False
0009__00096089__STEP__Part283,1,G0_only,0,3.006388888513566e-13,90.0,758.966210269908,computed from source STEP with OCCT 7.9,False
0009__00096089__STEP__Part283,2,G1_only,1,2.9163400583268797e-13,2.3700182286394913e-11,777.036835554395,computed from source STEP with OCCT 7.9,False
0009__00096089__STEP__Part283,3,G0_only,0,2.280617143682994e-14,90.0,758.966210269908,computed from source STEP with OCCT 7.9,False
0009__00096089__STEP__Part283,4,G0_only,0,7.072545378481221e-13,43.982259833658816,758.966210269908,computed from source STEP with OCCT 7.9,False
0009__00096089__STEP__Part283,5,G0_only,0,0.0,90.0,0.0,computed from source STEP with OCCT 7.9,False
0009__00096089__STEP__Part283,6,G0_only,0,9.998946115530316e-15,90.0,0.0,computed from source STEP with OCCT 7.9,False
0009__00096089__STEP__Part283,7,G0_only,0,0.0,90.0,0.0,computed from source STEP with OCCT 7.9,False
0009__00096089__STEP__Part283,8,G1_only,1,1.0709660212140157e-12,1.9599271113208755e-09,777.036835554395,computed from source STEP with OCCT 7.9,False
0009__00096089__STEP__Part283,9,G0_only,0,3.0065735585790295e-13,90.0,1536.003045824303,computed from source STEP with OCCT 7.9,False
0009__00096089__STEP__Part283,10,G0_only,0,2.307538948528063e-14,90.0,1536.003045824303,computed from source STEP with OCCT 7.9,False
0009__00096089__STEP__Part283,11,G0_only,0,3.006388888513566e-13,90.0,758.966210269908,computed from source STEP with OCCT 7.9,False
0009__00096089__STEP__Part283,12,G0_only,0,9.998946115530316e-15,90.0,0.0,computed from source STEP with OCCT 7.9,False
0009__00096089__STEP__Part283,13,G0_only,0,0.0,90.0,0.0,computed from source STEP with OCCT 7.9,False
0009__00096089__STEP__Part283,14,G0_only,0,6.400590259767435e-13,43.982259833658816,758.9662102699078,computed from source STEP with OCCT 7.9,False
0009__00096089__STEP__Part283,15,G0_only,0,2.280617143682994e-14,90.0,758.966210269908,computed from source STEP with OCCT 7.9,False
0009__00096089__STEP__Part283,16,G0_only,0,0.0,90.0,0.0,computed from source STEP with OCCT 7.9,False
0009__00096089__STEP__Part283,17,G0_only,0,9.998946115530316e-15,90.0,0.0,computed from source STEP with OCCT 7.9,False
0009__00096089__STEP__Part283,18,G0_only,0,9.998946115530316e-15,90.0,0.0,computed from source STEP with OCCT 7.9,False
0009__00097329__STEP__Part36,1,G0_only,0,2.0003561770136e-13,90.0,16.372891904281193,computed from source STEP with OCCT 7.9,False
0009__00097329__STEP__Part36,3,G0_only,0,4.0167908922845716e-14,90.0,16.372891904281193,computed from source STEP with OCCT 7.9,False
0009__00097329__STEP__Part36,4,G0_only,0,2.0000668751554993e-13,90.0,19.243040392325625,computed from source STEP with OCCT 7.9,False
0009__00097329__STEP__Part36,5,G0_only,0,4.002358815763795e-14,90.0,19.243040392325625,computed from source STEP with OCCT 7.9,False
0010__00100112__STEP__Part36,1,G0_only,0,5.551115123125783e-17,90.0,0.0,computed from source STEP with OCCT 7.9,False
0010__00100112__STEP__Part36,2,G0_only,0,0.0,90.0,0.0,computed from source STEP with OCCT 7.9,False
0010__00100112__STEP__Part36,3,G0_only,0,1.1102230246251565e-16,90.0,0.0,computed from source STEP with OCCT 7.9,False
0010__00100112__STEP__Part36,4,G0_only,0,0.0,90.0,0.0,computed from source STEP with OCCT 7.9,False
0010__00100112__STEP__Part36,5,G0_only,0,5.018449882861885e-13,81.28396953936046,0.0,computed from source STEP with OCCT 7.9,False
0010__00100112__STEP__Part36,6,G0_only,0,5.300095562397039e-13,81.28396953936046,0.0,computed from source STEP with OCCT 7.9,False
0010__00100112__STEP__Part36,7,G0_only,0,5.676378263715792e-14,17.769379919711668,0.0,computed from source STEP with OCCT 7.9,False
0010__00100112__STEP__Part36,8,G0_only,0,1.9322375232739372e-13,81.28396953936046,0.0,computed from source STEP with OCCT 7.9,False
0010__00100112__STEP__Part36,9,G0_only,0,4.5198274270208306e-13,80.94665054092786,0.0,computed from source STEP with OCCT 7.9,False
0010__00100112__STEP__Part36,10,G0_only,0,8.98678220703748e-14,80.94665054092786,0.0,computed from source STEP with OCCT 7.9,False
0010__00100112__STEP__Part36,11,G0_only,0,7.186433975215734e-13,80.94665054092788,0.0,computed from source STEP with OCCT 7.9,False
0010__00100112__STEP__Part36,12,G0_only,0,9.404988572068848e-13,88.89464947013913,0.0,computed from source STEP with OCCT 7.9,False
0010__00100112__STEP__Part36,13,G0_only,0,4.371240751255025e-13,88.89464947013913,0.0,computed from source STEP with OCCT 7.9,False
0010__00100112__STEP__Part36,14,G0_only,0,2.45028315455748e-13,88.89464947013913,0.0,computed from source STEP with OCCT 7.9,False
0010__00100112__STEP__Part36,15,G0_only,0,8.376465505119913e-13,88.89464947013913,0.0,computed from source STEP with OCCT 7.9,False
0010__00100112__STEP__Part37,1,G0_only,0,1.3968799668229967e-13,17.769379919711668,0.0,computed from source STEP with OCCT 7.9,False
0010__00100112__STEP__Part37,2,G0_only,0,2.3425338153985907e-13,80.94665054092786,0.0,computed from source STEP with OCCT 7.9,False
0010__00100112__STEP__Part37,3,G0_only,0,1.882793574814469e-13,80.94665054092786,0.0,computed from source STEP with OCCT 7.9,False
0010__00100112__STEP__Part37,4,G0_only,0,1.9208071992464874e-13,80.94665054092788,0.0,computed from source STEP with OCCT 7.9,False
0010__00100112__STEP__Part37,5,G0_only,0,8.114632509390145e-13,88.89464947013913,0.0,computed from source STEP with OCCT 7.9,False
0010__00100112__STEP__Part37,6,G0_only,0,6.501682940116298e-13,81.28396953936046,0.0,computed from source STEP with OCCT 7.9,False
0010__00100112__STEP__Part37,7,G0_only,0,5.087667610166607e-13,88.89464947013913,0.0,computed from source STEP with OCCT 7.9,False
0010__00100112__STEP__Part37,8,G0_only,0,2.7755575615628914e-17,90.0,0.0,computed from source STEP with OCCT 7.9,False
0010__00100112__STEP__Part37,9,G0_only,0,1.4477309305359533e-13,88.89464947013913,0.0,computed from source STEP with OCCT 7.9,False
0010__00100112__STEP__Part37,10,G0_only,0,2.7755575615628914e-17,90.0,0.0,computed from source STEP with OCCT 7.9,False
0010__00100112__STEP__Part37,11,G0_only,0,6.244806551445683e-13,88.89464947013913,0.0,computed from source STEP with OCCT 7.9,False
0010__00100112__STEP__Part37,12,G0_only,0,9.274929548685615e-13,81.28396953936046,0.0,computed from source STEP with OCCT 7.9,False
0010__00100112__STEP__Part37,13,G0_only,0,4.48532056513924e-13,81.28396953936046,0.0,computed from source STEP with OCCT 7.9,False
0010__00100112__STEP__Part37,14,G0_only,0,2.7755575615628914e-17,90.0,0.0,computed from source STEP with OCCT 7.9,False
0010__00100112__STEP__Part37,15,G0_only,0,0.0,90.0,0.0,computed from source STEP with OCCT 7.9,False
0010__00101572__STEP__Part3,1,G0_only,0,1.4482145361877062e-17,90.0,0.0,computed from source STEP with OCCT 7.9,False
0010__00101572__STEP__Part3,2,G0_only,0,1.0240423191512578e-17,90.0,0.0,computed from source STEP with OCCT 7.9,False
0010__00101572__STEP__Part3,3,G0_only,0,1.0240423191512578e-17,90.0,0.0,computed from source STEP with OCCT 7.9,False
0010__00101572__STEP__Part3,4,G0_only,0,1.0241048317115426e-17,90.0,0.0,computed from source STEP with OCCT 7.9,False
0010__00101572__STEP__Part3,5,G0_only,0,0.0,90.0,0.0,computed from source STEP with OCCT 7.9,False
0010__00101572__STEP__Part3,6,G0_only,0,1.1102230246251565e-16,90.0,0.0,computed from source STEP with OCCT 7.9,False
0010__00101572__STEP__Part3,7,G0_only,0,0.0,90.0,0.0,computed from source STEP with OCCT 7.9,False
0010__00101572__STEP__Part3,8,G0_only,0,7.163788804961925e-15,90.0,0.0,computed from source STEP with OCCT 7.9,False
0010__00101572__STEP__Part3,9,G0_only,0,2.7642423098095947e-17,90.0,0.0,computed from source STEP with OCCT 7.9,False
0010__00101572__STEP__Part3,10,G0_only,0,2.947829408014339e-17,90.0,0.0,computed from source STEP with OCCT 7.9,False
0010__00101572__STEP__Part3,11,G0_only,0,2.1100088120761047e-13,45.0,0.0,computed from source STEP with OCCT 7.9,False
0010__00101572__STEP__Part3,12,G0_only,0,1.0240423191512578e-17,90.0,0.0,computed from source STEP with OCCT 7.9,False
0010__00101572__STEP__Part3,13,G0_only,0,0.0,45.0,0.0,computed from source STEP with OCCT 7.9,False
0010__00101572__STEP__Part3,14,G0_only,0,1.1149357789226955e-16,90.0,0.0,computed from source STEP with OCCT 7.9,False
0010__00101572__STEP__Part3,15,G0_only,0,0.0,45.0,0.0,computed from source STEP with OCCT 7.9,False
0010__00101572__STEP__Part3,16,G0_only,0,1.0240423191512578e-17,90.0,0.0,computed from source STEP with OCCT 7.9,False
0010__00101572__STEP__Part3,17,G0_only,0,1.4130832128153976e-14,45.0,0.0,computed from source STEP with OCCT 7.9,False
0010__00101572__STEP__Part3,18,G0_only,0,7.163796124148491e-15,90.0,0.0,computed from source STEP with OCCT 7.9,False
0010__00101802__STEP__Part2,1,G1_only,1,1.2906342661267445e-13,1.7749692277344476e-11,1.2000023635016153,computed from source STEP with OCCT 7.9,False
0010__00101802__STEP__Part2,2,G0_only,0,1.2934098236883074e-13,90.0,1.2000023635016153,computed from source STEP with OCCT 7.9,False
0010__00101802__STEP__Part2,3,G1_only,1,1.8020176181606298e-13,5.9285539262479955e-12,1.2000023635016153,computed from source STEP with OCCT 7.9,False
0010__00101802__STEP__Part2,4,G0_only,0,1.293410300178788e-13,90.0,1.2000023635016153,computed from source STEP with OCCT 7.9,False
0010__00101802__STEP__Part2,5,G0_only,0,5.551115123125783e-17,90.0,0.0,computed from source STEP with OCCT 7.9,False
0010__00101802__STEP__Part2,6,G0_only,0,0.0,90.0,0.0,computed from source STEP with OCCT 7.9,False
0010__00101802__STEP__Part2,7,G0_only,0,1.1133809305446632e-16,90.0,0.0,computed from source STEP with OCCT 7.9,False
0010__00101802__STEP__Part2,8,G0_only,0,6.071532165918825e-18,90.0,0.0,computed from source STEP with OCCT 7.9,False
0010__00101802__STEP__Part2,9,G0_only,0,6.071532165918825e-18,90.0,0.0,computed from source STEP with OCCT 7.9,False
0010__00101802__STEP__Part2,10,G0_only,0,1.1150351773754399e-16,90.0,0.0,computed from source STEP with OCCT 7.9,False
0010__00101802__STEP__Part2,11,G0_only,0,1.0035514967037482e-12,90.0,3.600007090504845,computed from source STEP with OCCT 7.9,False
0010__00101802__STEP__Part2,12,G0_only,0,1.1133809305446632e-16,90.0,0.0,computed from source STEP with OCCT 7.9,False
0010__00101802__STEP__Part2,13,G0_only,0,8.329344192874707e-14,90.0,3.600007090504845,computed from source STEP with OCCT 7.9,False
0010__00101802__STEP__Part2,14,G0_only,0,1.2440923951228292e-16,90.0,0.0,computed from source STEP with OCCT 7.9,False
0010__00102833__STEP__Part3,1,G0_only,0,6.397389924943405e-13,90.0,96.37840361157113,computed from source STEP with OCCT 7.9,False
0010__00102833__STEP__Part3,2,G0_only,0,6.882055841116406e-13,90.0,96.37840361157113,computed from source STEP with OCCT 7.9,False
0010__00103613__STEP__Part5,1,G0_only,0,7.144847612268144e-13,89.99999999985486,12.35695085846854,computed from source STEP with OCCT 7.9,False
0010__00103613__STEP__Part5,2,G0_fail,0,4.0127895320751494e-07,49.19219873428777,7.41461556185042,computed from source STEP with OCCT 7.9,False
0010__00103613__STEP__Part5,3,G0_only,0,5.594315114139762e-17,89.99999999954376,18.69591946422809,computed from source STEP with OCCT 7.9,False
0010__00103613__STEP__Part5,4,G0_only,0,7.383191799346426e-15,49.25958960651714,7.492247686564075,computed from source STEP with OCCT 7.9,False
0010__00103613__STEP__Part5,5,G0_only,0,0.0,89.9999999998548,12.160879568030722,computed from source STEP with OCCT 7.9,False
0010__00103613__STEP__Part5,6,G0_only,0,5.551115123125783e-17,89.99999999690962,10.22437886250928,computed from source STEP with OCCT 7.9,False
0010__00103613__STEP__Part5,7,G0_only,0,1.1102230246251565e-16,89.99999999971213,10.224378867906479,computed from source STEP with OCCT 7.9,False
0010__00103613__STEP__Part5,8,G0_only,0,7.383191799346426e-15,49.259589606516876,7.492247686563453,computed from source STEP with OCCT 7.9,False
0010__00103613__STEP__Part5,9,G0_only,0,8.453213339412854e-15,89.99999999838579,15.762584102865745,computed from source STEP with OCCT 7.9,False
0010__00103613__STEP__Part5,10,G0_only,0,6.489754525553407e-13,49.19221343841017,7.414635430375696,computed from source STEP with OCCT 7.9,False
0010__00103613__STEP__Part5,11,G0_only,0,9.172789565849199e-10,89.99940511830647,1.2406327720995482e-05,computed from source STEP with OCCT 7.9,False
0010__00103613__STEP__Part5,12,G0_only,0,4.4583598648081085e-13,89.99999999953846,18.973079313249247,computed from source STEP with OCCT 7.9,False
0010__00104672__STEP__Part14,1,G0_only,0,0.0,90.0,0.0,computed from source STEP with OCCT 7.9,False
0010__00104672__STEP__Part14,2,G0_only,0,3.982495930101114e-15,84.28940686250037,0.0,computed from source STEP with OCCT 7.9,False
0010__00104672__STEP__Part14,3,G0_only,0,0.0,90.0,0.0,computed from source STEP with OCCT 7.9,False
0010__00104672__STEP__Part14,4,G0_only,0,0.0,90.0,0.0,computed from source STEP with OCCT 7.9,False
0010__00104672__STEP__Part14,5,G0_only,0,0.0,90.0,0.0,computed from source STEP with OCCT 7.9,False
0010__00104672__STEP__Part14,6,G0_only,0,0.0,90.0,0.0,computed from source STEP with OCCT 7.9,False
0010__00104672__STEP__Part14,7,G0_only,0,0.0,90.0,0.0,computed from source STEP with OCCT 7.9,False
0010__00104672__STEP__Part14,8,G0_only,0,0.0,90.0,0.0,computed from source STEP with OCCT 7.9,False
0010__00104672__STEP__Part14,9,G0_only,0,0.0,90.0,0.0,computed from source STEP with OCCT 7.9,False
0010__00104672__STEP__Part14,10,G0_only,0,0.0,90.0,0.0,computed from source STEP with OCCT 7.9,False
0010__00104672__STEP__Part14,11,G0_only,0,0.0,90.0,0.0,computed from source STEP with OCCT 7.9,False
0010__00104672__STEP__Part14,12,G0_only,0,0.0,90.0,0.0,computed from source STEP with OCCT 7.9,False
0010__00104672__STEP__Part14,13,G0_only,0,1.0275187567694726e-15,11.421186274999286,0.0,computed from source STEP with OCCT 7.9,False
0010__00104672__STEP__Part14,14,G0_only,0,1.9940116273952487e-15,84.28940686250039,0.0,computed from source STEP with OCCT 7.9,False
0010__00104672__STEP__Part14,15,G0_only,0,0.0,89.99999999999999,0.0,computed from source STEP with OCCT 7.9,False
0010__00105295__STEP__Part1,1,G0_only,0,5.551115123125783e-17,90.0,0.0,computed from source STEP with OCCT 7.9,False
0010__00105295__STEP__Part1,2,G0_only,0,3.469446951953614e-18,90.0,0.0,computed from source STEP with OCCT 7.9,False
0010__00105295__STEP__Part1,3,G0_only,0,5.551115123125783e-17,90.0,0.0,computed from source STEP with OCCT 7.9,False
0010__00105295__STEP__Part1,4,G0_only,0,4.117557023959325e-18,90.0,0.0,computed from source STEP with OCCT 7.9,False
0010__00105295__STEP__Part1,5,G0_only,0,3.469446951953614e-18,90.0,0.0,computed from source STEP with OCCT 7.9,False
0010__00105295__STEP__Part1,6,G0_only,0,0.0,90.0,0.0,computed from source STEP with OCCT 7.9,False
0010__00105295__STEP__Part1,7,G0_only,0,4.117557023959325e-18,90.0,0.0,computed from source STEP with OCCT 7.9,False
0010__00105295__STEP__Part1,8,G0_only,0,4.117557023959325e-18,90.0,0.0,computed from source STEP with OCCT 7.9,False
0010__00105295__STEP__Part1,9,G0_only,0,0.0,89.99999999999999,0.0,computed from source STEP with OCCT 7.9,False
0010__00105295__STEP__Part1,10,G0_only,0,3.469446951953614e-18,90.0,0.0,computed from source STEP with OCCT 7.9,False
0010__00105295__STEP__Part1,11,G0_only,0,0.0,90.0,0.0,computed from source STEP with OCCT 7.9,False
0010__00105295__STEP__Part1,12,G0_only,0,8.317973701815306e-17,90.0,0.0,computed from source STEP with OCCT 7.9,False
0010__00105295__STEP__Part1,13,G0_only,0,7.91939425245455e-18,90.0,0.0,computed from source STEP with OCCT 7.9,False
0010__00105295__STEP__Part1,14,G0_only,0,1.1102230246251565e-16,90.0,0.0,computed from source STEP with OCCT 7.9,False
0010__00105295__STEP__Part1,15,G0_only,0,3.469446951953614e-18,90.0,0.0,computed from source STEP with OCCT 7.9,False
0010__00105295__STEP__Part1,16,G0_only,0,3.469446951953614e-18,90.0,0.0,computed from source STEP with OCCT 7.9,False
0010__00105295__STEP__Part1,17,G0_only,0,3.469446951953614e-18,90.0,0.0,computed from source STEP with OCCT 7.9,False
0010__00105295__STEP__Part1,18,G0_only,0,2.797157557069881e-17,90.0,0.0,computed from source STEP with OCCT 7.9,False
0010__00105295__STEP__Part1,19,G0_only,0,2.797157557069881e-17,90.0,0.0,computed from source STEP with OCCT 7.9,False
0010__00105295__STEP__Part1,20,G0_only,0,2.797157557069881e-17,90.0,0.0,computed from source STEP with OCCT 7.9,False
0010__00105295__STEP__Part1,21,G0_only,0,3.469446951953614e-18,90.0,0.0,computed from source STEP with OCCT 7.9,False
0010__00105295__STEP__Part1,22,G0_only,0,3.469446951953614e-18,90.0,0.0,computed from source STEP with OCCT 7.9,False
0010__00105295__STEP__Part1,23,G0_only,0,3.469446951953614e-18,90.0,0.0,computed from source STEP with OCCT 7.9,False
0010__00105295__STEP__Part1,24,G0_only,0,6.481100720057106e-19,90.0,0.0,computed from source STEP with OCCT 7.9,False
0010__00105295__STEP__Part1,25,G0_only,0,1.1102419416840523e-16,90.0,0.0,computed from source STEP with OCCT 7.9,False
0010__00105295__STEP__Part1,26,G0_only,0,7.945870121720176e-18,90.0,0.0,computed from source STEP with OCCT 7.9,False
0010__00105295__STEP__Part1,27,G0_only,0,8.318226191367086e-17,90.0,0.0,computed from source STEP with OCCT 7.9,False
0010__00105295__STEP__Part1,28,G0_only,0,4.117557023959325e-18,90.0,0.0,computed from source STEP with OCCT 7.9,False
0010__00105295__STEP__Part1,29,G0_only,0,4.117557023959325e-18,90.0,0.0,computed from source STEP with OCCT 7.9,False
0010__00105295__STEP__Part1,30,G0_only,0,2.363801859166959e-17,90.0,0.0,computed from source STEP with OCCT 7.9,False
0010__00105295__STEP__Part1,31,G0_only,0,4.117557023959325e-18,90.0,0.0,computed from source STEP with OCCT 7.9,False
0010__00105295__STEP__Part1,32,G0_only,0,4.117557023959325e-18,90.0,0.0,computed from source STEP with OCCT 7.9,False
0010__00105295__STEP__Part1,33,G0_only,0,2.8059334518132306e-17,90.0,0.0,computed from source STEP with OCCT 7.9,False
0010__00105295__STEP__Part1,34,G0_only,0,4.117557023959325e-18,90.0,0.0,computed from source STEP with OCCT 7.9,False
0010__00105295__STEP__Part1,35,G0_only,0,4.117557023959325e-18,90.0,0.0,computed from source STEP with OCCT 7.9,False
0010__00105295__STEP__Part1,36,G0_only,0,4.117557023959325e-18,90.0,0.0,computed from source STEP with OCCT 7.9,False
0010__00105295__STEP__Part1,37,G0_only,0,1.1102230246251565e-16,90.0,0.0,computed from source STEP with OCCT 7.9,False
0010__00105295__STEP__Part1,38,G0_only,0,7.91939425245455e-18,90.0,0.0,computed from source STEP with OCCT 7.9,False
0010__00105295__STEP__Part1,39,G0_only,0,2.6926654188259493e-17,90.0,0.0,computed from source STEP with OCCT 7.9,False
0010__00105295__STEP__Part1,40,G0_only,0,1.1655882985546264e-16,90.0,0.0,computed from source STEP with OCCT 7.9,False
0010__00105295__STEP__Part1,41,G0_only,0,5.551115123125783e-17,89.99999999999997,0.0,computed from source STEP with OCCT 7.9,False
0010__00105295__STEP__Part1,42,G0_only,0,5.551115123125783e-17,89.99999999999997,0.0,computed from source STEP with OCCT 7.9,False
0010__00105295__STEP__Part1,43,G0_only,0,0.0,89.99999999999999,0.0,computed from source STEP with OCCT 7.9,False
0010__00105295__STEP__Part1,44,G0_only,0,0.0,89.99999999999999,0.0,computed from source STEP with OCCT 7.9,False
0010__00105295__STEP__Part1,45,G0_only,0,5.551115123125783e-17,89.99999999999999,0.0,computed from source STEP with OCCT 7.9,False
0010__00105295__STEP__Part1,46,G0_only,0,0.0,89.99999999999999,0.0,computed from source STEP with OCCT 7.9,False
0010__00105295__STEP__Part1,47,G0_only,0,2.7755575615628914e-17,90.0,0.0,computed from source STEP with OCCT 7.9,False
0010__00105295__STEP__Part1,48,G0_only,0,2.7755575615628914e-17,90.0,0.0,computed from source STEP with OCCT 7.9,False
0010__00106837__STEP__Part61,1,G0_only,0,1.2412670766236366e-16,90.0,21.030775375533043,computed from source STEP with OCCT 7.9,False
0010__00106837__STEP__Part61,3,G0_only,0,1.0006654898694949e-14,90.0,21.030775375533043,computed from source STEP with OCCT 7.9,False
0010__00106837__STEP__Part61,4,G0_only,0,1.6008856129919157e-13,90.0,50.07327470365912,computed from source STEP with OCCT 7.9,False
0010__00106837__STEP__Part61,5,G0_only,0,4.986125195590856e-15,90.0,50.07327470365912,computed from source STEP with OCCT 7.9,False
0010__00106837__STEP__Part61,7,G0_only,0,3.972442522218699e-15,90.0,26.288469219419074,computed from source STEP with OCCT 7.9,False
0010__00106837__STEP__Part61,8,G0_only,0,1.1833774466174547e-14,90.0,26.28846921941907,computed from source STEP with OCCT 7.9,False
0010__00106837__STEP__Part61,10,G0_only,0,3.500116863008884e-13,90.0,26.28846921941907,computed from source STEP with OCCT 7.9,False
0010__00109801__STEP__Part2,1,G0_only,0,1.182083506465609e-13,90.0,2.5324433450005044,computed from source STEP with OCCT 7.9,False
0010__00109801__STEP__Part2,3,G0_only,0,1.182189549296941e-13,90.0,2.5324433450005044,computed from source STEP with OCCT 7.9,False
0010__00109801__STEP__Part2,4,G0_only,0,1.510232696448994e-13,90.0,1.866946973122112,computed from source STEP with OCCT 7.9,False
0010__00109801__STEP__Part2,5,G0_only,0,4.1428935118315456e-13,90.0,1.866946973122112,computed from source STEP with OCCT 7.9,False
0010__00109801__STEP__Part2,7,G0_only,0,4.3972938844855915e-13,90.0,1.866946973122112,computed from source STEP with OCCT 7.9,False
0011__00110677__STEP__Part1,1,G0_only,0,2.327797646486426e-13,90.0,2.7231342588165464,computed from source STEP with OCCT 7.9,False
0011__00110677__STEP__Part1,2,G0_only,0,2.331448411665283e-13,90.0,2.682691670807015,computed from source STEP with OCCT 7.9,False
0011__00110677__STEP__Part1,3,G0_only,0,2.4258150153235715e-13,90.0,2.682691670807015,computed from source STEP with OCCT 7.9,False
0011__00110677__STEP__Part1,5,G0_only,0,2.4223064784003845e-13,90.0,2.7231342588165464,computed from source STEP with OCCT 7.9,False
0011__00111931__STEP__Part35,1,G0_only,0,5.984721891514938e-13,90.0,303.6750203706428,computed from source STEP with OCCT 7.9,False
0011__00111931__STEP__Part35,3,G1_only,1,6.558172106937181e-13,2.962182095668565e-11,102.59991491715157,computed from source STEP with OCCT 7.9,False
0011__00111931__STEP__Part35,4,G0_only,0,7.449514833842965e-13,90.0,303.6750203706428,computed from source STEP with OCCT 7.9,False
0011__00111931__STEP__Part35,5,G1_only,1,1.6658716363621644e-14,2.5251722609582847e-10,102.59991491715158,computed from source STEP with OCCT 7.9,False
0011__00112251__STEP__Part5,1,G0_only,0,5.312275057742896e-15,90.0,91.46237954963425,computed from source STEP with OCCT 7.9,False
0011__00112251__STEP__Part5,2,G1_only,1,6.687653963875385e-15,3.0401227897806066e-11,274.95271090672594,computed from source STEP with OCCT 7.9,False
0011__00112251__STEP__Part5,4,G1_only,1,7.0321538923225696e-15,2.7687056302107725e-11,366.4150904563602,computed from source STEP with OCCT 7.9,False
0011__00112664__STEP__Part1,1,G0_only,0,5.393748229286408e-15,90.0,24.705000050005772,computed from source STEP with OCCT 7.9,False
0011__00112664__STEP__Part1,3,G0_only,0,2.7925894515048906e-08,88.10291232891089,22.891993825258396,computed from source STEP with OCCT 7.9,False
0011__00112664__STEP__Part1,4,G0_only,0,2.79255957290331e-08,88.10291232889429,22.89199382526916,computed from source STEP with OCCT 7.9,False
0011__00112664__STEP__Part1,5,G0_only,0,2.170088454422001e-15,90.0,24.705000050005772,computed from source STEP with OCCT 7.9,False
0011__00112664__STEP__Part1,6,G0_only,0,2.124706989126661e-15,90.0,24.705000050005772,computed from source STEP with OCCT 7.9,False
0011__00112664__STEP__Part1,7,G0_only,0,1.047317027120689e-14,90.0,24.705000050005772,computed from source STEP with OCCT 7.9,False
0011__00112664__STEP__Part1,9,G0_only,0,2.7925970291422187e-08,88.10291232895496,22.891993825182432,computed from source STEP with OCCT 7.9,False
0011__00112664__STEP__Part1,10,G0_only,0,2.7925058845022292e-08,88.1029123288552,22.89199382533554,computed from source STEP with OCCT 7.9,False
0011__00112664__STEP__Part1,11,G0_only,0,3.7247982476174e-14,90.0,5.557930269966114,computed from source STEP with OCCT 7.9,False
0011__00112664__STEP__Part1,13,G0_only,0,3.7247982476174e-14,90.0,5.557930269966114,computed from source STEP with OCCT 7.9,False
0011__00112664__STEP__Part1,14,G0_only,0,5.911937931898616e-14,90.0,19.764000040000717,computed from source STEP with OCCT 7.9,False
0011__00112664__STEP__Part1,15,G0_only,0,1.962615573354719e-17,90.0,19.764000040000717,computed from source STEP with OCCT 7.9,False
0011__00113684__STEP__Part5,1,G0_only,0,7.010251838179455e-14,45.00000000014621,8.639086558764085,computed from source STEP with OCCT 7.9,False
0011__00113684__STEP__Part5,3,G0_only,0,1.0046635062673715e-13,44.999999999853806,13.040151066409479,computed from source STEP with OCCT 7.9,False
0011__00113684__STEP__Part5,4,G0_only,0,1.0002551798781703e-12,90.0,14.200000040002877,computed from source STEP with OCCT 7.9,False
0011__00114505__STEP__Part50,1,G0_only,0,2.7422933606853602e-14,84.28940686250036,0.0,computed from source STEP with OCCT 7.9,False
0011__00114505__STEP__Part50,2,G1_only,1,3.696604206363525e-13,3.1228721417604943e-09,250.14477785198758,computed from source STEP with OCCT 7.9,False
0011__00114505__STEP__Part50,3,G0_only,0,4.756204588921071e-13,84.28940686250036,0.0,computed from source STEP with OCCT 7.9,False
0011__00114505__STEP__Part50,4,G1_only,1,3.680397238846802e-13,3.1231011416975597e-09,250.14477785199728,computed from source STEP with OCCT 7.9,False
0011__00114505__STEP__Part50,5,G0_only,0,7.831575100110576e-11,81.09945184636068,244.84399486520522,computed from source STEP with OCCT 7.9,False
0011__00114505__STEP__Part50,6,G0_only,0,7.870098408606355e-11,81.09945184635319,244.84399486492055,computed from source STEP with OCCT 7.9,False
0011__00114505__STEP__Part50,7,G1_only,1,5.981955959885796e-13,3.0850871521447078e-09,223.11756125423454,computed from source STEP with OCCT 7.9,False
0011__00114505__STEP__Part50,8,G0_only,0,0.0,73.30075576602283,0.0,computed from source STEP with OCCT 7.9,False
0011__00114505__STEP__Part50,9,G0_only,0,4.2789538317901183e-13,73.30075576602283,0.0,computed from source STEP with OCCT 7.9,False
0011__00114505__STEP__Part50,10,G1_only,1,3.9846095564429497e-13,1.2337168053897369e-08,229.20258574877482,computed from source STEP with OCCT 7.9,False
0011__00114505__STEP__Part50,11,G0_only,0,8.13009137268473e-11,75.71144136084976,237.36573796670177,computed from source STEP with OCCT 7.9,False
0011__00114505__STEP__Part50,12,G0_only,0,8.117027218097702e-11,75.71144135604862,237.36573793830604,computed from source STEP with OCCT 7.9,False
0011__00114505__STEP__Part50,13,G1_only,1,7.751054220051283e-13,1.3131110835703017e-08,245.92872077080204,computed from source STEP with OCCT 7.9,False
0011__00114505__STEP__Part50,14,G0_only,0,2.7034971641768497e-14,78.69006752599103,0.0,computed from source STEP with OCCT 7.9,False
0011__00114505__STEP__Part50,15,G0_only,0,4.746843915947237e-14,78.69006752599103,0.0,computed from source STEP with OCCT 7.9,False
0011__00114505__STEP__Part50,16,G1_only,1,7.759615032688501e-13,1.3129711391643173e-08,245.92872068632573,computed from source STEP with OCCT 7.9,False
0011__00114505__STEP__Part50,17,G0_only,0,8.128037223842332e-11,75.71144136066519,237.36573796435098,computed from source STEP with OCCT 7.9,False
0011__00114505__STEP__Part50,18,G0_only,0,8.151838551633251e-11,75.71144135665305,237.3657378208041,computed from source STEP with OCCT 7.9,False
0011__00114505__STEP__Part50,19,G1_only,1,7.333659259231188e-13,6.391439132369469e-09,229.2025858379959,computed from source STEP with OCCT 7.9,False
0011__00114505__STEP__Part50,20,G0_only,0,2.6383285192607265e-14,73.30075576602283,0.0,computed from source STEP with OCCT 7.9,False
0011__00114505__STEP__Part50,21,G0_only,0,5.671391342966848e-13,73.30075576602283,0.0,computed from source STEP with OCCT 7.9,False
0011__00114505__STEP__Part50,22,G1_only,1,9.012673662118485e-13,3.072670266668274e-09,223.11756125422735,computed from source STEP with OCCT 7.9,False
0011__00114505__STEP__Part50,23,G0_only,0,7.829315306557377e-11,81.09945184644519,244.8439948645946,computed from source STEP with OCCT 7.9,False
0011__00114505__STEP__Part50,24,G0_only,0,7.876783373465707e-11,81.09945184644067,244.8439948643503,computed from source STEP with OCCT 7.9,False
0011__00114957__STEP__Part4,1,G0_only,0,1.0004596085219561e-13,90.0,60.000000039372,computed from source STEP with OCCT 7.9,False
0011__00114957__STEP__Part4,3,G0_only,0,3.4538845390507645e-15,90.0,60.000000039372004,computed from source STEP with OCCT 7.9,False
0011__00114957__STEP__Part4,4,G0_only,0,1.0004601959613511e-13,90.0,60.000000039372,computed from source STEP with OCCT 7.9,False
0011__00114957__STEP__Part4,5,G0_only,0,1.3849151371400468e-14,90.0,24.14486923112923,computed from source STEP with OCCT 7.9,False
0011__00114957__STEP__Part4,6,G0_only,0,1.3848706356780023e-14,90.0,24.14486923112923,computed from source STEP with OCCT 7.9,False
0011__00115089__STEP__Part27,1,G0_only,0,6.077831158732291e-14,90.0,34.28601289133076,computed from source STEP with OCCT 7.9,False
0011__00115089__STEP__Part27,3,G0_only,0,9.734573243839405e-15,90.0,34.28601289133076,computed from source STEP with OCCT 7.9,False
0011__00115089__STEP__Part27,4,G0_only,0,2.1210781103223385e-15,90.0,96.00083609572876,computed from source STEP with OCCT 7.9,False
0011__00115089__STEP__Part27,6,G0_only,0,6.003116037122825e-14,90.0,96.00083609572876,computed from source STEP with OCCT 7.9,False
0011__00116423__STEP__Part6,1,G0_only,0,1.0954421499064795e-14,90.0,75.00065319978764,computed from source STEP with OCCT 7.9,False
0011__00116423__STEP__Part6,3,G0_only,0,4.474419175479002e-15,90.0,75.00065319978764,computed from source STEP with OCCT 7.9,False
0011__00116423__STEP__Part6,4,G0_only,0,1.3953632566683868e-14,90.0,34.286012891330756,computed from source STEP with OCCT 7.9,False
0011__00116423__STEP__Part6,6,G0_only,0,9.73267375312364e-15,90.0,34.286012891330756,computed from source STEP with OCCT 7.9,False
0011__00116425__STEP__Part7,1,G0_only,0,5.960736039641589e-15,90.0,75.11576182074384,computed from source STEP with OCCT 7.9,False
0011__00116425__STEP__Part7,2,G0_only,0,4.415928653512151e-15,90.0,75.11576182074384,computed from source STEP with OCCT 7.9,False
0011__00117385__STEP__Part9,1,G0_only,0,1.1102230246251565e-16,90.0,33.33333337533333,computed from source STEP with OCCT 7.9,False
0011__00117385__STEP__Part9,2,G0_only,0,2.7755575615628914e-17,90.0,33.33333337533333,computed from source STEP with OCCT 7.9,False
0011__00117385__STEP__Part9,3,G0_only,0,1.2412670766236366e-16,90.0,33.33333337533333,computed from source STEP with OCCT 7.9,False
0011__00117385__STEP__Part9,4,G0_only,0,1.5700924586837752e-16,90.0,33.33333337533333,computed from source STEP with OCCT 7.9,False
0011__00117385__STEP__Part9,5,G0_only,0,1.325606291402437e-13,90.0,1.5625000019677735,computed from source STEP with OCCT 7.9,False
0011__00117385__STEP__Part9,6,G0_only,0,1.6564528457553946e-13,90.0,1.2500000015750001,computed from source STEP with OCCT 7.9,False
0011__00117385__STEP__Part9,8,G0_only,0,2.596941114103175e-13,90.0,1.2500000015750001,computed from source STEP with OCCT 7.9,False
0011__00117385__STEP__Part9,9,G0_only,0,6.973005481978175e-14,44.9999999998538,1.0885264502389704,computed from source STEP with OCCT 7.9,False
0011__00117385__STEP__Part9,10,G0_only,0,2.0000670870006984e-13,90.0,33.33333337533333,computed from source STEP with OCCT 7.9,False
0011__00117385__STEP__Part9,11,G0_only,0,2.000066798120876e-13,90.0,33.33333337533333,computed from source STEP with OCCT 7.9,False
0011__00117385__STEP__Part9,12,G0_only,0,2.0000671640353106e-13,90.0,33.33333337533333,computed from source STEP with OCCT 7.9,False
0011__00117385__STEP__Part9,13,G0_only,0,2.0000673951391295e-13,90.0,33.33333337533333,computed from source STEP with OCCT 7.9,False
0011__00117385__STEP__Part9,18,G0_only,0,2.0011324423355818e-13,45.00000000014621,0.9506037131721905,computed from source STEP with OCCT 7.9,False
0011__00117619__STEP__Part552,1,G0_only,0,8.042776589241601e-14,16.332710611516347,0.0,computed from source STEP with OCCT 7.9,False
0011__00117619__STEP__Part552,2,G0_only,0,1.744854652917291e-14,85.46421827065186,0.0,computed from source STEP with OCCT 7.9,False
0011__00117619__STEP__Part552,3,G0_only,0,8.660868556587369e-13,73.66728938848365,0.0,computed from source STEP with OCCT 7.9,False
0011__00117619__STEP__Part552,4,G0_only,0,2.7302754978917652e-14,85.46421827065186,0.0,computed from source STEP with OCCT 7.9,False
0011__00117619__STEP__Part552,5,G0_only,0,7.936406645575634e-13,16.332710553523157,0.0,computed from source STEP with OCCT 7.9,False
0011__00117619__STEP__Part552,6,G0_only,0,1.003878136661732e-12,73.66728944647684,0.0,computed from source STEP with OCCT 7.9,False
0011__00117619__STEP__Part552,7,G0_only,0,3.1755265535179125e-14,85.46421827065186,0.0,computed from source STEP with OCCT 7.9,False
0011__00117619__STEP__Part552,8,G0_only,0,7.15851432672724e-14,73.66728944647687,0.0,computed from source STEP with OCCT 7.9,False
0011__00117619__STEP__Part552,9,G0_only,0,8.064632033515942e-13,73.66728938848364,0.0,computed from source STEP with OCCT 7.9,False
0011__00117619__STEP__Part552,10,G0_only,0,0.0,89.99999999999999,0.0,computed from source STEP with OCCT 7.9,False
0011__00117619__STEP__Part552,11,G0_only,0,2.7755575615628914e-17,89.99999999999999,0.0,computed from source STEP with OCCT 7.9,False
0011__00117619__STEP__Part552,12,G0_only,0,0.0,90.0,0.0,computed from source STEP with OCCT 7.9,False
0011__00117619__STEP__Part552,13,G0_only,0,0.0,90.0,0.0,computed from source STEP with OCCT 7.9,False
0011__00117619__STEP__Part552,14,G0_only,0,0.0,89.99999999999999,0.0,computed from source STEP with OCCT 7.9,False
0011__00117619__STEP__Part552,15,G0_only,0,0.0,89.99999999999999,0.0,computed from source STEP with OCCT 7.9,False
0011__00117619__STEP__Part552,16,G0_only,0,1.1510108702851556e-13,16.332710611516347,0.0,computed from source STEP with OCCT 7.9,False
0011__00117619__STEP__Part552,17,G0_only,0,0.0,90.0,0.0,computed from source STEP with OCCT 7.9,False
0011__00117619__STEP__Part552,18,G0_only,0,7.660008378134552e-13,16.332710553523132,0.0,computed from source STEP with OCCT 7.9,False
0011__00117619__STEP__Part552,19,G0_only,0,0.0,90.0,0.0,computed from source STEP with OCCT 7.9,False
0011__00117619__STEP__Part552,20,G0_only,0,2.76723645669118e-14,85.46421827065186,0.0,computed from source STEP with OCCT 7.9,False
0011__00118324__STEP__Part33,1,G0_only,0,4.2986351743765565e-13,4.844323148436417,5.401872423790004,computed from source STEP with OCCT 7.9,False
0011__00118324__STEP__Part33,2,G0_only,0,1.625829460018839e-08,89.53858490810964,7.9784862797033504,computed from source STEP with OCCT 7.9,False
0011__00118324__STEP__Part33,3,G0_only,0,4.657103005887997e-13,5.944909447288668,5.401872423790005,computed from source STEP with OCCT 7.9,False
0011__00118324__STEP__Part33,4,G0_only,0,2.5587042230907377e-09,89.53063478369718,7.977317059925721,computed from source STEP with OCCT 7.9,False
0011__00118324__STEP__Part33,5,G0_only,0,2.3497415464261126e-14,90.0,9.821586225073508,computed from source STEP with OCCT 7.9,False
0011__00118324__STEP__Part33,6,G0_only,0,1.6671819729343608e-17,89.99999999999999,0.0,computed from source STEP with OCCT 7.9,False
0011__00118324__STEP__Part33,7,G0_only,0,1.3218126643329724e-14,90.0,9.821586225073508,computed from source STEP with OCCT 7.9,False
0011__00118324__STEP__Part33,8,G0_only,0,5.986330104142114e-17,90.0,0.0,computed from source STEP with OCCT 7.9,False
0011__00118324__STEP__Part33,9,G0_only,0,1.4623000713445447e-14,90.0,9.821586225073506,computed from source STEP with OCCT 7.9,False
0011__00118324__STEP__Part33,10,G0_only,0,2.7755575615628914e-17,90.0,0.0,computed from source STEP with OCCT 7.9,False
0011__00118324__STEP__Part33,11,G0_only,0,2.0865788167045662e-14,90.0,9.821586225073506,computed from source STEP with OCCT 7.9,False
0011__00118324__STEP__Part33,12,G1_only,1,3.179439651815911e-14,1.1850091143197456e-11,9.821586225073506,computed from source STEP with OCCT 7.9,False
0011__00118324__STEP__Part33,13,G1_only,1,5.456983450594228e-15,0.0,9.821586225073506,computed from source STEP with OCCT 7.9,False
0011__00118324__STEP__Part33,14,G1_only,1,3.1798990762703325e-14,1.1850091143197456e-11,9.821586225073506,computed from source STEP with OCCT 7.9,False
0011__00118324__STEP__Part33,15,G1_only,1,2.1746929322052776e-14,2.3714215704991982e-11,9.821586225073506,computed from source STEP with OCCT 7.9,False
0011__00119128__STEP__Part3,1,G0_only,0,1.9921653631465016e-12,90.0,8.366650665719922,computed from source STEP with OCCT 7.9,False
0011__00119128__STEP__Part3,2,G0_only,0,1.9921005634097633e-12,90.0,15.362380258500815,computed from source STEP with OCCT 7.9,False
0011__00119128__STEP__Part3,3,G0_only,0,3.5086516524227577e-13,90.0,8.366650665719922,computed from source STEP with OCCT 7.9,False
0011__00119128__STEP__Part3,4,G0_only,0,3.5049705390680906e-13,90.0,15.362380258500815,computed from source STEP with OCCT 7.9,False
0011__00119589__STEP__Part3,1,G0_only,0,1.1102230246251565e-16,90.0,0.0,computed from source STEP with OCCT 7.9,False
0011__00119589__STEP__Part3,2,G0_only,0,0.0,90.0,0.0,computed from source STEP with OCCT 7.9,False
0011__00119589__STEP__Part3,3,G0_only,0,1.1102230246251565e-16,90.0,0.0,computed from source STEP with OCCT 7.9,False
0011__00119589__STEP__Part3,4,G0_only,0,4.64069001176949e-13,56.144973871696,0.0,computed from source STEP with OCCT 7.9,False
0011__00119589__STEP__Part3,5,G0_only,0,0.0,90.0,0.0,computed from source STEP with OCCT 7.9,False
0011__00119589__STEP__Part3,6,G0_only,0,0.0,90.0,0.0,computed from source STEP with OCCT 7.9,False
0011__00119589__STEP__Part3,7,G0_only,0,1.1432386489843176e-13,90.0,2.5000000039375,computed from source STEP with OCCT 7.9,False
0011__00119589__STEP__Part3,8,G0_only,0,0.0,90.0,0.0,computed from source STEP with OCCT 7.9,False
0011__00119589__STEP__Part3,9,G0_only,0,0.0,90.0,0.0,computed from source STEP with OCCT 7.9,False
0011__00119589__STEP__Part3,10,G1_only,1,5.315605960790159e-13,1.7378550779516655e-11,2.5000000039375,computed from source STEP with OCCT 7.9,False
0011__00119589__STEP__Part3,11,G0_only,0,0.0,90.0,0.0,computed from source STEP with OCCT 7.9,False
0011__00119589__STEP__Part3,12,G0_only,0,0.0,90.0,0.0,computed from source STEP with OCCT 7.9,False
0011__00119589__STEP__Part3,13,G0_only,0,0.0,90.0,0.0,computed from source STEP with OCCT 7.9,False
0011__00119589__STEP__Part3,14,G1_only,0,8.271163396247517e-14,2.3700182286394913e-11,2.5000000039374997,computed from source STEP with OCCT 7.9,False
0011__00119589__STEP__Part3,15,G0_only,0,4.934315290072033e-13,90.0,2.5000000039375,computed from source STEP with OCCT 7.9,False
0011__00119845__STEP__Part12,1,G0_only,0,2.20046798642345e-13,90.0,586.0172450378744,computed from source STEP with OCCT 7.9,False
0011__00119845__STEP__Part12,2,G0_only,0,5.117875266520903e-16,90.0,586.0172450378744,computed from source STEP with OCCT 7.9,False
0012__00120002__STEP__Part6,1,G0_only,0,5.551115123125783e-17,90.0,0.0,computed from source STEP with OCCT 7.9,False
0012__00120002__STEP__Part6,2,G0_only,0,5.198803655166605e-13,59.99999999998744,0.0,computed from source STEP with OCCT 7.9,False
0012__00120002__STEP__Part6,3,G0_only,0,5.551115123125783e-17,90.0,0.0,computed from source STEP with OCCT 7.9,False
0012__00120002__STEP__Part6,4,G0_only,0,8.246535431101848e-13,60.000000000025125,0.0,computed from source STEP with OCCT 7.9,False
0012__00120002__STEP__Part6,5,G0_only,0,0.0,90.0,0.0,computed from source STEP with OCCT 7.9,False
0012__00120002__STEP__Part6,6,G0_only,0,5.721958498152797e-17,90.0,0.0,computed from source STEP with OCCT 7.9,False
0012__00120002__STEP__Part6,7,G0_only,0,0.0,90.0,0.0,computed from source STEP with OCCT 7.9,False
0012__00120002__STEP__Part6,8,G0_only,0,1.3877787807814457e-17,90.0,0.0,computed from source STEP with OCCT 7.9,False
0012__00120002__STEP__Part6,9,G0_only,0,0.0,90.0,0.0,computed from source STEP with OCCT 7.9,False
0012__00120002__STEP__Part6,10,G0_only,0,0.0,90.0,0.0,computed from source STEP with OCCT 7.9,False
0012__00120002__STEP__Part6,11,G0_only,0,3.8887233100468594e-13,59.99999999998744,0.0,computed from source STEP with OCCT 7.9,False
0012__00120002__STEP__Part6,12,G0_only,0,0.0,90.0,0.0,computed from source STEP with OCCT 7.9,False
0012__00120002__STEP__Part6,13,G0_only,0,6.383572557502842e-13,59.99999999998744,0.0,computed from source STEP with OCCT 7.9,False
0012__00120002__STEP__Part6,14,G0_only,0,5.721958498152797e-17,90.0,0.0,computed from source STEP with OCCT 7.9,False
0012__00120002__STEP__Part6,15,G0_only,0,3.6260043354323474e-13,60.000000000025125,0.0,computed from source STEP with OCCT 7.9,False
0012__00120002__STEP__Part6,16,G0_only,0,0.0,90.0,0.0,computed from source STEP with OCCT 7.9,False
0012__00120002__STEP__Part6,17,G0_only,0,3.136150969803373e-13,59.99999999998744,0.0,computed from source STEP with OCCT 7.9,False
0012__00120002__STEP__Part6,18,G0_only,0,1.3877787807814457e-17,90.0,0.0,computed from source STEP with OCCT 7.9,False
0012__00120082__STEP__Part26,1,G0_only,0,2.7783334388611806e-13,89.99999999980604,93.21198750711054,computed from source STEP with OCCT 7.9,False
0012__00120082__STEP__Part26,2,G0_only,0,3.2713559687804007e-13,89.99999999982933,93.21198750712261,computed from source STEP with OCCT 7.9,False
0012__00120082__STEP__Part26,3,G0_only,0,3.5195911840604033e-13,89.99999999982933,93.21198750712261,computed from source STEP with OCCT 7.9,False
0012__00120082__STEP__Part26,4,G0_only,0,3.237602453541938e-13,89.99999999982933,93.21198750712263,computed from source STEP with OCCT 7.9,False
0012__00120082__STEP__Part26,5,G0_only,0,2.609192216535252e-13,89.99999999980604,93.21198750711056,computed from source STEP with OCCT 7.9,False
0012__00120082__STEP__Part26,6,G0_only,0,2.2656896096006707e-13,90.0,0.0,computed from source STEP with OCCT 7.9,False
0012__00120082__STEP__Part26,7,G0_only,0,2.602713790729112e-13,89.99999999982948,100.51957854203823,computed from source STEP with OCCT 7.9,False
0012__00120082__STEP__Part26,8,G0_only,0,3.2309455738280203e-13,89.99999999982948,100.51957854203832,computed from source STEP with OCCT 7.9,False
0012__00120082__STEP__Part26,9,G0_only,0,2.6946889500464364e-13,89.99999999982948,100.51957854203823,computed from source STEP with OCCT 7.9,False
0012__00120082__STEP__Part26,10,G0_only,0,3.2655966717567217e-13,89.99999999982948,100.51957854203822,computed from source STEP with OCCT 7.9,False
0012__00120082__STEP__Part26,11,G0_only,0,2.771436073696866e-13,89.99999999982948,100.51957854203823,computed from source STEP with OCCT 7.9,False
0012__00120082__STEP__Part26,12,G0_only,0,2.2656896096006707e-13,90.0,0.0,computed from source STEP with OCCT 7.9,False
0012__00120082__STEP__Part26,13,G0_fail,0,1.381957045221435e-06,90.0,105.7499217366797,computed from source STEP with OCCT 7.9,False
0012__00120082__STEP__Part26,14,G0_only,0,7.600824116406545e-12,90.0,1.6590482738559326e-12,computed from source STEP with OCCT 7.9,False
0012__00120082__STEP__Part26,15,G0_fail,0,1.3822623149657954e-06,90.0,105.7500695033046,computed from source STEP with OCCT 7.9,False
0012__00120082__STEP__Part26,16,G0_only,0,1.1102230246251565e-16,89.99972466011693,9.10917128254489e-16,computed from source STEP with OCCT 7.9,False
0012__00120082__STEP__Part26,17,G0_fail,0,5.188088203378457e-06,90.0,115.22209671336334,computed from source STEP with OCCT 7.9,False
0012__00120082__STEP__Part26,18,G0_fail,0,5.31576762383446e-06,90.0,115.22193166351859,computed from source STEP with OCCT 7.9,False
0012__00120082__STEP__Part26,19,G0_only,0,3.3334446314370325e-14,89.9997246601306,1.89618530115569e-12,computed from source STEP with OCCT 7.9,False
0012__00120082__STEP__Part26,20,G0_only,0,5.405469610174968e-15,90.0,1.659048273901102e-12,computed from source STEP with OCCT 7.9,False
0012__00120130__STEP__Part999,1,G1_only,1,1.2406748316657794e-13,1.7800581152247893e-11,124.55711407940726,computed from source STEP with OCCT 7.9,False
0012__00120130__STEP__Part999,2,G1_only,1,1.240510138872609e-13,1.1850091143197456e-11,124.55711407940726,computed from source STEP with OCCT 7.9,False
0012__00120130__STEP__Part999,3,G1_only,1,1.2401814912003662e-13,1.7749692277344476e-11,124.55711407940726,computed from source STEP with OCCT 7.9,False
0012__00120130__STEP__Part999,4,G1_only,1,1.2401191185366323e-13,0.0,124.55711407940726,computed from source STEP with OCCT 7.9,False
0012__00120130__STEP__Part999,5,G0_only,0,8.93639448836805e-18,90.0,0.0,computed from source STEP with OCCT 7.9,False
0012__00120130__STEP__Part999,6,G0_only,0,8.93639448836805e-18,90.0,0.0,computed from source STEP with OCCT 7.9,False
0012__00120130__STEP__Part999,7,G0_only,0,8.93710433863479e-18,90.0,0.0,computed from source STEP with OCCT 7.9,False
0012__00120130__STEP__Part999,8,G0_only,0,8.93639448836805e-18,90.0,0.0,computed from source STEP with OCCT 7.9,False
0012__00120130__STEP__Part999,9,G0_only,0,0.0,90.0,0.0,computed from source STEP with OCCT 7.9,False
0012__00120130__STEP__Part999,10,G1_only,1,5.6318585120511475e-15,1.776021734129228e-11,124.55711407940726,computed from source STEP with OCCT 7.9,False
0012__00120130__STEP__Part999,11,G0_only,0,1.1263883837257088e-19,90.0,0.0,computed from source STEP with OCCT 7.9,False
0012__00120130__STEP__Part999,12,G0_only,0,0.0,90.0,0.0,computed from source STEP with OCCT 7.9,False
0012__00120130__STEP__Part999,13,G1_only,1,4.333073956900181e-15,2.3700182286394913e-11,124.55711407940726,computed from source STEP with OCCT 7.9,False
0012__00120130__STEP__Part999,14,G0_only,0,1.1263883837257088e-19,90.0,0.0,computed from source STEP with OCCT 7.9,False
0012__00120130__STEP__Part999,15,G1_only,1,4.021879219218507e-15,5.925045571598728e-12,124.55711407940726,computed from source STEP with OCCT 7.9,False
0012__00120130__STEP__Part999,16,G0_only,0,3.614995541410882e-10,87.81878241283233,91.7794595754134,computed from source STEP with OCCT 7.9,False
0012__00120130__STEP__Part999,17,G0_only,0,3.6149882244848187e-10,87.81878241283361,91.7794595754187,computed from source STEP with OCCT 7.9,False
0012__00120130__STEP__Part999,18,G0_only,0,3.6149860165714284e-10,87.81878241283482,91.77945957542353,computed from source STEP with OCCT 7.9,False
0012__00120130__STEP__Part999,19,G0_only,0,3.6149930789754203e-10,87.81878241283482,91.77945957542353,computed from source STEP with OCCT 7.9,False
0012__00120130__STEP__Part999,20,G1_only,1,1.6866472937511407e-15,2.3688771267540272e-11,124.55711407940726,computed from source STEP with OCCT 7.9,False
0012__00120330__STEP__Part65,1,G0_only,0,1.3877787807814457e-17,90.0,0.0,computed from source STEP with OCCT 7.9,False
0012__00120330__STEP__Part65,2,G0_only,0,5.506041680764423e-13,90.0,4.636325950411319,computed from source STEP with OCCT 7.9,False
0012__00120330__STEP__Part65,3,G0_only,0,1.3877787807814457e-17,90.0,0.0,computed from source STEP with OCCT 7.9,False
0012__00120330__STEP__Part65,4,G0_only,0,5.504424793764266e-13,90.0,4.850502159892345,computed from source STEP with OCCT 7.9,False
0012__00120330__STEP__Part65,5,G0_only,0,0.0,90.0,0.0,computed from source STEP with OCCT 7.9,False
0012__00120330__STEP__Part65,6,G0_only,0,2.1603753354522106e-14,90.0,4.850502159892345,computed from source STEP with OCCT 7.9,False
0012__00120330__STEP__Part65,7,G0_only,0,0.0,90.0,0.0,computed from source STEP with OCCT 7.9,False
0012__00120330__STEP__Part65,8,G0_only,0,2.5391907373932334e-14,90.0,4.636325950411319,computed from source STEP with OCCT 7.9,False
0012__00120330__STEP__Part65,9,G0_only,0,4.787716469752479e-13,85.85424581760584,4.8505021598923435,computed from source STEP with OCCT 7.9,False
0012__00120330__STEP__Part65,10,G0_only,0,5.002577634553985e-13,86.03760273449377,4.636325950411318,computed from source STEP with OCCT 7.9,False
0012__00120330__STEP__Part65,11,G0_only,0,7.050152430771819e-13,89.99999999997112,4.636325950411318,computed from source STEP with OCCT 7.9,False
0012__00120330__STEP__Part65,12,G0_only,0,7.684446459591127e-13,89.99999999997112,4.850502159892346,computed from source STEP with OCCT 7.9,False
0012__00121107__STEP__Part925,1,G0_only,0,4.62383986190098e-13,90.0,0.0,computed from source STEP with OCCT 7.9,False
0012__00121107__STEP__Part925,2,G0_only,0,8.765641867923045e-14,45.00000000000931,0.0,computed from source STEP with OCCT 7.9,False
0012__00121107__STEP__Part925,3,G0_only,0,4.570163885253985e-13,90.0,0.0,computed from source STEP with OCCT 7.9,False
0012__00121107__STEP__Part925,4,G0_only,0,8.773699453252575e-14,45.00000000000717,0.0,computed from source STEP with OCCT 7.9,False
0012__00121107__STEP__Part925,5,G0_only,0,4.137425449118779e-14,89.99999999999234,0.0,computed from source STEP with OCCT 7.9,False
0012__00121107__STEP__Part925,6,G0_only,0,6.271120406092408e-13,90.0,0.0,computed from source STEP with OCCT 7.9,False
0012__00121107__STEP__Part925,7,G0_only,0,6.271120404556853e-13,90.0,0.0,computed from source STEP with OCCT 7.9,False
0012__00121107__STEP__Part925,8,G0_only,0,6.271120404556853e-13,90.0,0.0,computed from source STEP with OCCT 7.9,False
0012__00121107__STEP__Part925,9,G0_only,0,4.1374468616008375e-14,89.99999999999235,0.0,computed from source STEP with OCCT 7.9,False
0012__00121107__STEP__Part925,10,G0_only,0,6.443429231136241e-14,89.99999999999235,0.0,computed from source STEP with OCCT 7.9,False
0012__00121107__STEP__Part925,11,G0_only,0,6.798699777552591e-17,44.99999999999268,0.0,computed from source STEP with OCCT 7.9,False
0012__00121107__STEP__Part925,12,G0_only,0,6.442677308628048e-14,89.99999999999234,0.0,computed from source STEP with OCCT 7.9,False
0012__00121107__STEP__Part925,13,G0_only,0,1.0385185452638061e-16,44.99999999999052,0.0,computed from source STEP with OCCT 7.9,False
0012__00121107__STEP__Part925,14,G0_only,0,6.27120725647663e-13,90.0,0.0,computed from source STEP with OCCT 7.9,False
0012__00121107__STEP__Part925,15,G0_only,0,0.0,89.99999999999983,0.0,computed from source STEP with OCCT 7.9,False
0012__00121107__STEP__Part925,16,G0_only,0,6.310527503453265e-13,90.0,0.0,computed from source STEP with OCCT 7.9,False
0012__00121107__STEP__Part925,17,G0_only,0,4.518280359883027e-16,89.99999999999984,0.0,computed from source STEP with OCCT 7.9,False
0012__00121107__STEP__Part925,18,G0_only,0,6.271120404556853e-13,90.0,0.0,computed from source STEP with OCCT 7.9,False
0012__00121877__STEP__Part1615,1,G0_only,0,0.0,89.99999999999999,0.0,computed from source STEP with OCCT 7.9,False
0012__00121877__STEP__Part1615,2,G0_only,0,1.1443916996305594e-16,90.0,2080.9973856138217,computed from source STEP with OCCT 7.9,False
0012__00121877__STEP__Part1615,3,G0_only,0,0.0,90.0,0.0,computed from source STEP with OCCT 7.9,False
0012__00121877__STEP__Part1615,4,G0_only,0,1.3597399555105182e-16,90.0,2080.9973856138217,computed from source STEP with OCCT 7.9,False
0012__00121877__STEP__Part1615,5,G0_only,0,0.0,89.99999999999999,0.0,computed from source STEP with OCCT 7.9,False
0012__00121877__STEP__Part1615,6,G0_only,0,0.0,90.0,0.0,computed from source STEP with OCCT 7.9,False
0012__00121877__STEP__Part1615,7,G0_only,0,6.000771495473221e-14,90.0,2080.9973856138217,computed from source STEP with OCCT 7.9,False
0012__00121877__STEP__Part1615,8,G0_only,0,5.551115123125783e-17,89.99999999999999,0.0,computed from source STEP with OCCT 7.9,False
0012__00121877__STEP__Part1615,9,G0_only,0,2.7755575615628914e-17,90.0,0.0,computed from source STEP with OCCT 7.9,False
0012__00121877__STEP__Part1615,10,G0_only,0,5.551115123125783e-17,89.99999999999999,0.0,computed from source STEP with OCCT 7.9,False
0012__00121877__STEP__Part1615,11,G0_only,0,9.99756141898955e-14,90.0,2080.9973856138217,computed from source STEP with OCCT 7.9,False
0012__00121877__STEP__Part1615,12,G0_only,0,0.0,90.0,0.0,computed from source STEP with OCCT 7.9,False
0012__00121877__STEP__Part1615,13,G1_only,1,2.620066195444259e-13,5.937767790324582e-12,2080.9973856138217,computed from source STEP with OCCT 7.9,False
0012__00121877__STEP__Part1615,14,G1_only,1,2.4943292789706146e-13,5.925045571598728e-12,2080.9973856138217,computed from source STEP with OCCT 7.9,False
0012__00121877__STEP__Part1615,15,G1_only,1,2.4699687987929915e-13,1.1850091143197456e-11,2080.9973856138217,computed from source STEP with OCCT 7.9,False
0012__00121877__STEP__Part1615,16,G0_only,0,0.0,90.0,0.0,computed from source STEP with OCCT 7.9,False
0012__00121877__STEP__Part1615,17,G1_only,1,8.562177295208569e-13,1.1857107852495991e-11,2080.9973856138217,computed from source STEP with OCCT 7.9,False
0012__00121877__STEP__Part1615,18,G0_only,0,0.0,90.0,0.0,computed from source STEP with OCCT 7.9,False
0012__00121877__STEP__Part656,1,G0_only,0,5.551115123125783e-17,90.0,0.0,computed from source STEP with OCCT 7.9,False
0012__00121877__STEP__Part656,2,G0_only,0,5.551115123125783e-17,90.0,0.0,computed from source STEP with OCCT 7.9,False
0012__00121877__STEP__Part656,3,G0_only,0,3.910339539932771e-13,90.0,0.0,computed from source STEP with OCCT 7.9,False
0012__00121877__STEP__Part656,4,G0_only,0,5.551115123125783e-17,90.0,0.0,computed from source STEP with OCCT 7.9,False
0012__00121877__STEP__Part656,5,G0_only,0,0.0,89.99999999999999,0.0,computed from source STEP with OCCT 7.9,False
0012__00121877__STEP__Part656,6,G1_only,1,7.529532634858521e-13,2.3688771267540272e-11,2080.9973856138217,computed from source STEP with OCCT 7.9,False
0012__00121877__STEP__Part656,7,G0_only,0,3.6506326501513694e-13,40.00000000001942,0.0,computed from source STEP with OCCT 7.9,False
0012__00121877__STEP__Part656,8,G1_only,1,5.100626717809243e-13,1.773477290384057e-11,2080.9973856138217,computed from source STEP with OCCT 7.9,False
0012__00121877__STEP__Part656,9,G0_only,0,5.551115123125783e-17,90.0,0.0,computed from source STEP with OCCT 7.9,False
0012__00121877__STEP__Part656,10,G1_only,1,5.498827187230782e-13,1.776021734129228e-11,2080.9973856138217,computed from source STEP with OCCT 7.9,False
0012__00121877__STEP__Part656,11,G0_only,0,3.910339539932771e-13,90.0,0.0,computed from source STEP with OCCT 7.9,False
0012__00121877__STEP__Part656,12,G0_only,0,1.8621497832327334e-11,81.40506953106593,2080.997385613822,computed from source STEP with OCCT 7.9,False
0012__00121877__STEP__Part656,13,G0_only,0,1.7921734377664835e-11,81.40506953107301,2080.9973856138217,computed from source STEP with OCCT 7.9,False
0012__00121877__STEP__Part656,14,G0_only,0,7.310718426639852e-13,40.00000000001942,0.0,computed from source STEP with OCCT 7.9,False
0012__00121877__STEP__Part656,15,G0_only,0,4.89996938207103e-13,90.0,2080.9973856138217,computed from source STEP with OCCT 7.9,False
0012__00121877__STEP__Part656,16,G1_only,1,5.565881682854095e-13,2.3707198995693446e-11,2080.9973856138217,computed from source STEP with OCCT 7.9,False
0012__00121877__STEP__Part656,17,G0_only,0,0.0,89.99999999999999,0.0,computed from source STEP with OCCT 7.9,False
0012__00121877__STEP__Part656,18,G0_only,0,9.999778859837686e-13,90.0,2080.9973856138217,computed from source STEP with OCCT 7.9,False
0012__00122240__STEP__Part1422,1,G0_only,0,4.4475278790663195e-15,90.0,109.90000003999472,computed from source STEP with OCCT 7.9,False
0012__00122240__STEP__Part1422,2,G0_only,0,2.571101308994795e-15,90.0,109.90000003999472,computed from source STEP with OCCT 7.9,False
0012__00122240__STEP__Part1691,1,G0_only,0,4.4475278790663195e-15,90.0,109.90000003999472,computed from source STEP with OCCT 7.9,False
0012__00122240__STEP__Part1691,2,G0_only,0,2.571101308994795e-15,90.0,109.90000003999472,computed from source STEP with OCCT 7.9,False
0012__00122240__STEP__Part702,1,G0_only,0,4.428496258787019e-15,90.0,109.90000003999472,computed from source STEP with OCCT 7.9,False
0012__00122240__STEP__Part702,2,G0_only,0,2.5380379863455988e-15,90.0,109.90000003999472,computed from source STEP with OCCT 7.9,False
0012__00123557__STEP__Part130,1,G0_only,0,1.1871551394753856e-19,90.0,0.0,computed from source STEP with OCCT 7.9,False
0012__00123557__STEP__Part130,2,G0_only,0,0.0,89.99999999999999,0.0,computed from source STEP with OCCT 7.9,False
0012__00123557__STEP__Part130,3,G0_only,0,0.0,90.0,0.0,computed from source STEP with OCCT 7.9,False
0012__00123557__STEP__Part130,4,G0_only,0,0.0,89.99999999999999,0.0,computed from source STEP with OCCT 7.9,False
0012__00123557__STEP__Part130,5,G0_only,0,1.1871551394753856e-19,90.0,0.0,computed from source STEP with OCCT 7.9,False
0012__00123557__STEP__Part130,6,G0_only,0,5.551127817293373e-17,90.0,0.0,computed from source STEP with OCCT 7.9,False
0012__00123557__STEP__Part130,7,G0_only,0,5.818835410975508e-13,45.0,0.0,computed from source STEP with OCCT 7.9,False
0012__00123557__STEP__Part130,8,G0_only,0,5.551127817293373e-17,90.0,0.0,computed from source STEP with OCCT 7.9,False
0012__00123557__STEP__Part130,9,G0_only,0,1.1871551394753856e-19,90.0,0.0,computed from source STEP with OCCT 7.9,False
0012__00123557__STEP__Part130,10,G0_only,0,5.818835410975508e-13,45.0,0.0,computed from source STEP with OCCT 7.9,False
0012__00123557__STEP__Part130,11,G0_only,0,1.1871551394753856e-19,90.0,0.0,computed from source STEP with OCCT 7.9,False
0012__00123557__STEP__Part130,12,G0_only,0,0.0,89.99999999999999,0.0,computed from source STEP with OCCT 7.9,False
0012__00123557__STEP__Part130,13,G0_only,0,0.0,90.0,0.0,computed from source STEP with OCCT 7.9,False
0012__00123557__STEP__Part130,14,G0_only,0,0.0,89.99999999999999,0.0,computed from source STEP with OCCT 7.9,False
0012__00123557__STEP__Part130,15,G0_only,0,5.551115123125783e-17,90.0,0.0,computed from source STEP with OCCT 7.9,False
0012__00123557__STEP__Part130,16,G0_only,0,1.2515967718694832e-13,45.0,0.0,computed from source STEP with OCCT 7.9,False
0012__00123557__STEP__Part130,17,G0_only,0,1.251645847355803e-13,45.0,0.0,computed from source STEP with OCCT 7.9,False
0012__00123557__STEP__Part130,18,G0_only,0,5.551115123125783e-17,90.0,0.0,computed from source STEP with OCCT 7.9,False
0012__00123557__STEP__Part130,19,G0_only,0,5.551115123125783e-17,89.99999999999999,0.0,computed from source STEP with OCCT 7.9,False
0012__00123557__STEP__Part130,20,G0_only,0,0.0,45.0,0.0,computed from source STEP with OCCT 7.9,False
0012__00123557__STEP__Part130,21,G0_only,0,3.469446951953614e-18,90.0,0.0,computed from source STEP with OCCT 7.9,False
0012__00123557__STEP__Part130,22,G0_only,0,5.551115123125783e-17,90.0,0.0,computed from source STEP with OCCT 7.9,False
0012__00123557__STEP__Part130,23,G0_only,0,0.0,45.0,0.0,computed from source STEP with OCCT 7.9,False
0012__00123557__STEP__Part130,24,G0_only,0,5.594315114139762e-17,89.99999999999999,0.0,computed from source STEP with OCCT 7.9,False
0012__00123557__STEP__Part130,25,G0_only,0,3.469446951953614e-18,90.0,0.0,computed from source STEP with OCCT 7.9,False
0012__00123557__STEP__Part130,26,G0_only,0,0.0,45.0,0.0,computed from source STEP with OCCT 7.9,False
0012__00123557__STEP__Part130,27,G0_only,0,5.551115123125783e-17,90.0,0.0,computed from source STEP with OCCT 7.9,False
0012__00123557__STEP__Part130,28,G0_only,0,5.551115123125783e-17,90.0,0.0,computed from source STEP with OCCT 7.9,False
0012__00123557__STEP__Part130,29,G0_only,0,0.0,45.0,0.0,computed from source STEP with OCCT 7.9,False
0012__00123557__STEP__Part130,30,G0_only,0,5.551115123125783e-17,90.0,0.0,computed from source STEP with OCCT 7.9,False
0012__00123557__STEP__Part130,31,G0_only,0,5.551115123125783e-17,90.0,0.0,computed from source STEP with OCCT 7.9,False
0012__00123557__STEP__Part130,32,G0_only,0,0.0,90.0,0.0,computed from source STEP with OCCT 7.9,False
0012__00123557__STEP__Part130,33,G0_only,0,5.551115123125783e-17,90.0,0.0,computed from source STEP with OCCT 7.9,False
0012__00123557__STEP__Part130,34,G0_only,0,0.0,90.0,0.0,computed from source STEP with OCCT 7.9,False
0012__00123557__STEP__Part130,35,G0_only,0,0.0,90.0,0.0,computed from source STEP with OCCT 7.9,False
0012__00123557__STEP__Part130,36,G0_only,0,5.551115123125783e-17,90.0,0.0,computed from source STEP with OCCT 7.9,False
0012__00123557__STEP__Part130,37,G0_only,0,1.3877787807814457e-17,89.99999999999999,0.0,computed from source STEP with OCCT 7.9,False
0012__00123557__STEP__Part130,38,G0_only,0,0.0,90.0,0.0,computed from source STEP with OCCT 7.9,False
0012__00123557__STEP__Part130,39,G0_only,0,1.3877787807814457e-17,89.99999999999999,0.0,computed from source STEP with OCCT 7.9,False
0012__00123557__STEP__Part130,40,G0_only,0,1.3877787807814457e-17,89.99999999999999,0.0,computed from source STEP with OCCT 7.9,False
0012__00123557__STEP__Part130,41,G0_only,0,0.0,90.0,0.0,computed from source STEP with OCCT 7.9,False
0012__00123557__STEP__Part130,42,G0_only,0,1.3877787807814457e-17,89.99999999999999,0.0,computed from source STEP with OCCT 7.9,False
0012__00123557__STEP__Part130,43,G0_only,0,5.551115123125783e-17,90.0,0.0,computed from source STEP with OCCT 7.9,False
0012__00123557__STEP__Part130,44,G0_only,0,5.551115123125783e-17,90.0,0.0,computed from source STEP with OCCT 7.9,False
0012__00125134__STEP__Part13,1,G0_only,0,0.0,90.0,0.0,computed from source STEP with OCCT 7.9,False
0012__00125134__STEP__Part13,2,G0_only,0,0.0,90.0,0.0,computed from source STEP with OCCT 7.9,False
0012__00125134__STEP__Part13,3,G0_only,0,0.0,90.0,0.0,computed from source STEP with OCCT 7.9,False
0012__00125134__STEP__Part13,4,G0_only,0,0.0,90.0,0.0,computed from source STEP with OCCT 7.9,False
0012__00125134__STEP__Part13,5,G0_only,0,1.3221510205631352e-12,90.0,245.36008004749422,computed from source STEP with OCCT 7.9,False
0012__00125134__STEP__Part13,7,G0_only,0,8.61883481262869e-11,90.0,245.36008004749422,computed from source STEP with OCCT 7.9,False
0012__00125134__STEP__Part13,8,G0_only,0,8.618834812628885e-11,90.0,245.36008004749422,computed from source STEP with OCCT 7.9,False
0012__00125134__STEP__Part13,9,G0_only,0,0.0,90.0,0.0,computed from source STEP with OCCT 7.9,False
0012__00125134__STEP__Part13,10,G1_only,1,9.501420725442474e-13,0.0,233.09207604520526,computed from source STEP with OCCT 7.9,False
0012__00125134__STEP__Part13,11,G0_only,0,0.0,90.0,0.0,computed from source STEP with OCCT 7.9,False
0012__00125134__STEP__Part13,12,G0_only,0,0.0,90.0,0.0,computed from source STEP with OCCT 7.9,False
0012__00125134__STEP__Part13,13,G0_only,0,9.92746947006919e-16,90.0,233.09207604520532,computed from source STEP with OCCT 7.9,False
0012__00125134__STEP__Part13,14,G0_only,0,0.0,90.0,0.0,computed from source STEP with OCCT 7.9,False
0012__00125134__STEP__Part13,15,G0_only,0,9.501490732658308e-13,67.97568716294307,233.09207604520526,computed from source STEP with OCCT 7.9,False
0012__00125134__STEP__Part13,16,G0_only,0,1.000200022652098e-12,90.0,233.09207604520532,computed from source STEP with OCCT 7.9,False
0012__00125287__STEP__Part30,1,G0_only,0,5.449064314976953e-10,13.706635046530689,27.295180295567775,computed from source STEP with OCCT 7.9,False
0012__00125287__STEP__Part30,2,G0_only,0,2.3497221824741552e-14,90.0,6.949597017740538,computed from source STEP with OCCT 7.9,False
0012__00125287__STEP__Part30,3,G0_only,0,5.449049836710444e-10,13.706635046588016,27.29518029556978,computed from source STEP with OCCT 7.9,False
0012__00125287__STEP__Part30,4,G1_only,1,5.448799753608974e-10,9.929425678924598e-08,54.40000661031276,computed from source STEP with OCCT 7.9,False
0012__00125287__STEP__Part30,5,G0_only,0,7.526061364646756e-15,90.0,34.00000413143162,computed from source STEP with OCCT 7.9,False
0012__00125287__STEP__Part30,6,G0_only,0,3.8655057729272545e-15,90.0,6.949597017740538,computed from source STEP with OCCT 7.9,False
0012__00125287__STEP__Part30,7,unknown,0,5.7179180420777034e-15,90.0,34.00000413143162,computed from source STEP with OCCT 7.9,False
0012__00125287__STEP__Part30,8,G0_only,0,9.662994067022151e-11,13.70663440490887,71.93349791569926,computed from source STEP with OCCT 7.9,False
0012__00125287__STEP__Part30,9,G1_only,1,1.6811907511479406e-14,4.283192645785853e-11,34.00000413143162,computed from source STEP with OCCT 7.9,False
0012__00125287__STEP__Part30,11,G1_only,1,8.943542479259151e-15,2.6481691350948767e-11,34.00000413143162,computed from source STEP with OCCT 7.9,False
0012__00125287__STEP__Part30,12,G0_only,0,9.665121382995706e-11,13.70663440493256,71.93349791573144,computed from source STEP with OCCT 7.9,False
0012__00125287__STEP__Part30,13,G1_only,1,5.458799554094283e-10,9.929841059285931e-08,54.40000661031276,computed from source STEP with OCCT 7.9,False
0012__00125287__STEP__Part30,14,G0_only,0,5.458602610700768e-10,13.706635046530716,27.295180295567775,computed from source STEP with OCCT 7.9,False
0012__00125287__STEP__Part30,15,G0_only,0,5.458587846650257e-10,13.706635046564301,27.29518029556895,computed from source STEP with OCCT 7.9,False
0012__00125287__STEP__Part30,16,G1_only,1,9.68021211700187e-15,1.7531711073894596e-11,34.00000413143162,computed from source STEP with OCCT 7.9,False
0012__00125287__STEP__Part30,17,G1_only,1,1.1708938851200384e-14,2.3733299033080762e-11,34.00000413143162,computed from source STEP with OCCT 7.9,False
0012__00127475__STEP__Part955,1,G0_only,0,0.0,90.0,0.0,computed from source STEP with OCCT 7.9,False
0012__00127475__STEP__Part955,2,G0_only,0,1.2412670766236366e-16,90.0,2080.9973856138217,computed from source STEP with OCCT 7.9,False
0012__00127475__STEP__Part955,3,G0_only,0,0.0,90.0,0.0,computed from source STEP with OCCT 7.9,False
0012__00127475__STEP__Part955,4,G0_only,0,9.614813431917819e-17,90.0,2080.9973856138217,computed from source STEP with OCCT 7.9,False
0012__00127475__STEP__Part955,5,G0_only,0,0.0,90.0,0.0,computed from source STEP with OCCT 7.9,False
0012__00127475__STEP__Part955,6,G0_only,0,0.0,90.0,0.0,computed from source STEP with OCCT 7.9,False
0012__00127475__STEP__Part955,7,G0_only,0,9.999778859837686e-13,90.0,2080.9973856138217,computed from source STEP with OCCT 7.9,False
0012__00127475__STEP__Part955,8,G0_only,0,0.0,89.99999999999999,0.0,computed from source STEP with OCCT 7.9,False
0012__00127475__STEP__Part955,9,G0_only,0,0.0,90.0,0.0,computed from source STEP with OCCT 7.9,False
0012__00127475__STEP__Part955,10,G0_only,0,0.0,89.99999999999999,0.0,computed from source STEP with OCCT 7.9,False
0012__00127475__STEP__Part955,11,G0_only,0,4.89996938207103e-13,90.0,2080.9973856138217,computed from source STEP with OCCT 7.9,False
0012__00127475__STEP__Part955,12,G0_only,0,0.0,90.0,0.0,computed from source STEP with OCCT 7.9,False
0012__00127475__STEP__Part955,13,G1_only,1,5.10062668760229e-13,5.93206228089726e-12,2080.9973856138217,computed from source STEP with OCCT 7.9,False
0012__00127475__STEP__Part955,14,G1_only,1,5.100141027282104e-13,5.918028862300195e-12,2080.9973856138217,computed from source STEP with OCCT 7.9,False
0012__00127475__STEP__Part955,15,G1_only,1,2.4696911806647593e-13,1.186851887135063e-11,2080.9973856138217,computed from source STEP with OCCT 7.9,False
0012__00127475__STEP__Part955,16,G0_only,0,0.0,90.0,0.0,computed from source STEP with OCCT 7.9,False
0012__00127475__STEP__Part955,17,G1_only,1,9.032423790133569e-13,1.1857107852495991e-11,2080.9973856138217,computed from source STEP with OCCT 7.9,False
0012__00127475__STEP__Part955,18,G0_only,0,0.0,90.0,0.0,computed from source STEP with OCCT 7.9,False
0012__00128359__STEP__Part1,1,G0_only,0,3.010980177870414e-10,69.8076542090729,8.731029044110732,computed from source STEP with OCCT 7.9,False
0012__00128359__STEP__Part1,3,G0_only,0,3.0093846150944835e-10,69.8076542090729,8.731029044110732,computed from source STEP with OCCT 7.9,False
0012__00128359__STEP__Part1,4,G0_only,0,3.0093845364489544e-10,69.8076542090729,8.731029044110734,computed from source STEP with OCCT 7.9,False
0012__00128359__STEP__Part1,5,G0_only,0,3.0109806067908795e-10,69.8076542090729,8.731029044110734,computed from source STEP with OCCT 7.9,False
0012__00128937__STEP__Part3,1,G0_only,0,1.7795158688967365e-14,45.000000000146215,9.537917237632687,computed from source STEP with OCCT 7.9,False
0012__00128937__STEP__Part3,3,G0_only,0,1.4660856972853855e-14,44.999999999853806,11.93833483462138,computed from source STEP with OCCT 7.9,False
0012__00128937__STEP__Part3,4,G0_only,0,8.807227818356547e-15,44.9999999998538,11.938334834623648,computed from source STEP with OCCT 7.9,False
0012__00128937__STEP__Part3,6,G0_only,0,1.0539266187018812e-14,45.000000000146215,9.537917237630037,computed from source STEP with OCCT 7.9,False
0013__00130356__STEP__Part1,1,G0_only,0,1.3377678401879102e-14,90.0,25.000000013125,computed from source STEP with OCCT 7.9,False
0013__00130356__STEP__Part1,2,G0_only,0,8.812395940924152e-15,90.0,17.64705883279308,computed from source STEP with OCCT 7.9,False
0013__00130356__STEP__Part1,3,G0_only,0,5.328364642234487e-13,90.0,25.000000013125,computed from source STEP with OCCT 7.9,False
0013__00130356__STEP__Part1,4,G0_only,0,5.32798393797819e-13,90.0,17.64705883279308,computed from source STEP with OCCT 7.9,False
0013__00131193__STEP__Part8,1,G0_only,0,5.551115123125783e-17,89.99999999999999,0.0,computed from source STEP with OCCT 7.9,False
0013__00131193__STEP__Part8,2,G0_only,0,0.0,90.0,0.0,computed from source STEP with OCCT 7.9,False
0013__00131193__STEP__Part8,3,G0_only,0,5.551115123125783e-17,89.99999999999999,0.0,computed from source STEP with OCCT 7.9,False
0013__00131193__STEP__Part8,4,G0_only,0,0.0,90.0,0.0,computed from source STEP with OCCT 7.9,False
0013__00131193__STEP__Part8,5,G0_only,0,0.0,90.0,0.0,computed from source STEP with OCCT 7.9,False
0013__00131193__STEP__Part8,6,G0_only,0,0.0,90.0,0.0,computed from source STEP with OCCT 7.9,False
0013__00131193__STEP__Part8,7,G0_only,0,0.0,90.0,0.0,computed from source STEP with OCCT 7.9,False
0013__00131193__STEP__Part8,8,G0_only,0,0.0,90.0,0.0,computed from source STEP with OCCT 7.9,False
0013__00131193__STEP__Part8,9,G0_only,0,0.0,90.0,0.0,computed from source STEP with OCCT 7.9,False
0013__00131193__STEP__Part8,10,G0_only,0,0.0,90.0,0.0,computed from source STEP with OCCT 7.9,False
0013__00131193__STEP__Part8,11,G0_only,0,0.0,89.99999999999999,0.0,computed from source STEP with OCCT 7.9,False
0013__00131193__STEP__Part8,12,G0_only,0,0.0,90.0,0.0,computed from source STEP with OCCT 7.9,False
0013__00131193__STEP__Part8,13,G0_only,0,0.0,90.0,0.0,computed from source STEP with OCCT 7.9,False
0013__00131193__STEP__Part8,14,G0_only,0,0.0,90.0,0.0,computed from source STEP with OCCT 7.9,False
0013__00131193__STEP__Part8,15,G0_only,0,0.0,89.99999999999999,0.0,computed from source STEP with OCCT 7.9,False
0013__00131193__STEP__Part8,16,G0_only,0,5.551115123125783e-17,89.99999999999999,0.0,computed from source STEP with OCCT 7.9,False
0013__00131193__STEP__Part8,17,G0_only,0,5.551115123125783e-17,89.99999999999999,0.0,computed from source STEP with OCCT 7.9,False
0013__00131193__STEP__Part8,18,G0_only,0,0.0,90.0,0.0,computed from source STEP with OCCT 7.9,False
0013__00131193__STEP__Part8,19,G0_only,0,0.0,90.0,0.0,computed from source STEP with OCCT 7.9,False
0013__00131193__STEP__Part8,20,G0_only,0,0.0,90.0,0.0,computed from source STEP with OCCT 7.9,False
0013__00131193__STEP__Part8,21,G0_only,0,2.0816681711721685e-17,89.99999999999999,0.0,computed from source STEP with OCCT 7.9,False
0013__00131193__STEP__Part8,22,G0_only,0,2.0816681711721685e-17,89.99999999999999,0.0,computed from source STEP with OCCT 7.9,False
0013__00131193__STEP__Part8,23,G0_only,0,2.0816681711721685e-17,89.99999999999999,0.0,computed from source STEP with OCCT 7.9,False
0013__00131193__STEP__Part8,24,G0_only,0,2.0816681711721685e-17,89.99999999999999,0.0,computed from source STEP with OCCT 7.9,False
0013__00131592__STEP__Part6,1,G0_only,0,0.0,90.0,0.0,computed from source STEP with OCCT 7.9,False
0013__00131592__STEP__Part6,2,G0_only,0,1.1954443808478378e-08,41.11679719351424,3.31205451816147,computed from source STEP with OCCT 7.9,False
0013__00131592__STEP__Part6,3,G0_only,0,0.0,90.0,0.0,computed from source STEP with OCCT 7.9,False
0013__00131592__STEP__Part6,4,G0_only,0,1.2007048384623178e-09,22.56757506195053,4.059678519485995,computed from source STEP with OCCT 7.9,False
0013__00131592__STEP__Part6,5,G0_only,0,4.66718071428681e-14,90.0,3.312054518161471,computed from source STEP with OCCT 7.9,False
0013__00131592__STEP__Part6,6,G0_only,0,0.0,90.0,0.0,computed from source STEP with OCCT 7.9,False
0013__00131592__STEP__Part6,7,G0_only,0,0.0,90.0,0.0,computed from source STEP with OCCT 7.9,False
0013__00131592__STEP__Part6,8,G0_only,0,1.0408340855860843e-17,90.0,0.0,computed from source STEP with OCCT 7.9,False
0013__00131592__STEP__Part6,9,G0_only,0,1.3877787807814457e-17,90.0,0.0,computed from source STEP with OCCT 7.9,False
0013__00131592__STEP__Part6,10,G0_only,0,0.0,90.0,0.0,computed from source STEP with OCCT 7.9,False
0013__00131592__STEP__Part6,11,G0_only,0,6.671858455362459e-14,90.0,4.0596785194859955,computed from source STEP with OCCT 7.9,False
0013__00131592__STEP__Part6,12,G0_only,0,1.373052972318505e-08,46.16606149930144,4.0596785194859955,computed from source STEP with OCCT 7.9,False
0013__00131592__STEP__Part6,13,G0_only,0,7.279217625277227e-13,90.0,4.0596785194859955,computed from source STEP with OCCT 7.9,False
0013__00131592__STEP__Part6,14,G0_only,0,1.2117430147892317e-08,55.59577196284448,3.31205451816147,computed from source STEP with OCCT 7.9,False
0013__00131592__STEP__Part6,15,G0_only,0,7.263354758573444e-13,90.0,3.312054518161471,computed from source STEP with OCCT 7.9,False
0013__00131592__STEP__Part6,16,G0_only,0,0.0,90.0,0.0,computed from source STEP with OCCT 7.9,False
0013__00131592__STEP__Part6,17,G0_only,0,0.0,90.0,0.0,computed from source STEP with OCCT 7.9,False
0013__00131592__STEP__Part6,18,G0_only,0,0.0,90.0,0.0,computed from source STEP with OCCT 7.9,False
0013__00131592__STEP__Part6,19,G0_only,0,3.469446951953614e-18,90.0,0.0,computed from source STEP with OCCT 7.9,False
0013__00131592__STEP__Part6,20,G0_only,0,1.0408340855860843e-17,90.0,0.0,computed from source STEP with OCCT 7.9,False
0013__00131592__STEP__Part6,21,G0_only,0,3.469446951953614e-18,90.0,0.0,computed from source STEP with OCCT 7.9,False
0013__00131592__STEP__Part6,22,G0_only,0,1.3877787807814457e-17,90.0,0.0,computed from source STEP with OCCT 7.9,False
0013__00131592__STEP__Part6,23,G0_only,0,0.0,90.0,0.0,computed from source STEP with OCCT 7.9,False
0013__00131592__STEP__Part6,24,G0_only,0,0.0,90.0,0.0,computed from source STEP with OCCT 7.9,False
0013__00131688__STEP__Part1,1,G0_only,0,5.361183442648191e-13,90.0,2.5175604404441136,computed from source STEP with OCCT 7.9,False
0013__00131688__STEP__Part1,2,G0_only,0,3.760353260654039e-17,89.67016424902265,3.191389320311072,computed from source STEP with OCCT 7.9,False
0013__00131688__STEP__Part1,3,G0_only,0,5.361183442648191e-13,90.0,2.5175604404441136,computed from source STEP with OCCT 7.9,False
0013__00131688__STEP__Part1,4,G1_only,0,6.165329261668626e-13,0.19259073438274416,1.4728282380972693,computed from source STEP with OCCT 7.9,False
0013__00131688__STEP__Part1,5,G1_only,1,2.3675506000131463e-14,5.925045571598728e-12,2.184317927391153,computed from source STEP with OCCT 7.9,False
0013__00131688__STEP__Part1,6,G0_only,0,4.5708436088132764e-14,90.0,2.1843179273911533,computed from source STEP with OCCT 7.9,False
0013__00131688__STEP__Part1,7,G0_only,0,4.5708436088132764e-14,90.0,2.1843179273911533,computed from source STEP with OCCT 7.9,False
0013__00131688__STEP__Part1,8,G0_only,0,0.0,90.0,0.0,computed from source STEP with OCCT 7.9,False
0013__00131688__STEP__Part1,9,G0_only,0,0.0,90.0,0.0,computed from source STEP with OCCT 7.9,False
0013__00131688__STEP__Part1,10,G0_only,0,1.3877787807814457e-17,89.99999999999999,0.0,computed from source STEP with OCCT 7.9,False
0013__00131688__STEP__Part1,11,G0_only,0,2.7755575615628914e-17,90.0,0.0,computed from source STEP with OCCT 7.9,False
0013__00131688__STEP__Part1,12,G0_only,0,2.7755575615628914e-17,90.0,0.0,computed from source STEP with OCCT 7.9,False
0013__00131726__STEP__Part2,1,G0_only,0,3.7110068809882403e-13,89.99999999997232,27.149566098300664,computed from source STEP with OCCT 7.9,False
0013__00131726__STEP__Part2,3,G0_only,0,1.3280300446957165e-13,90.0,12.26669576342394,computed from source STEP with OCCT 7.9,False
0013__00131726__STEP__Part2,4,G1_only,1,8.099352573209316e-15,1.776021734129228e-11,29.440069832223227,computed from source STEP with OCCT 7.9,False
0013__00131726__STEP__Part2,5,G1_only,1,1.2890084235859178e-13,4.5058993596751485e-11,20.781225763923484,computed from source STEP with OCCT 7.9,False
0013__00131726__STEP__Part2,7,G1_only,1,3.6503657369359966e-13,4.5066376491200535e-11,20.781225763923484,computed from source STEP with OCCT 7.9,False
0013__00132172__STEP__Part7,1,G0_only,0,5.213776495055529e-13,90.0,64.95652177336807,computed from source STEP with OCCT 7.9,False
0013__00132172__STEP__Part7,2,G0_only,0,4.2000181947640615e-15,90.0,64.95652177336807,computed from source STEP with OCCT 7.9,False
0013__00132583__STEP__Part149,1,G2,2,6.882643748784676e-13,1.1907996727399407e-11,3.277491616854701e-12,computed from source STEP with OCCT 7.9,False
0013__00132583__STEP__Part149,2,G0_only,0,3.736296375944559e-15,90.0,22.313024222553228,computed from source STEP with OCCT 7.9,False
0013__00132583__STEP__Part149,3,G2,2,9.63407806674633e-13,1.1831663415044283e-11,3.2651295348188826e-12,computed from source STEP with OCCT 7.9,False
0013__00132583__STEP__Part149,4,G0_only,0,3.867597793471651e-15,90.0,22.313024222553228,computed from source STEP with OCCT 7.9,False
0013__00132583__STEP__Part149,5,G0_only,0,1.3761420400220208e-15,90.0,22.31302422255323,computed from source STEP with OCCT 7.9,False
0013__00132583__STEP__Part149,6,G2,2,9.711661819901112e-13,1.1907996727399407e-11,3.277491616854701e-12,computed from source STEP with OCCT 7.9,False
0013__00132583__STEP__Part149,7,G0_only,0,9.4623719602731e-16,90.0,22.31302422255323,computed from source STEP with OCCT 7.9,False
0013__00132583__STEP__Part149,8,G0_only,0,8.380575328695278e-15,90.0,22.31302422255323,computed from source STEP with OCCT 7.9,False
0013__00132583__STEP__Part149,9,G2,2,6.366611518008543e-13,1.1857107852495991e-11,3.2722096657156287e-12,computed from source STEP with OCCT 7.9,False
0013__00132583__STEP__Part149,10,G0_only,0,8.439931570996669e-15,90.0,22.31302422255323,computed from source STEP with OCCT 7.9,False
0013__00132583__STEP__Part149,11,G0_only,0,3.850029509494949e-15,90.0,22.31302422255323,computed from source STEP with OCCT 7.9,False
0013__00132583__STEP__Part149,12,G0_only,0,3.7181077365793985e-15,90.0,22.31302422255323,computed from source STEP with OCCT 7.9,False
0013__00132583__STEP__Part149,13,G0_only,0,1.1633568326912944e-14,90.0,56.988077582161125,computed from source STEP with OCCT 7.9,False
0013__00132583__STEP__Part149,14,G0_only,0,1.1632401145281063e-14,90.0,56.988077582161125,computed from source STEP with OCCT 7.9,False
0013__00132583__STEP__Part149,15,G0_only,0,7.748753263087252e-15,90.0,56.988077582161125,computed from source STEP with OCCT 7.9,False
0013__00132583__STEP__Part149,16,G0_only,0,7.74700080805401e-15,90.0,56.988077582161125,computed from source STEP with OCCT 7.9,False
0013__00132854__STEP__Part1,1,G2,6,0.0,0.0,0.0,computed from source STEP with OCCT 7.9,False
0013__00132854__STEP__Part1,2,G0_only,0,4.163336342344337e-17,90.0,0.0,computed from source STEP with OCCT 7.9,False
0013__00132854__STEP__Part1,3,G0_only,0,1.2495238182733607e-16,89.99999999999997,0.0,computed from source STEP with OCCT 7.9,False
0013__00132854__STEP__Part1,4,G2,6,0.0,0.0,0.0,computed from source STEP with OCCT 7.9,False
0013__00132854__STEP__Part1,5,G0_only,0,3.614578092637709e-18,90.0,0.0,computed from source STEP with OCCT 7.9,False
0013__00132854__STEP__Part1,6,G0_only,0,4.141652298894627e-17,90.0,0.0,computed from source STEP with OCCT 7.9,False
0013__00132854__STEP__Part1,7,G0_only,0,2.4362022815749285e-16,90.0,0.0,computed from source STEP with OCCT 7.9,False
0013__00132854__STEP__Part1,8,G0_only,0,4.163336342344337e-17,90.0,0.0,computed from source STEP with OCCT 7.9,False
0013__00132854__STEP__Part1,9,G0_only,0,4.163336342344337e-17,90.0,0.0,computed from source STEP with OCCT 7.9,False
0013__00132854__STEP__Part1,10,G0_only,0,4.163336342344337e-17,90.0,0.0,computed from source STEP with OCCT 7.9,False
0013__00132854__STEP__Part1,11,G0_only,0,2.7755575615628914e-17,90.0,0.0,computed from source STEP with OCCT 7.9,False
0013__00132854__STEP__Part1,12,G2,6,0.0,0.0,0.0,computed from source STEP with OCCT 7.9,False
0013__00132854__STEP__Part1,13,G2,6,0.0,0.0,0.0,computed from source STEP with OCCT 7.9,False
0013__00132854__STEP__Part1,14,G2,6,0.0,0.0,0.0,computed from source STEP with OCCT 7.9,False
0013__00132854__STEP__Part1,15,G0_only,0,1.2495238182733607e-16,89.99999999999997,0.0,computed from source STEP with OCCT 7.9,False
0013__00132854__STEP__Part1,16,G0_only,0,3.614578092637709e-18,90.0,0.0,computed from source STEP with OCCT 7.9,False
0013__00132854__STEP__Part1,17,G0_only,0,1.7499185188731163e-20,90.0,0.0,computed from source STEP with OCCT 7.9,False
0013__00132854__STEP__Part1,18,G0_only,0,1.3877787807814457e-16,89.99999999999996,0.0,computed from source STEP with OCCT 7.9,False
0013__00132854__STEP__Part1,19,G0_only,0,2.7755575615628914e-17,90.0,0.0,computed from source STEP with OCCT 7.9,False
0013__00132854__STEP__Part1,20,G0_only,0,4.163336342344337e-17,90.0,0.0,computed from source STEP with OCCT 7.9,False
0013__00132854__STEP__Part1,21,G0_only,0,1.8137224711704653e-16,89.99999999999999,0.0,computed from source STEP with OCCT 7.9,False
0013__00132854__STEP__Part1,22,G0_only,0,1.323810852604801e-16,89.99999999999997,0.0,computed from source STEP with OCCT 7.9,False
0013__00132854__STEP__Part1,23,G0_only,0,1.34332649170954e-16,90.0,0.0,computed from source STEP with OCCT 7.9,False
0013__00132854__STEP__Part1,24,G0_only,0,1.3877787807814457e-16,89.99999999999996,0.0,computed from source STEP with OCCT 7.9,False
0013__00132854__STEP__Part1,25,G0_only,0,4.163336342344337e-17,90.0,0.0,computed from source STEP with OCCT 7.9,False
0013__00132854__STEP__Part1,26,G0_only,0,4.163336342344337e-17,90.0,0.0,computed from source STEP with OCCT 7.9,False
0013__00132854__STEP__Part1,27,G0_only,0,4.141652298894627e-17,90.0,0.0,computed from source STEP with OCCT 7.9,False
0013__00133054__STEP__Part1,1,G0_only,0,0.0,90.0,0.0,computed from source STEP with OCCT 7.9,False
0013__00133054__STEP__Part1,2,G0_only,0,7.738311688125016e-17,90.0,0.0,computed from source STEP with OCCT 7.9,False
0013__00133054__STEP__Part1,3,G0_only,0,0.0,90.0,0.0,computed from source STEP with OCCT 7.9,False
0013__00133054__STEP__Part1,4,G0_only,0,0.0,90.0,0.0,computed from source STEP with OCCT 7.9,False
0013__00133054__STEP__Part1,5,G0_only,0,1.1117809366195325e-16,90.0,0.0,computed from source STEP with OCCT 7.9,False
0013__00133054__STEP__Part1,6,G0_only,0,1.0513869249687908e-16,90.0,0.0,computed from source STEP with OCCT 7.9,False
0013__00133054__STEP__Part1,7,G0_only,0,1.1117809366195325e-16,90.0,0.0,computed from source STEP with OCCT 7.9,False
0013__00133054__STEP__Part1,8,G0_only,0,0.0,90.0,0.0,computed from source STEP with OCCT 7.9,False
0013__00133054__STEP__Part1,9,G0_only,0,1.1102230246251565e-16,90.0,0.0,computed from source STEP with OCCT 7.9,False
0013__00133054__STEP__Part1,10,G0_only,0,1.3877787807814457e-17,90.0,0.0,computed from source STEP with OCCT 7.9,False
0013__00133054__STEP__Part1,11,G0_only,0,0.0,90.0,0.0,computed from source STEP with OCCT 7.9,False
0013__00133054__STEP__Part1,12,G0_only,0,0.0,90.0,0.0,computed from source STEP with OCCT 7.9,False
0013__00133054__STEP__Part1,13,G0_only,0,0.0,90.0,0.0,computed from source STEP with OCCT 7.9,False
0013__00133054__STEP__Part1,14,G0_only,0,6.938893903907228e-18,90.0,0.0,computed from source STEP with OCCT 7.9,False
0013__00133054__STEP__Part1,15,G0_only,0,2.7755575615628914e-17,90.0,0.0,computed from source STEP with OCCT 7.9,False
0013__00133054__STEP__Part1,16,G0_only,0,0.0,90.0,0.0,computed from source STEP with OCCT 7.9,False
0013__00133054__STEP__Part1,17,G0_only,0,2.7755575615628914e-17,90.0,0.0,computed from source STEP with OCCT 7.9,False
0013__00133054__STEP__Part1,18,G0_only,0,6.938893903907228e-18,90.0,0.0,computed from source STEP with OCCT 7.9,False
0013__00133054__STEP__Part1,19,G0_only,0,0.0,90.0,0.0,computed from source STEP with OCCT 7.9,False
0013__00133054__STEP__Part1,20,G0_only,0,0.0,90.0,0.0,computed from source STEP with OCCT 7.9,False
0013__00133054__STEP__Part1,21,G0_only,0,0.0,90.0,0.0,computed from source STEP with OCCT 7.9,False
0013__00133054__STEP__Part1,22,G0_only,0,0.0,90.0,0.0,computed from source STEP with OCCT 7.9,False
0013__00133054__STEP__Part1,23,G0_only,0,1.3877787807814457e-17,90.0,0.0,computed from source STEP with OCCT 7.9,False
0013__00133054__STEP__Part1,24,G0_only,0,0.0,90.0,0.0,computed from source STEP with OCCT 7.9,False
0013__00133054__STEP__Part1,25,G0_only,0,0.0,90.0,0.0,computed from source STEP with OCCT 7.9,False
0013__00133054__STEP__Part1,26,G0_only,0,6.938893903907228e-18,90.0,0.0,computed from source STEP with OCCT 7.9,False
0013__00133054__STEP__Part1,27,G0_only,0,0.0,90.0,0.0,computed from source STEP with OCCT 7.9,False
0013__00133054__STEP__Part1,28,G0_only,0,0.0,90.0,0.0,computed from source STEP with OCCT 7.9,False
0013__00133054__STEP__Part1,29,G0_only,0,0.0,90.0,0.0,computed from source STEP with OCCT 7.9,False
0013__00133054__STEP__Part1,30,G0_only,0,0.0,90.0,0.0,computed from source STEP with OCCT 7.9,False
0013__00133054__STEP__Part1,31,G0_only,0,6.938893903907228e-18,90.0,0.0,computed from source STEP with OCCT 7.9,False
0013__00133054__STEP__Part1,32,G0_only,0,1.3877787807814457e-17,90.0,0.0,computed from source STEP with OCCT 7.9,False
0013__00133054__STEP__Part1,33,G0_only,0,1.3877787807814457e-17,90.0,0.0,computed from source STEP with OCCT 7.9,False
0013__00133054__STEP__Part1,34,G0_only,0,1.1102230246251565e-16,90.0,0.0,computed from source STEP with OCCT 7.9,False
0013__00133054__STEP__Part1,35,G0_only,0,0.0,90.0,0.0,computed from source STEP with OCCT 7.9,False
0013__00133054__STEP__Part1,36,G0_only,0,0.0,90.0,0.0,computed from source STEP with OCCT 7.9,False
0013__00133165__STEP__Part23,1,G0_fail,0,3.010055407294155e-06,59.93545434691311,1.9191680107958542,computed from source STEP with OCCT 7.9,False
0013__00133165__STEP__Part23,3,G0_fail,0,2.0210692033910376e-06,82.35191649848493,3.3209631298412727,computed from source STEP with OCCT 7.9,False
0013__00134814__STEP__Part21,1,G0_only,0,3.1008573462881834e-13,90.0,26.663469219415788,computed from source STEP with OCCT 7.9,False
0013__00134814__STEP__Part21,2,G0_only,0,9.720709942592915e-15,90.0,21.33077537553718,computed from source STEP with OCCT 7.9,False
0013__00134814__STEP__Part21,4,G0_only,0,1.3947778277296074e-14,90.0,21.33077537553718,computed from source STEP with OCCT 7.9,False
0013__00134814__STEP__Part21,5,G0_only,0,3.907627798056247e-15,90.0,26.663469219415788,computed from source STEP with OCCT 7.9,False
0013__00134814__STEP__Part21,7,G0_only,0,3.937533414023903e-15,90.0,26.66346921941579,computed from source STEP with OCCT 7.9,False
0013__00134814__STEP__Part21,8,G0_only,0,6.575670183899639e-15,90.0,50.787560417947724,computed from source STEP with OCCT 7.9,False
0013__00134814__STEP__Part21,9,G0_only,0,2.0012514639879143e-13,90.0,50.787560417947724,computed from source STEP with OCCT 7.9,False
0013__00136011__STEP__Part1,1,G0_only,0,4.335420911161236e-14,45.00000000014621,1.2167727634962369,computed from source STEP with OCCT 7.9,False
0013__00136011__STEP__Part1,3,G0_only,0,1.4095509966668755e-13,90.0,2.0000000200000003,computed from source STEP with OCCT 7.9,False
0013__00136011__STEP__Part1,4,G0_only,0,3.6604573377391364e-13,45.000000000146215,0.8226256128084075,computed from source STEP with OCCT 7.9,False
0013__00136011__STEP__Part1,6,G0_only,0,1.9734102810683818e-13,90.0,1.428571442857143,computed from source STEP with OCCT 7.9,False
0013__00136011__STEP__Part1,7,G0_only,0,3.659702726476427e-13,45.00000000014621,0.8226256128084634,computed from source STEP with OCCT 7.9,False
0013__00136420__STEP__Part2,1,G0_only,0,2.9426467027193677e-13,41.409622109264525,0.0,computed from source STEP with OCCT 7.9,False
0013__00136420__STEP__Part2,2,G1_only,1,3.23651920226375e-13,2.3700182499809475e-11,20.338719559878488,computed from source STEP with OCCT 7.9,False
0013__00136420__STEP__Part2,3,G0_only,0,1.3736537007808225e-13,82.81924421852904,0.0,computed from source STEP with OCCT 7.9,False
0013__00136420__STEP__Part2,4,G0_only,0,7.851417717311217e-17,90.0,0.0,computed from source STEP with OCCT 7.9,False
0013__00136420__STEP__Part2,5,G1_only,1,1.3007965508915222e-13,1.1850091143197456e-11,20.338719559878484,computed from source STEP with OCCT 7.9,False
0013__00136420__STEP__Part2,6,G1_only,1,5.351983587910681e-13,1.780058115224789e-11,20.33871955987848,computed from source STEP with OCCT 7.9,False
0013__00136420__STEP__Part2,7,G1_only,1,3.8863884848706903e-13,1.780058115224789e-11,20.33871955987848,computed from source STEP with OCCT 7.9,False
0013__00136420__STEP__Part2,8,G1_only,1,3.236374961944852e-13,2.3751071374255626e-11,20.338719559878488,computed from source STEP with OCCT 7.9,False
0013__00136420__STEP__Part2,9,G0_only,0,1.162293064101932e-13,41.409622109264525,0.0,computed from source STEP with OCCT 7.9,False
0013__00136420__STEP__Part2,10,G0_only,0,4.8587697794874536e-17,90.0,0.0,computed from source STEP with OCCT 7.9,False
0013__00136420__STEP__Part2,11,G1_only,1,1.3020165667546577e-13,1.774969227734448e-11,20.338719559878484,computed from source STEP with OCCT 7.9,False
0013__00136420__STEP__Part2,12,G0_only,0,1.2248245309807442e-18,90.0,0.0,computed from source STEP with OCCT 7.9,False
0013__00136420__STEP__Part2,13,G0_only,0,1.8301016311786016e-09,80.89160720024176,0.0,computed from source STEP with OCCT 7.9,False
0013__00136420__STEP__Part2,14,G0_only,0,2.9283419928959993e-09,82.81924424065488,8.220772150347267,computed from source STEP with OCCT 7.9,False
0013__00136420__STEP__Part2,15,G0_only,0,2.928394838642196e-09,82.81924424065488,8.220772150347267,computed from source STEP with OCCT 7.9,False
0013__00137135__STEP__Part94,1,G0_only,0,5.556007229707548e-17,90.0,0.0,computed from source STEP with OCCT 7.9,False
0013__00137135__STEP__Part94,2,G0_only,0,1.0222316702763692e-13,84.99999999997499,0.0,computed from source STEP with OCCT 7.9,False
0013__00137135__STEP__Part94,3,G0_only,0,5.551115123125783e-17,90.0,0.0,computed from source STEP with OCCT 7.9,False
0013__00137135__STEP__Part94,4,G0_only,0,7.455215939807919e-13,84.99999999997499,0.0,computed from source STEP with OCCT 7.9,False
0013__00137135__STEP__Part94,5,G0_only,0,2.7853288861309905e-17,90.0,0.0,computed from source STEP with OCCT 7.9,False
0013__00137135__STEP__Part94,6,G0_only,0,2.7755575615628914e-17,90.0,0.0,computed from source STEP with OCCT 7.9,False
0013__00137135__STEP__Part94,7,G0_only,0,8.272958618861496e-13,84.99999999998768,0.0,computed from source STEP with OCCT 7.9,False
0013__00137135__STEP__Part94,8,G0_only,0,6.210711401611854e-17,90.0,0.0,computed from source STEP with OCCT 7.9,False
0013__00137135__STEP__Part94,9,G0_only,0,6.206335383118183e-17,90.0,0.0,computed from source STEP with OCCT 7.9,False
0013__00137135__STEP__Part94,10,G0_only,0,4.84285755304173e-13,84.99999999998768,0.0,computed from source STEP with OCCT 7.9,False
0013__00137135__STEP__Part94,11,G0_only,0,6.210711401611854e-17,90.0,0.0,computed from source STEP with OCCT 7.9,False
0013__00137135__STEP__Part94,12,G0_only,0,6.206335383118183e-17,90.0,0.0,computed from source STEP with OCCT 7.9,False
0013__00137135__STEP__Part97,1,G0_only,0,5.556007229707548e-17,90.0,0.0,computed from source STEP with OCCT 7.9,False
0013__00137135__STEP__Part97,2,G0_only,0,3.19213501318311e-13,85.0000000000379,0.0,computed from source STEP with OCCT 7.9,False
0013__00137135__STEP__Part97,3,G0_only,0,5.551115123125783e-17,90.0,0.0,computed from source STEP with OCCT 7.9,False
0013__00137135__STEP__Part97,4,G0_only,0,3.574425271455525e-13,85.0000000000379,0.0,computed from source STEP with OCCT 7.9,False
0013__00137135__STEP__Part97,5,G0_only,0,5.556007229707548e-17,90.0,0.0,computed from source STEP with OCCT 7.9,False
0013__00137135__STEP__Part97,6,G0_only,0,5.551115123125783e-17,90.0,0.0,computed from source STEP with OCCT 7.9,False
0013__00137135__STEP__Part97,7,G0_only,0,2.8340835399574124e-13,84.99999999996922,0.0,computed from source STEP with OCCT 7.9,False
0013__00137135__STEP__Part97,8,G0_only,0,5.556007229707548e-17,90.0,0.0,computed from source STEP with OCCT 7.9,False
0013__00137135__STEP__Part97,9,G0_only,0,5.551115123125783e-17,90.0,0.0,computed from source STEP with OCCT 7.9,False
0013__00137135__STEP__Part97,10,G0_only,0,3.756071517813169e-13,84.99999999996922,0.0,computed from source STEP with OCCT 7.9,False
0013__00137135__STEP__Part97,11,G0_only,0,6.210711401611854e-17,90.0,0.0,computed from source STEP with OCCT 7.9,False
0013__00137135__STEP__Part97,12,G0_only,0,6.206335383118183e-17,90.0,0.0,computed from source STEP with OCCT 7.9,False
0013__00138310__STEP__Part51,1,G0_only,0,8.10224854531672e-14,90.0,16.37288605306862,computed from source STEP with OCCT 7.9,False
0013__00138310__STEP__Part51,2,G0_only,0,8.07467369619898e-14,90.0,19.243033515409255,computed from source STEP with OCCT 7.9,False
0013__00138310__STEP__Part51,4,G0_only,0,3.002048524500092e-13,90.0,19.243033515409255,computed from source STEP with OCCT 7.9,False
0013__00138310__STEP__Part51,5,G0_only,0,3.002791385586613e-13,90.0,16.37288605306862,computed from source STEP with OCCT 7.9,False
0013__00139976__STEP__Part230,1,G0_only,0,1.4752290795525882e-15,90.0,0.0,computed from source STEP with OCCT 7.9,False
0013__00139976__STEP__Part230,2,G0_only,0,3.0192997860035327e-12,44.99999999999963,0.0,computed from source STEP with OCCT 7.9,False
0013__00139976__STEP__Part230,3,G0_only,0,6.471517651777361e-14,90.0,0.0,computed from source STEP with OCCT 7.9,False
0013__00139976__STEP__Part230,4,G0_only,0,3.2926106139167233e-12,44.99999999999963,0.0,computed from source STEP with OCCT 7.9,False
0013__00139976__STEP__Part230,5,G0_only,0,5.303864603657564e-13,89.9999999999813,0.0,computed from source STEP with OCCT 7.9,False
0013__00139976__STEP__Part230,6,G0_only,0,4.2668233342432854e-12,90.0,0.0,computed from source STEP with OCCT 7.9,False
0013__00139976__STEP__Part230,7,G0_only,0,4.546339681678111e-13,89.9999999999813,0.0,computed from source STEP with OCCT 7.9,False
0013__00139976__STEP__Part230,8,G0_only,0,4.018002389715779e-12,90.0,0.0,computed from source STEP with OCCT 7.9,False
0013__00139976__STEP__Part230,9,G0_only,0,5.565323538541288e-13,89.99999999998131,0.0,computed from source STEP with OCCT 7.9,False
0013__00139976__STEP__Part230,10,G0_only,0,5.133583215890218e-13,89.99999999998131,0.0,computed from source STEP with OCCT 7.9,False
0013__00139976__STEP__Part230,11,G0_only,0,3.0679986357542412e-12,45.000000000000355,0.0,computed from source STEP with OCCT 7.9,False
0013__00139976__STEP__Part230,12,G0_only,0,3.3038817245881392e-12,45.000000000000355,0.0,computed from source STEP with OCCT 7.9,False
0014__00146575__STEP__Part17,1,G0_only,0,0.0,86.42304693198048,58.30829469648373,computed from source STEP with OCCT 7.9,False
0014__00146575__STEP__Part17,2,G0_only,0,8.412437413340967e-13,63.63191212477417,5.4153384723196965,computed from source STEP with OCCT 7.9,False
0014__00146575__STEP__Part17,3,G0_only,0,7.850462293418876e-17,74.75813849820211,17.92529995263423,computed from source STEP with OCCT 7.9,False
0014__00146575__STEP__Part17,4,G0_only,0,6.319324162934228e-13,58.6216690371912,5.415338472082887,computed from source STEP with OCCT 7.9,False
0014__00146575__STEP__Part17,5,G0_only,0,2.327581329969518e-13,89.99999998032729,161.58123931741585,computed from source STEP with OCCT 7.9,False
0014__00146575__STEP__Part17,6,G0_only,0,1.2368056673836804e-07,89.92950012806949,21.360222229553504,computed from source STEP with OCCT 7.9,False
0014__00146575__STEP__Part17,7,G0_only,0,7.015861991151383e-13,88.49693731599257,718.7571812407537,computed from source STEP with OCCT 7.9,False
0014__00146575__STEP__Part17,8,G0_only,0,4.790022785810387e-08,89.57740775157785,9.859389036819989,computed from source STEP with OCCT 7.9,False
0014__00146575__STEP__Part17,9,G0_only,0,3.8295630105264564e-13,89.99999999964248,26.857785507156557,computed from source STEP with OCCT 7.9,False
0014__00146575__STEP__Part17,10,G0_only,0,6.085771081977562e-13,88.49965778972486,121.9482449194946,computed from source STEP with OCCT 7.9,False
0014__00146575__STEP__Part17,11,G0_only,0,1.9147090846878339e-13,90.0,0.0,computed from source STEP with OCCT 7.9,False
0014__00146845__STEP__Part6,1,G0_only,0,3.2855662635000726e-15,90.0,63.00000002499626,computed from source STEP with OCCT 7.9,False
0014__00146845__STEP__Part6,3,G0_only,0,2.291094072204134e-13,90.0,63.00000002499626,computed from source STEP with OCCT 7.9,False
0014__00146845__STEP__Part6,4,G0_only,0,2.465042059363043e-15,90.0,84.00000003333189,computed from source STEP with OCCT 7.9,False
0014__00146845__STEP__Part6,6,G0_only,0,2.290991094779109e-13,90.0,84.00000003333189,computed from source STEP with OCCT 7.9,False
0015__00151792__STEP__Part1,1,G0_only,0,8.086232651048968e-13,90.0,1.2000000125990402,computed from source STEP with OCCT 7.9,False
0015__00151792__STEP__Part1,2,G0_only,0,8.167211742023761e-13,90.0,1.0000000104980002,computed from source STEP with OCCT 7.9,False
0015__00151792__STEP__Part1,4,G0_only,0,1.7263968032921184e-13,90.0,1.2000000125990402,computed from source STEP with OCCT 7.9,False
0015__00151792__STEP__Part1,5,G0_only,0,6.766435747646674e-13,90.0,1.5000000157470004,computed from source STEP with OCCT 7.9,False
0015__00151792__STEP__Part1,6,G0_only,0,3.591378885033042e-13,90.0,1.0000000104980002,computed from source STEP with OCCT 7.9,False
0015__00151792__STEP__Part1,7,G0_only,0,3.5899843755864136e-13,90.0,1.0000000104980002,computed from source STEP with OCCT 7.9,False
0015__00151792__STEP__Part1,8,G0_only,0,5.174074074128122e-14,90.0,2.0000000210000004,computed from source STEP with OCCT 7.9,False
0015__00151792__STEP__Part1,10,G0_only,0,1.005328484809731e-12,90.0,2.000000021,computed from source STEP with OCCT 7.9,False
0015__00151792__STEP__Part1,11,G0_only,0,5.18946139054527e-14,90.0,2.0000000210000004,computed from source STEP with OCCT 7.9,False
0015__00151792__STEP__Part1,12,G0_only,0,1.0346909302726078e-13,90.0,1.0000000104980002,computed from source STEP with OCCT 7.9,False
0015__00151792__STEP__Part1,14,G0_only,0,4.862202058018055e-13,90.0,1.0000000104980002,computed from source STEP with OCCT 7.9,False
0015__00151792__STEP__Part1,15,G0_only,0,1.0364424001155331e-13,90.0,1.0000000104980002,computed from source STEP with OCCT 7.9,False
0015__00151792__STEP__Part1,17,G0_only,0,1.3811174426336947e-13,90.0,1.5000000157470004,computed from source STEP with OCCT 7.9,False
0015__00151792__STEP__Part1,18,G0_only,0,1.3811174426336947e-13,90.0,1.5000000157470004,computed from source STEP with OCCT 7.9,False
0015__00151792__STEP__Part1,20,G0_only,0,1.6501671740766475e-13,90.0,1.5000000157470004,computed from source STEP with OCCT 7.9,False
0015__00154174__STEP__Part100,1,G0_only,0,9.003348536704667e-16,90.0,0.0,computed from source STEP with OCCT 7.9,False
0015__00154174__STEP__Part100,2,G0_only,0,3.6500577141810395e-16,90.0,0.0,computed from source STEP with OCCT 7.9,False
0015__00154174__STEP__Part100,3,G0_only,0,9.653358175546562e-16,90.0,0.0,computed from source STEP with OCCT 7.9,False
0015__00154174__STEP__Part100,4,G0_only,0,3.815327009245156e-16,90.0,0.0,computed from source STEP with OCCT 7.9,False
0015__00154174__STEP__Part100,5,G0_only,0,9.653358175546562e-16,90.0,0.0,computed from source STEP with OCCT 7.9,False
0015__00154174__STEP__Part100,6,G0_only,0,1.3530843112619095e-16,89.9999999999998,0.0,computed from source STEP with OCCT 7.9,False
0015__00154174__STEP__Part100,7,G0_only,0,5.661048867003676e-16,89.9999999999998,0.0,computed from source STEP with OCCT 7.9,False
0015__00154174__STEP__Part100,8,G0_only,0,9.003348536704667e-16,90.0,0.0,computed from source STEP with OCCT 7.9,False
0015__00154174__STEP__Part100,9,G0_only,0,5.79553433516819e-16,89.9999999999998,0.0,computed from source STEP with OCCT 7.9,False
0015__00154174__STEP__Part100,10,G0_only,0,1.3183898417423734e-16,89.9999999999998,0.0,computed from source STEP with OCCT 7.9,False
0015__00154174__STEP__Part100,11,G0_only,0,3.6500577141810395e-16,90.0,0.0,computed from source STEP with OCCT 7.9,False
0015__00154174__STEP__Part100,12,G0_only,0,3.834680697522332e-16,90.0,0.0,computed from source STEP with OCCT 7.9,False
0015__00157054__STEP__Part1,1,G0_only,0,3.752184729949752e-18,90.0,0.0,computed from source STEP with OCCT 7.9,False
0015__00157054__STEP__Part1,2,G0_only,0,0.0,90.0,0.0,computed from source STEP with OCCT 7.9,False
0015__00157054__STEP__Part1,3,G0_only,0,0.0,90.0,0.0,computed from source STEP with OCCT 7.9,False
0015__00157054__STEP__Part1,4,G0_only,0,3.012157603814598e-17,90.0,0.0,computed from source STEP with OCCT 7.9,False
0015__00157054__STEP__Part1,5,G0_only,0,1.3877787807814457e-17,90.0,0.0,computed from source STEP with OCCT 7.9,False
0015__00157054__STEP__Part1,6,G0_only,0,5.721958498152797e-17,89.99999999999999,0.0,computed from source STEP with OCCT 7.9,False
0015__00157054__STEP__Part1,7,G0_only,0,1.3877787807814457e-17,90.0,0.0,computed from source STEP with OCCT 7.9,False
0015__00157054__STEP__Part1,8,G0_only,0,5.721958498152797e-17,89.99999999999999,0.0,computed from source STEP with OCCT 7.9,False
0015__00157054__STEP__Part1,9,G0_only,0,4.095950830731131e-17,90.0,0.0,computed from source STEP with OCCT 7.9,False
0015__00157054__STEP__Part1,10,G0_only,0,3.6947381144734713e-17,89.99999999999999,0.0,computed from source STEP with OCCT 7.9,False
0015__00157054__STEP__Part1,11,G0_only,0,1.6321922883812667e-17,89.99999999999999,0.0,computed from source STEP with OCCT 7.9,False
0015__00157054__STEP__Part1,12,G0_only,0,2.800805005712755e-17,90.0,0.0,computed from source STEP with OCCT 7.9,False
0015__00157054__STEP__Part1,13,G0_only,0,2.7755575615628914e-17,90.0,0.0,computed from source STEP with OCCT 7.9,False
0015__00157054__STEP__Part1,14,G0_only,0,2.7755575615628914e-17,90.0,0.0,computed from source STEP with OCCT 7.9,False
0015__00157054__STEP__Part1,15,G0_only,0,0.0,90.0,0.0,computed from source STEP with OCCT 7.9,False
0015__00157054__STEP__Part1,16,G0_only,0,0.0,90.0,0.0,computed from source STEP with OCCT 7.9,False
0015__00157054__STEP__Part1,17,G0_only,0,0.0,90.0,0.0,computed from source STEP with OCCT 7.9,False
0015__00157054__STEP__Part1,18,G0_only,0,3.752184729949752e-18,89.99999999999999,0.0,computed from source STEP with OCCT 7.9,False
0015__00157054__STEP__Part1,19,G0_only,0,0.0,89.99999999999999,0.0,computed from source STEP with OCCT 7.9,False
0015__00157054__STEP__Part1,20,G0_only,0,0.0,90.0,0.0,computed from source STEP with OCCT 7.9,False
0015__00157054__STEP__Part1,21,G0_only,0,5.551115123125783e-17,89.99999999999999,0.0,computed from source STEP with OCCT 7.9,False
0015__00157054__STEP__Part1,22,G0_only,0,0.0,90.0,0.0,computed from source STEP with OCCT 7.9,False
0015__00157054__STEP__Part1,23,G0_only,0,0.0,90.0,0.0,computed from source STEP with OCCT 7.9,False
0015__00157054__STEP__Part1,24,G0_only,0,5.551115123125783e-17,89.99999999999999,0.0,computed from source STEP with OCCT 7.9,False
0015__00159069__STEP__Part208,1,G0_only,0,2.869104202316359e-13,29.197498379099773,0.0,computed from source STEP with OCCT 7.9,False
0015__00159069__STEP__Part208,2,G0_only,0,2.763946898035025e-10,76.25250791053973,0.0,computed from source STEP with OCCT 7.9,False
0015__00159069__STEP__Part208,3,G0_only,0,1.0634129992270569e-13,60.80250162090022,0.0,computed from source STEP with OCCT 7.9,False
0015__00159069__STEP__Part208,4,G0_only,0,1.485821836714794e-09,76.21401364252519,0.0,computed from source STEP with OCCT 7.9,False
0015__00159069__STEP__Part208,5,G0_only,0,1.2728328157036652e-09,29.197498379099773,0.0,computed from source STEP with OCCT 7.9,False
0015__00159069__STEP__Part208,6,G0_only,0,1.043550266938207e-10,76.2525079105397,0.0,computed from source STEP with OCCT 7.9,False
0015__00159069__STEP__Part208,7,G0_only,0,2.0095003009628256e-13,60.80250162090022,0.0,computed from source STEP with OCCT 7.9,False
0015__00159069__STEP__Part208,8,G0_only,0,3.888926710127136e-10,76.2140136425252,0.0,computed from source STEP with OCCT 7.9,False
0015__00159069__STEP__Part208,9,G0_only,0,5.306612210816634e-11,29.197498379099773,0.0,computed from source STEP with OCCT 7.9,False
0015__00159069__STEP__Part208,10,G0_only,0,7.21013110817758e-10,90.0,0.0,computed from source STEP with OCCT 7.9,False
0015__00159069__STEP__Part208,11,G0_only,0,7.16425815890242e-10,29.197498379099773,0.0,computed from source STEP with OCCT 7.9,False
0015__00159069__STEP__Part208,12,G0_only,0,2.248201624865942e-14,90.0,0.0,computed from source STEP with OCCT 7.9,False
0015__00159069__STEP__Part208,13,G0_only,0,2.9698465908722937e-15,90.0,0.0,computed from source STEP with OCCT 7.9,False
0015__00159069__STEP__Part208,14,G0_only,0,8.319191617069393e-10,29.24349305886119,0.0,computed from source STEP with OCCT 7.9,False
0015__00159069__STEP__Part208,15,G0_only,0,1.0880060479710241e-10,29.15146610674645,0.0,computed from source STEP with OCCT 7.9,False
0015__00159069__STEP__Part208,16,G0_only,0,4.521597137413384e-13,60.758620863587566,0.0,computed from source STEP with OCCT 7.9,False
0015__00159069__STEP__Part208,17,G0_only,0,1.1567604429996208e-12,76.21401364252536,0.0,computed from source STEP with OCCT 7.9,False
0015__00159069__STEP__Part208,18,G0_only,0,1.2229999235594633e-09,90.0,0.0,computed from source STEP with OCCT 7.9,False
0015__00159069__STEP__Part208,19,G0_only,0,2.9692658168665094e-10,76.25250791053972,0.0,computed from source STEP with OCCT 7.9,False
0015__00159069__STEP__Part208,20,G0_only,0,1.1553340296176546e-12,60.84641997080481,0.0,computed from source STEP with OCCT 7.9,False
0015__00159069__STEP__Part208,21,G0_only,0,9.792312667007923e-13,60.80250162090022,0.0,computed from source STEP with OCCT 7.9,False
0015__00159069__STEP__Part208,22,G0_only,0,1.0344679972410871e-10,76.2525079105397,0.0,computed from source STEP with OCCT 7.9,False
0015__00159069__STEP__Part208,23,G0_only,0,1.1632577029715355e-10,29.24349305886118,0.0,computed from source STEP with OCCT 7.9,False
0015__00159069__STEP__Part208,24,G0_only,0,2.1017845222576183e-09,29.151466106746458,0.0,computed from source STEP with OCCT 7.9,False
0015__00159069__STEP__Part208,25,G0_only,0,5.912730476330802e-13,60.84641997080481,0.0,computed from source STEP with OCCT 7.9,False
0015__00159069__STEP__Part208,26,G0_only,0,6.895183495900689e-10,76.21401364252536,0.0,computed from source STEP with OCCT 7.9,False
0015__00159069__STEP__Part208,27,G0_only,0,4.205537099544002e-13,60.758620863587566,0.0,computed from source STEP with OCCT 7.9,False
0015__00159069__STEP__Part208,28,G0_only,0,2.0114388858201488e-13,60.80250162090022,0.0,computed from source STEP with OCCT 7.9,False
0016__00160422__STEP__Part44,1,G0_only,0,8.653147371810486e-09,89.44909227449219,30.06729860702482,computed from source STEP with OCCT 7.9,False
0016__00160422__STEP__Part44,3,G0_only,0,2.8019386535517415e-08,88.35321262211976,28.45711092586943,computed from source STEP with OCCT 7.9,False
0016__00160422__STEP__Part44,4,G0_only,0,2.4986915814321617e-10,30.698376984155665,22.124539978207977,computed from source STEP with OCCT 7.9,False
0016__00160422__STEP__Part44,5,G0_only,0,2.22237990703309e-08,84.91417865359516,36.39063984306836,computed from source STEP with OCCT 7.9,False
0016__00160422__STEP__Part44,6,G0_only,0,8.581116182175692e-09,89.4490922744922,33.601314790931184,computed from source STEP with OCCT 7.9,False
0016__00160422__STEP__Part44,7,G1_only,1,8.690556148232656e-13,3.3570395302432466e-11,9.610400976412791,computed from source STEP with OCCT 7.9,False
0016__00160422__STEP__Part44,8,G0_only,0,1.297644231316492e-09,86.01255096891626,50.77997595008333,computed from source STEP with OCCT 7.9,False
0016__00160422__STEP__Part44,10,G0_only,0,1.207921983688767e-12,75.33968182136745,57.14280945408496,computed from source STEP with OCCT 7.9,False
0016__00161257__STEP__Part1,1,G0_only,0,7.370383235876222e-17,90.0,0.0,computed from source STEP with OCCT 7.9,False
0016__00161257__STEP__Part1,2,G0_only,0,3.9116316363698407e-13,54.26169670900576,0.0,computed from source STEP with OCCT 7.9,False
0016__00161257__STEP__Part1,3,G0_only,0,6.206335383118183e-17,90.0,0.0,computed from source STEP with OCCT 7.9,False
0016__00161257__STEP__Part1,4,G0_only,0,4.205343500879755e-13,54.26169670900576,0.0,computed from source STEP with OCCT 7.9,False
0016__00161257__STEP__Part1,5,G0_only,0,3.975418236606122e-17,90.0,0.0,computed from source STEP with OCCT 7.9,False
0016__00161257__STEP__Part1,6,G0_only,0,8.322289851009009e-14,52.92658494170596,0.0,computed from source STEP with OCCT 7.9,False
0016__00161257__STEP__Part1,7,G0_only,0,0.0,90.0,0.0,computed from source STEP with OCCT 7.9,False
0016__00161257__STEP__Part1,8,G0_only,0,0.0,90.0,0.0,computed from source STEP with OCCT 7.9,False
0016__00161257__STEP__Part1,9,G0_only,0,8.315601952699554e-14,52.926584941705954,0.0,computed from source STEP with OCCT 7.9,False
0016__00161257__STEP__Part1,10,G0_only,0,0.0,90.0,0.0,computed from source STEP with OCCT 7.9,False
0016__00161257__STEP__Part1,11,G0_only,0,0.0,90.0,0.0,computed from source STEP with OCCT 7.9,False
0016__00161257__STEP__Part1,12,G0_only,0,1.5756968865196606e-17,90.0,0.0,computed from source STEP with OCCT 7.9,False
0016__00161257__STEP__Part1,13,G0_only,0,1.636868456358678e-17,90.0,0.0,computed from source STEP with OCCT 7.9,False
0016__00161257__STEP__Part1,14,G0_only,0,1.5756968865196606e-17,90.0,0.0,computed from source STEP with OCCT 7.9,False
0016__00161257__STEP__Part1,15,G0_only,0,1.5756968865196606e-17,90.0,0.0,computed from source STEP with OCCT 7.9,False
0016__00161257__STEP__Part1,16,G0_only,0,0.0,90.0,0.0,computed from source STEP with OCCT 7.9,False
0016__00161257__STEP__Part1,17,G0_only,0,0.0,90.0,0.0,computed from source STEP with OCCT 7.9,False
0016__00161257__STEP__Part1,18,G0_only,0,4.433031301877861e-18,90.0,0.0,computed from source STEP with OCCT 7.9,False
0016__00161257__STEP__Part1,19,G0_only,0,0.0,90.0,0.0,computed from source STEP with OCCT 7.9,False
0016__00161257__STEP__Part1,20,G0_only,0,1.1792517398618651e-16,90.0,0.0,computed from source STEP with OCCT 7.9,False
0016__00161257__STEP__Part1,21,G0_only,0,0.0,90.0,0.0,computed from source STEP with OCCT 7.9,False
0016__00161257__STEP__Part1,22,G0_only,0,4.433031301877861e-18,90.0,0.0,computed from source STEP with OCCT 7.9,False
0016__00161257__STEP__Part1,23,G0_only,0,4.433031301877861e-18,90.0,0.0,computed from source STEP with OCCT 7.9,False
0016__00161257__STEP__Part1,24,G0_only,0,1.1102230246251565e-16,90.0,0.0,computed from source STEP with OCCT 7.9,False
0016__00162157__STEP__Part10,1,G0_only,0,1.1102230246251565e-16,90.0,0.0,computed from source STEP with OCCT 7.9,False
0016__00162157__STEP__Part10,2,G0_only,0,1.1102230246251565e-16,90.0,0.0,computed from source STEP with OCCT 7.9,False
0016__00162157__STEP__Part10,3,G0_only,0,0.0,90.0,0.0,computed from source STEP with OCCT 7.9,False
0016__00162157__STEP__Part10,4,G0_only,0,0.0,90.0,0.0,computed from source STEP with OCCT 7.9,False
0016__00162157__STEP__Part10,5,G0_only,0,0.0,90.0,0.0,computed from source STEP with OCCT 7.9,False
0016__00162157__STEP__Part10,6,G0_only,0,1.1102230246251565e-16,90.0,0.0,computed from source STEP with OCCT 7.9,False
0016__00162157__STEP__Part10,7,G0_only,0,3.8532949570591086e-13,8.999999999988168,0.0,computed from source STEP with OCCT 7.9,False
0016__00162157__STEP__Part10,8,G0_only,0,1.1102230246251565e-16,90.0,0.0,computed from source STEP with OCCT 7.9,False
0016__00162157__STEP__Part10,9,G0_only,0,0.0,90.0,0.0,computed from source STEP with OCCT 7.9,False
0016__00162157__STEP__Part10,10,G0_only,0,5.417907584285342e-13,8.999999999988171,0.0,computed from source STEP with OCCT 7.9,False
0016__00162157__STEP__Part10,11,G0_only,0,4.301035413958148e-13,7.766434168525884,0.0,computed from source STEP with OCCT 7.9,False
0016__00162157__STEP__Part10,12,G0_only,0,0.0,90.0,0.0,computed from source STEP with OCCT 7.9,False
0016__00162157__STEP__Part10,13,G0_only,0,7.642794977149249e-14,89.99999999999886,0.0,computed from source STEP with OCCT 7.9,False
0016__00162157__STEP__Part10,14,G0_only,0,0.0,90.0,0.0,computed from source STEP with OCCT 7.9,False
0016__00162157__STEP__Part10,15,G0_only,0,1.324691977310082e-13,89.99999999999886,0.0,computed from source STEP with OCCT 7.9,False
0016__00162157__STEP__Part10,16,G0_only,0,5.230611004400559e-13,7.766434168525884,0.0,computed from source STEP with OCCT 7.9,False
0016__00164209__STEP__Part89,1,G1_only,1,1.1166898502056114e-09,4.107520982266696e-09,7500.047419475814,computed from source STEP with OCCT 7.9,False
0016__00164209__STEP__Part89,3,G1_only,1,6.451669370291126e-14,8.821179442507073e-11,6500.041096879038,computed from source STEP with OCCT 7.9,False
0016__00164209__STEP__Part89,4,G1_only,1,1.1166802489905516e-09,4.107546426704148e-09,7500.047419475814,computed from source STEP with OCCT 7.9,False
0016__00164209__STEP__Part89,6,G1_only,1,2.384494735158132e-13,1.0304161259251793e-07,6500.041096879036,computed from source STEP with OCCT 7.9,False
0016__00164209__STEP__Part89,7,G1_only,1,2.768340920585815e-13,8.818730565940952e-11,6500.041096879037,computed from source STEP with OCCT 7.9,False
0016__00164209__STEP__Part89,9,G1_only,1,6.773510388934647e-13,2.892485482854138e-09,7500.047419475814,computed from source STEP with OCCT 7.9,False
0016__00164310__STEP__Part2,1,G0_only,0,3.601588199608774e-08,89.99999999999338,76.51050995936697,computed from source STEP with OCCT 7.9,False
0016__00164310__STEP__Part2,2,G0_only,0,4.5148601905737517e-08,89.99999999999334,61.033859275565675,computed from source STEP with OCCT 7.9,False
0016__00164310__STEP__Part2,3,G0_only,0,4.956319751329909e-14,90.0,76.51050995936697,computed from source STEP with OCCT 7.9,False
0016__00164310__STEP__Part2,4,G0_only,0,4.964054242895354e-14,90.0,61.033859275565675,computed from source STEP with OCCT 7.9,False
0016__00164703__STEP__Part1,1,G0_only,0,1.2716714247529665e-13,90.0,1.2500000100000002,computed from source STEP with OCCT 7.9,False
0016__00164703__STEP__Part1,2,G0_only,0,1.7625482852987633e-13,90.0,1.2500000100000004,computed from source STEP with OCCT 7.9,False
0016__00164703__STEP__Part1,5,G1_only,1,1.2309846550578252e-13,1.76361757087152e-11,1.2500000100000002,computed from source STEP with OCCT 7.9,False
0016__00164703__STEP__Part1,6,G1_only,1,3.577871735075548e-13,5.124827758242165e-11,1.2500000100000002,computed from source STEP with OCCT 7.9,False
0016__00165156__STEP__Part64,1,G0_only,0,1.6001094156906416e-13,90.0,16.21864876532432,computed from source STEP with OCCT 7.9,False
0016__00165156__STEP__Part64,3,G0_only,0,1.5999706378543233e-13,90.0,16.21864876532432,computed from source STEP with OCCT 7.9,False
0016__00165156__STEP__Part64,4,G0_only,0,1.6001089342410069e-13,90.0,19.06175861446267,computed from source STEP with OCCT 7.9,False
0016__00165156__STEP__Part64,5,G0_only,0,1.5999701563629287e-13,90.0,19.06175861446267,computed from source STEP with OCCT 7.9,False
0016__00165457__STEP__Part30,1,G0_only,0,4.355503409735122e-15,90.0,77.11428660767933,computed from source STEP with OCCT 7.9,False
0016__00165457__STEP__Part30,2,G0_only,0,0.0,90.0,0.0,computed from source STEP with OCCT 7.9,False
0016__00165457__STEP__Part30,3,unknown,0,1.3600232051658168e-15,90.0,77.11428660767933,computed from source STEP with OCCT 7.9,False
0016__00165457__STEP__Part30,4,G0_only,0,0.0,90.0,0.0,computed from source STEP with OCCT 7.9,False
0016__00165457__STEP__Part30,5,G0_only,0,4.3555089370202056e-15,90.0,77.11428660767933,computed from source STEP with OCCT 7.9,False
0016__00165457__STEP__Part30,6,G0_only,0,0.0,90.0,0.0,computed from source STEP with OCCT 7.9,False
0016__00165457__STEP__Part30,7,unknown,0,1.3600409063105827e-15,90.0,77.11428660767933,computed from source STEP with OCCT 7.9,False
0016__00165457__STEP__Part30,8,G0_only,0,0.0,90.0,0.0,computed from source STEP with OCCT 7.9,False
0016__00165457__STEP__Part30,9,G1_only,1,4.734073905028074e-13,2.959188075633656e-11,77.11428660767933,computed from source STEP with OCCT 7.9,False
0016__00165457__STEP__Part30,10,G1_only,1,5.32822703657365e-13,3.954065579995444e-11,77.11428660767933,computed from source STEP with OCCT 7.9,False
0016__00165457__STEP__Part30,11,G1_only,1,6.159045157947537e-13,5.9285539262479955e-12,77.11428660767932,computed from source STEP with OCCT 7.9,False
0016__00165457__STEP__Part30,12,G1_only,1,6.68441321019001e-13,3.954065579995444e-11,77.11428660767933,computed from source STEP with OCCT 7.9,False
0016__00165544__STEP__Part3,1,G0_only,0,1.0935696792557792e-14,90.0,18.966849486511983,computed from source STEP with OCCT 7.9,False
0016__00165544__STEP__Part3,3,G0_only,0,1.0935696792557792e-14,90.0,18.966849486511983,computed from source STEP with OCCT 7.9,False
0016__00165544__STEP__Part3,4,G0_only,0,3.5166358118037866e-14,90.0,5.886263633744173,computed from source STEP with OCCT 7.9,False
0016__00165544__STEP__Part3,5,G0_only,0,4.0152378414138666e-13,90.0,10.668852836161472,computed from source STEP with OCCT 7.9,False
0016__00165544__STEP__Part3,7,G0_only,0,4.783630532261845e-13,90.0,10.668852836161472,computed from source STEP with OCCT 7.9,False
0016__00165544__STEP__Part3,8,G0_only,0,4.792653220862315e-13,90.0,5.886263633744173,computed from source STEP with OCCT 7.9,False
0016__00165964__STEP__Part38,1,G0_only,0,2.00277113871481e-13,90.0,32.202952834652606,computed from source STEP with OCCT 7.9,False
0016__00165964__STEP__Part38,2,G0_only,0,5.373428544165064e-15,45.00000000014621,19.59183776076167,computed from source STEP with OCCT 7.9,False
0016__00165964__STEP__Part38,4,G0_only,0,6.8643338930772424e-15,44.999999999853806,25.44985883221274,computed from source STEP with OCCT 7.9,False
0016__00166152__STEP__Part8,1,G0_only,0,1.2603435474891315e-13,66.70762604636955,0.0,computed from source STEP with OCCT 7.9,False
0016__00166152__STEP__Part8,2,G0_only,0,1.2643599595384964e-15,50.77817430572599,0.0,computed from source STEP with OCCT 7.9,False
0016__00166152__STEP__Part8,3,G0_only,0,1.3121160076839711e-13,66.70762604636955,0.0,computed from source STEP with OCCT 7.9,False
0016__00166152__STEP__Part8,4,G0_only,0,4.755284288351162e-15,50.77817430572599,0.0,computed from source STEP with OCCT 7.9,False
0016__00166152__STEP__Part8,5,G0_only,0,1.136050389229762e-13,84.62400062172927,0.0,computed from source STEP with OCCT 7.9,False
0016__00166152__STEP__Part8,6,G0_only,0,1.9479322838869544e-13,51.2922169515252,0.0,computed from source STEP with OCCT 7.9,False
0016__00166152__STEP__Part8,7,G0_only,0,1.1536353260396215e-13,51.2922169515252,0.0,computed from source STEP with OCCT 7.9,False
0016__00166152__STEP__Part8,8,G0_only,0,2.0006422496971014e-13,51.2922169515252,0.0,computed from source STEP with OCCT 7.9,False
0016__00166152__STEP__Part8,9,G0_only,0,1.188590879620714e-13,84.62400062172927,0.0,computed from source STEP with OCCT 7.9,False
0016__00166152__STEP__Part8,10,G0_only,0,1.2063452631502126e-13,51.2922169515252,0.0,computed from source STEP with OCCT 7.9,False
0016__00166152__STEP__Part8,11,G0_only,0,1.7808458623199584e-16,81.38336208942131,0.0,computed from source STEP with OCCT 7.9,False
0016__00166152__STEP__Part8,12,G0_only,0,1.1078921995585784e-14,81.38336208942131,0.0,computed from source STEP with OCCT 7.9,False
0016__00166988__STEP__Part52,1,G0_only,0,1.1527756336890508e-16,90.0,0.0,computed from source STEP with OCCT 7.9,False
0016__00166988__STEP__Part52,2,G0_only,0,6.157962478188353e-13,87.00000000000149,0.0,computed from source STEP with OCCT 7.9,False
0016__00166988__STEP__Part52,3,G0_only,0,1.1527756336890508e-16,90.0,0.0,computed from source STEP with OCCT 7.9,False
0016__00166988__STEP__Part52,4,G0_only,0,1.6654033288675459e-13,87.0000000000015,0.0,computed from source STEP with OCCT 7.9,False
0016__00166988__STEP__Part52,5,G0_only,0,1.1443916996305594e-16,90.0,0.0,computed from source STEP with OCCT 7.9,False
0016__00166988__STEP__Part52,6,G0_only,0,2.4860779239522485e-13,83.99999999997861,0.0,computed from source STEP with OCCT 7.9,False
0016__00166988__STEP__Part52,7,G0_only,0,1.1443916996305594e-16,90.0,0.0,computed from source STEP with OCCT 7.9,False
0016__00166988__STEP__Part52,8,G0_only,0,2.7755575615628914e-17,90.0,0.0,computed from source STEP with OCCT 7.9,False
0016__00166988__STEP__Part52,9,G0_only,0,1.0517692652666666e-12,90.0,0.0,computed from source STEP with OCCT 7.9,False
0016__00166988__STEP__Part52,10,G0_only,0,2.7755575615628914e-17,90.0,0.0,computed from source STEP with OCCT 7.9,False
0016__00166988__STEP__Part52,11,G0_only,0,1.1775693440128312e-16,90.0,0.0,computed from source STEP with OCCT 7.9,False
0016__00166988__STEP__Part52,12,G0_only,0,2.1932649036731393e-13,90.0,0.0,computed from source STEP with OCCT 7.9,False
0016__00166988__STEP__Part52,13,G0_only,0,1.1443916996305594e-16,90.0,0.0,computed from source STEP with OCCT 7.9,False
0016__00166988__STEP__Part52,14,G0_only,0,1.1443916996305594e-16,90.0,0.0,computed from source STEP with OCCT 7.9,False
0016__00166988__STEP__Part52,15,G0_only,0,1.09289277790789e-13,83.99999999997861,0.0,computed from source STEP with OCCT 7.9,False
0016__00166988__STEP__Part52,16,G0_only,0,1.1443916996305594e-16,90.0,0.0,computed from source STEP with OCCT 7.9,False
0016__00166988__STEP__Part52,17,G0_only,0,1.1527756336890508e-16,90.0,0.0,computed from source STEP with OCCT 7.9,False
0016__00166988__STEP__Part52,18,G0_only,0,3.874436086032822e-13,87.00000000000149,0.0,computed from source STEP with OCCT 7.9,False
0016__00166988__STEP__Part52,19,G0_only,0,1.1443916996305594e-16,90.0,0.0,computed from source STEP with OCCT 7.9,False
0016__00166988__STEP__Part52,20,G0_only,0,1.1527756336890508e-16,90.0,0.0,computed from source STEP with OCCT 7.9,False
0016__00166988__STEP__Part52,21,G0_only,0,6.822796272339615e-13,87.0000000000015,0.0,computed from source STEP with OCCT 7.9,False
0016__00166988__STEP__Part52,22,G0_only,0,1.1527756336890508e-16,90.0,0.0,computed from source STEP with OCCT 7.9,False
0016__00166988__STEP__Part52,23,G0_only,0,1.1443916996305594e-16,90.0,0.0,computed from source STEP with OCCT 7.9,False
0016__00166988__STEP__Part52,24,G0_only,0,1.1527756336890508e-16,90.0,0.0,computed from source STEP with OCCT 7.9,False
0016__00167543__STEP__Part1,1,G0_only,0,5.885602132899753e-13,90.0,1.461538469232225,computed from source STEP with OCCT 7.9,False
0016__00167543__STEP__Part1,2,G0_only,0,5.900894202787842e-13,90.0,1.357142864283949,computed from source STEP with OCCT 7.9,False
0016__00167543__STEP__Part1,3,G0_only,0,1.0635938024529757e-13,90.0,1.461538469232225,computed from source STEP with OCCT 7.9,False
0016__00167543__STEP__Part1,4,G0_only,0,1.145195049900849e-13,90.0,1.357142864283949,computed from source STEP with OCCT 7.9,False
0016__00168361__STEP__Part93,1,G0_fail,0,1.7597069594506099e-06,37.3903958967457,267.0638588562547,computed from source STEP with OCCT 7.9,False
0016__00168361__STEP__Part93,2,G0_only,0,7.818368689241323e-08,80.36110025840335,267.06385885625474,computed from source STEP with OCCT 7.9,False
0016__00168361__STEP__Part93,3,G0_only,0,2.2924366197963637e-11,37.390031141988175,220.77278998781992,computed from source STEP with OCCT 7.9,False
0016__00168361__STEP__Part93,4,G0_only,0,9.457705707771617e-08,80.3611002267263,220.77278998781998,computed from source STEP with OCCT 7.9,False
0016__00168361__STEP__Part93,5,G0_only,0,5.732718375513513e-13,90.0,267.0638588562547,computed from source STEP with OCCT 7.9,False
0016__00168361__STEP__Part93,6,G0_only,0,5.735977311267836e-13,90.0,220.77278998781992,computed from source STEP with OCCT 7.9,False
0016__00169191__STEP__Part7,1,G0_only,0,2.6237692574149207e-17,90.0,0.0,computed from source STEP with OCCT 7.9,False
0016__00169191__STEP__Part7,2,G0_only,0,1.8199600109616695e-13,90.0,0.0,computed from source STEP with OCCT 7.9,False
0016__00169191__STEP__Part7,3,G0_only,0,2.6237692574149207e-17,90.0,0.0,computed from source STEP with OCCT 7.9,False
0016__00169191__STEP__Part7,4,G0_only,0,2.578312108954645e-13,90.0,0.0,computed from source STEP with OCCT 7.9,False
0016__00169191__STEP__Part7,5,G0_only,0,0.0,90.0,0.0,computed from source STEP with OCCT 7.9,False
0016__00169191__STEP__Part7,6,G0_only,0,0.0,90.0,0.0,computed from source STEP with OCCT 7.9,False
0016__00169191__STEP__Part7,7,G0_only,0,2.7755575615628914e-17,90.0,0.0,computed from source STEP with OCCT 7.9,False
0016__00169191__STEP__Part7,8,G0_only,0,0.0,90.0,0.0,computed from source STEP with OCCT 7.9,False
0016__00169191__STEP__Part7,9,G0_only,0,0.0,90.0,0.0,computed from source STEP with OCCT 7.9,False
0016__00169191__STEP__Part7,10,G0_only,0,2.7755575615628914e-17,90.0,0.0,computed from source STEP with OCCT 7.9,False
0016__00169191__STEP__Part7,11,G0_only,0,1.3552356081833424e-13,90.0,0.0,computed from source STEP with OCCT 7.9,False
0016__00169191__STEP__Part7,12,G0_only,0,8.003512099456608e-13,90.0,0.0,computed from source STEP with OCCT 7.9,False
0017__00170836__STEP__Part4,1,G0_only,0,2.7978524602644214e-13,90.0,12.000000004005122,computed from source STEP with OCCT 7.9,False
0017__00170836__STEP__Part4,3,G0_only,0,4.5041004546859946e-13,90.0,12.000000004005125,computed from source STEP with OCCT 7.9,False
0017__00170836__STEP__Part4,4,G0_only,0,2.879483126859496e-13,90.0,13.333333337781335,computed from source STEP with OCCT 7.9,False
0017__00170836__STEP__Part4,6,G0_only,0,4.4823921921280056e-13,90.0,13.333333337781335,computed from source STEP with OCCT 7.9,False
0017__00172668__STEP__Part24,1,G0_only,0,7.026405890402582e-18,90.0,0.0,computed from source STEP with OCCT 7.9,False
0017__00172668__STEP__Part24,2,G0_only,0,1.8676347606888226e-13,74.99999999997246,0.0,computed from source STEP with OCCT 7.9,False
0017__00172668__STEP__Part24,3,G0_only,0,0.0,90.0,0.0,computed from source STEP with OCCT 7.9,False
0017__00172668__STEP__Part24,4,G0_only,0,4.163336342344337e-17,89.99999999999999,0.0,computed from source STEP with OCCT 7.9,False
0017__00172668__STEP__Part24,5,G0_only,0,0.0,90.0,0.0,computed from source STEP with OCCT 7.9,False
0017__00172668__STEP__Part24,6,G0_only,0,2.5126385398813156e-14,90.0,8.476363711646604,computed from source STEP with OCCT 7.9,False
0017__00172668__STEP__Part24,7,G0_only,0,4.306248709832447e-14,90.0,8.476363711646604,computed from source STEP with OCCT 7.9,False
0017__00172668__STEP__Part24,8,G0_only,0,9.114552385517414e-14,90.0,1.108761434186337,computed from source STEP with OCCT 7.9,False
0017__00172668__STEP__Part24,9,G0_only,0,1.5700924586837752e-16,90.0,0.0,computed from source STEP with OCCT 7.9,False
0017__00172668__STEP__Part24,10,G0_only,0,5.283133303964841e-13,89.9999999999817,1.108761434186337,computed from source STEP with OCCT 7.9,False
0017__00172668__STEP__Part24,11,G0_only,0,1.5700924586837752e-16,90.0,0.0,computed from source STEP with OCCT 7.9,False
0017__00172668__STEP__Part24,12,G0_only,0,5.989192036964899e-13,90.0,1.108761434186337,computed from source STEP with OCCT 7.9,False
0017__00172668__STEP__Part24,13,G0_only,0,6.234950139077336e-10,86.24999999999382,8.112447589481746,computed from source STEP with OCCT 7.9,False
0017__00172668__STEP__Part24,14,G0_only,0,5.935074421038853e-13,90.0,8.476363711646604,computed from source STEP with OCCT 7.9,False
0017__00172668__STEP__Part24,15,G0_only,0,6.234035983073591e-10,60.000000000023135,0.783173854579051,computed from source STEP with OCCT 7.9,False
0017__00172668__STEP__Part24,16,G0_only,0,5.924761946954604e-13,90.0,8.476363711646604,computed from source STEP with OCCT 7.9,False
0017__00172668__STEP__Part24,17,G0_only,0,6.233828945714431e-10,3.7500000000240408,8.476363711646602,computed from source STEP with OCCT 7.9,False
0017__00172668__STEP__Part24,18,G0_only,0,0.0,90.0,0.0,computed from source STEP with OCCT 7.9,False
0017__00176275__STEP__Part844,1,G0_only,0,4.712317304229716e-13,90.0,2104.8502390577296,computed from source STEP with OCCT 7.9,False
0017__00176275__STEP__Part844,2,G0_only,0,5.579688316704692e-13,90.0,2104.850239057729,computed from source STEP with OCCT 7.9,False
0017__00176275__STEP__Part844,3,G0_only,0,5.108683182086684e-13,90.0,631.4550717174252,computed from source STEP with OCCT 7.9,False
0017__00176275__STEP__Part844,4,G0_only,0,8.792917292008169e-14,90.0,0.0,computed from source STEP with OCCT 7.9,False
0017__00176275__STEP__Part844,5,G0_fail,0,1.3219933982488572e-08,89.99999999999997,4420.185502023092,computed from source STEP with OCCT 7.9,False
0017__00176275__STEP__Part844,6,G0_only,0,0.0,90.0,0.0,computed from source STEP with OCCT 7.9,False
0017__00176275__STEP__Part844,7,G0_only,0,0.0,90.0,0.0,computed from source STEP with OCCT 7.9,False
0017__00176275__STEP__Part844,8,G0_only,0,0.0,90.0,0.0,computed from source STEP with OCCT 7.9,False
0017__00176275__STEP__Part844,9,G0_only,0,4.754632504211698e-13,90.0,0.0,computed from source STEP with OCCT 7.9,False
0017__00176275__STEP__Part844,10,G0_only,0,0.0,90.0,0.0,computed from source STEP with OCCT 7.9,False
0017__00176275__STEP__Part844,11,G0_only,0,0.0,90.0,0.0,computed from source STEP with OCCT 7.9,False
0017__00176275__STEP__Part844,12,G0_fail,0,7.644668192966674e-09,89.99999999999999,4420.185502023093,computed from source STEP with OCCT 7.9,False
0017__00176275__STEP__Part844,13,G0_only,0,5.647584223090296e-13,90.0,0.0,computed from source STEP with OCCT 7.9,False
0017__00176275__STEP__Part844,14,G0_only,0,0.0,90.0,0.0,computed from source STEP with OCCT 7.9,False
0017__00176275__STEP__Part844,15,G0_only,0,5.232725656400545e-13,45.0,0.0,computed from source STEP with OCCT 7.9,False
0017__00176275__STEP__Part844,16,G0_only,0,0.0,90.0,0.0,computed from source STEP with OCCT 7.9,False
0017__00176275__STEP__Part844,17,G0_only,0,0.0,90.0,0.0,computed from source STEP with OCCT 7.9,False
0017__00176275__STEP__Part844,18,G0_only,0,0.0,90.0,0.0,computed from source STEP with OCCT 7.9,False
0017__00176275__STEP__Part844,19,G0_only,0,1.4144570573327827e-13,45.0,0.0,computed from source STEP with OCCT 7.9,False
0017__00176275__STEP__Part844,20,G0_only,0,1.444837551523766e-09,89.99999999999999,4420.185502023093,computed from source STEP with OCCT 7.9,False
0017__00176275__STEP__Part844,22,G1_only,1,3.689249488061734e-13,6.410092226920812e-11,4420.185502023092,computed from source STEP with OCCT 7.9,False
0017__00176275__STEP__Part844,24,G0_fail,0,8.090860385591923e-09,0.6852873009622529,4420.185502023091,computed from source STEP with OCCT 7.9,False
0017__00176275__STEP__Part844,25,G0_only,0,4.77460460210757e-13,90.0,631.4550717174252,computed from source STEP with OCCT 7.9,False
0017__00176275__STEP__Part844,26,G1_only,1,3.3879404181003006e-13,2.1500549798570274e-11,631.4550717174251,computed from source STEP with OCCT 7.9,False
0017__00176275__STEP__Part844,27,G1_only,1,2.4872347414206387e-13,1.69046490860778e-11,631.455071717425,computed from source STEP with OCCT 7.9,False
0017__00176275__STEP__Part844,28,G0_fail,0,1.3219933982795814e-08,89.99999999999997,4420.185502023092,computed from source STEP with OCCT 7.9,False
0017__00176275__STEP__Part844,29,G0_fail,0,1.1294027935701515e-08,0.8096403985700853,4420.185502023091,computed from source STEP with OCCT 7.9,False
0017__00176275__STEP__Part844,30,G0_fail,0,1.1293767316658884e-08,0.8096403985367586,4420.185502023091,computed from source STEP with OCCT 7.9,False
0017__00176275__STEP__Part844,31,G0_only,0,4.797736572473087e-13,90.0,2104.8502390577296,computed from source STEP with OCCT 7.9,False
0017__00176275__STEP__Part844,32,G0_only,0,5.652014114868594e-13,90.0,2104.850239057729,computed from source STEP with OCCT 7.9,False
0017__00176275__STEP__Part844,33,G0_only,0,8.792917292008169e-14,90.0,0.0,computed from source STEP with OCCT 7.9,False
0017__00176275__STEP__Part844,34,G0_only,0,5.647584223090296e-13,90.0,0.0,computed from source STEP with OCCT 7.9,False
0017__00176275__STEP__Part844,35,G0_only,0,0.0,90.0,0.0,computed from source STEP with OCCT 7.9,False
0017__00176275__STEP__Part844,36,G0_only,0,4.754632504211698e-13,90.0,0.0,computed from source STEP with OCCT 7.9,False
0017__00176275__STEP__Part844,37,G0_only,0,0.0,90.0,0.0,computed from source STEP with OCCT 7.9,False
0017__00176275__STEP__Part844,38,G0_only,0,0.0,90.0,0.0,computed from source STEP with OCCT 7.9,False
0017__00176275__STEP__Part844,40,G0_only,0,0.0,90.0,0.0,computed from source STEP with OCCT 7.9,False
0018__00180497__STEP__Part57,1,G0_only,0,1.734723475976807e-18,90.0,0.0,computed from source STEP with OCCT 7.9,False
0018__00180497__STEP__Part57,2,G0_only,0,0.0,90.0,0.0,computed from source STEP with OCCT 7.9,False
0018__00180497__STEP__Part57,3,G0_only,0,0.0,90.0,0.0,computed from source STEP with OCCT 7.9,False
0018__00180497__STEP__Part57,4,G0_only,0,5.400020708368203e-14,90.0,0.0,computed from source STEP with OCCT 7.9,False
0018__00180497__STEP__Part57,5,G0_only,0,3.0518261969943705e-13,90.0,0.0,computed from source STEP with OCCT 7.9,False
0018__00180497__STEP__Part57,6,G0_only,0,5.400020708368203e-14,90.0,0.0,computed from source STEP with OCCT 7.9,False
0018__00180497__STEP__Part57,7,G0_only,0,2.882798865248688e-13,90.0,0.0,computed from source STEP with OCCT 7.9,False
0018__00180497__STEP__Part57,8,G0_only,0,5.4154597473043964e-14,90.0,0.0,computed from source STEP with OCCT 7.9,False
0018__00180497__STEP__Part57,9,G0_only,0,3.0518207699453426e-13,90.0,0.0,computed from source STEP with OCCT 7.9,False
0018__00180497__STEP__Part57,10,G0_only,0,3.3911687592680255e-13,81.00000000001184,0.0,computed from source STEP with OCCT 7.9,False
0018__00180497__STEP__Part57,11,G0_only,0,8.673617379884035e-18,81.00000000001184,0.0,computed from source STEP with OCCT 7.9,False
0018__00180497__STEP__Part57,12,G0_only,0,2.882798865248688e-13,90.0,0.0,computed from source STEP with OCCT 7.9,False
0018__00180497__STEP__Part57,13,G0_only,0,3.3912814052127257e-13,80.9999999999742,0.0,computed from source STEP with OCCT 7.9,False
0018__00180497__STEP__Part57,14,G0_only,0,8.673617379884035e-18,81.00000000001184,0.0,computed from source STEP with OCCT 7.9,False
0018__00180497__STEP__Part57,15,G0_only,0,5.399154060049409e-14,90.0,0.0,computed from source STEP with OCCT 7.9,False
0018__00180497__STEP__Part57,16,G0_only,0,5.41441891321881e-14,90.0,0.0,computed from source STEP with OCCT 7.9,False
0018__00180497__STEP__Part57,17,G0_only,0,1.7520707107365752e-16,89.99999999996237,0.0,computed from source STEP with OCCT 7.9,False
0018__00180497__STEP__Part57,18,G0_only,0,1.0408340855860843e-17,90.0,0.0,computed from source STEP with OCCT 7.9,False
0018__00180497__STEP__Part57,19,G0_only,0,8.673617379884035e-18,90.0,0.0,computed from source STEP with OCCT 7.9,False
0018__00180497__STEP__Part57,20,G0_only,0,8.673617379884035e-18,90.0,0.0,computed from source STEP with OCCT 7.9,False
0018__00180497__STEP__Part57,21,G0_only,0,2.7809732887839817e-17,90.0,0.0,computed from source STEP with OCCT 7.9,False
0018__00180497__STEP__Part57,22,G0_only,0,8.673617379884035e-18,90.0,0.0,computed from source STEP with OCCT 7.9,False
0018__00180497__STEP__Part57,23,G0_only,0,5.399154060049409e-14,90.0,0.0,computed from source STEP with OCCT 7.9,False
0018__00180497__STEP__Part57,24,G0_only,0,2.7809732887839817e-17,90.0,0.0,computed from source STEP with OCCT 7.9,False
0018__00182041__STEP__Part11,1,G0_only,0,2.2022716992366428e-11,90.0,256.0000000251659,computed from source STEP with OCCT 7.9,False
0018__00182041__STEP__Part11,3,G0_only,0,2.400568633340834e-11,90.0,256.00000002516583,computed from source STEP with OCCT 7.9,False
0018__00182041__STEP__Part11,4,G0_only,0,2.2022716998641107e-11,90.0,256.00000002516583,computed from source STEP with OCCT 7.9,False
0018__00182041__STEP__Part11,5,G0_only,0,2.202271699211719e-11,90.0,256.0000000251659,computed from source STEP with OCCT 7.9,False
0018__00182041__STEP__Part11,7,G0_only,0,2.4005686333110493e-11,90.0,256.00000002516583,computed from source STEP with OCCT 7.9,False
0018__00182041__STEP__Part11,8,G0_only,0,2.2022716986170455e-11,90.0,256.0000000251659,computed from source STEP with OCCT 7.9,False
0018__00182041__STEP__Part11,9,G0_only,0,0.0,90.0,0.0,computed from source STEP with OCCT 7.9,False
0018__00182041__STEP__Part11,10,G0_only,0,0.0,90.0,0.0,computed from source STEP with OCCT 7.9,False
0018__00182041__STEP__Part11,11,G0_only,0,1.3877787807814457e-17,90.0,0.0,computed from source STEP with OCCT 7.9,False
0018__00182041__STEP__Part11,12,G0_only,0,0.0,90.0,0.0,computed from source STEP with OCCT 7.9,False
0018__00182041__STEP__Part11,13,G0_only,0,0.0,90.0,0.0,computed from source STEP with OCCT 7.9,False
0018__00182041__STEP__Part11,14,G0_only,0,0.0,90.0,0.0,computed from source STEP with OCCT 7.9,False
0018__00182041__STEP__Part11,15,G0_only,0,1.3877787807814457e-17,90.0,0.0,computed from source STEP with OCCT 7.9,False
0018__00182041__STEP__Part11,16,G0_only,0,1.3877787807814457e-17,90.0,0.0,computed from source STEP with OCCT 7.9,False
0018__00182041__STEP__Part11,17,G0_only,0,0.0,90.0,0.0,computed from source STEP with OCCT 7.9,False
0018__00182041__STEP__Part11,18,G0_only,0,0.0,90.0,0.0,computed from source STEP with OCCT 7.9,False
0018__00182041__STEP__Part11,19,G0_only,0,0.0,90.0,0.0,computed from source STEP with OCCT 7.9,False
0018__00182041__STEP__Part11,20,G0_only,0,1.3877787807814457e-17,90.0,0.0,computed from source STEP with OCCT 7.9,False
0018__00182849__STEP__Part444,1,G0_only,0,1.9001467066459554e-13,90.0,105.1607304433527,computed from source STEP with OCCT 7.9,False
0018__00182849__STEP__Part444,2,G1_only,1,1.5949238898077421e-13,3.0823565396993586e-11,289.192008719137,computed from source STEP with OCCT 7.9,False
0018__00182849__STEP__Part444,3,G1_only,1,1.5949126596721504e-13,3.0405208626508096e-11,289.192008719137,computed from source STEP with OCCT 7.9,False
0018__00182849__STEP__Part444,5,G1_only,1,1.5998477505310387e-13,2.7687056302107718e-11,394.3527391624897,computed from source STEP with OCCT 7.9,False
0018__00183689__STEP__Part1,1,G0_only,0,9.781625613217767e-16,90.0,0.6873271093175692,computed from source STEP with OCCT 7.9,False
0018__00183689__STEP__Part1,2,G0_only,0,0.0,27.02292761354762,2.4620960208991596,computed from source STEP with OCCT 7.9,False
0018__00183689__STEP__Part1,3,G0_only,0,1.1443916996305594e-16,90.0,0.6873271093175692,computed from source STEP with OCCT 7.9,False
0018__00183689__STEP__Part1,4,G0_only,0,3.469446951953614e-18,72.8488060882949,0.027921102618816022,computed from source STEP with OCCT 7.9,False
0018__00183689__STEP__Part1,5,G0_only,0,0.0,90.0,0.0,computed from source STEP with OCCT 7.9,False
0018__00183689__STEP__Part1,6,G0_only,0,0.0,90.0,0.0,computed from source STEP with OCCT 7.9,False
0018__00183689__STEP__Part1,7,G0_only,0,3.469446951953614e-18,72.74756743469183,0.003492786604190392,computed from source STEP with OCCT 7.9,False
0018__00183689__STEP__Part1,8,G0_only,0,5.555550357610066e-13,19.4088381092857,4.446025393453867,computed from source STEP with OCCT 7.9,False
0018__00183689__STEP__Part1,9,unknown,0,8.123661457001957e-14,90.0,4.446025393453867,computed from source STEP with OCCT 7.9,False
0018__00183689__STEP__Part1,10,G0_only,0,5.229011489473027e-13,19.408838109309393,4.446025393453867,computed from source STEP with OCCT 7.9,False
0018__00183689__STEP__Part1,11,G0_only,0,4.6574881405517863e-14,90.0,4.446025393453868,computed from source STEP with OCCT 7.9,False
0018__00183689__STEP__Part1,12,unknown,0,1.9484414082171497e-14,90.0,4.446025393453867,computed from source STEP with OCCT 7.9,False
0018__00183689__STEP__Part1,13,G0_only,0,3.569473148020355e-13,15.383849994353465,4.446025393453868,computed from source STEP with OCCT 7.9,False
0018__00183689__STEP__Part1,14,G0_only,0,8.125262307106802e-14,90.0,4.446025393453867,computed from source STEP with OCCT 7.9,False
0018__00183689__STEP__Part1,15,G0_only,0,3.3761865798422097e-13,15.383849994343592,4.446025393453867,computed from source STEP with OCCT 7.9,False
0018__00183689__STEP__Part1,16,G0_only,0,9.777686967753793e-16,90.0,0.25431898544338005,computed from source STEP with OCCT 7.9,False
0018__00183689__STEP__Part1,17,G0_only,0,9.781625613217767e-16,90.0,3.2321754066655988,computed from source STEP with OCCT 7.9,False
0018__00183689__STEP__Part1,18,G0_only,0,1.606904219002663e-17,90.0,0.0,computed from source STEP with OCCT 7.9,False
0018__00183689__STEP__Part1,19,G0_only,0,2.6824286051179962e-17,90.0,0.0,computed from source STEP with OCCT 7.9,False
0018__00183689__STEP__Part1,20,G0_only,0,0.0,90.0,0.0,computed from source STEP with OCCT 7.9,False
0018__00183689__STEP__Part1,21,G0_only,0,0.0,90.0,0.0,computed from source STEP with OCCT 7.9,False
0018__00183689__STEP__Part1,22,G0_only,0,2.6754008786337457e-17,90.0,0.0,computed from source STEP with OCCT 7.9,False
0018__00183689__STEP__Part1,23,G0_only,0,3.8039050899441476e-17,90.0,0.0,computed from source STEP with OCCT 7.9,False
0018__00183689__STEP__Part1,24,G0_only,0,0.0,90.0,0.0,computed from source STEP with OCCT 7.9,False
0018__00183689__STEP__Part1,25,G0_only,0,2.6754008786337457e-17,90.0,0.0,computed from source STEP with OCCT 7.9,False
0018__00183689__STEP__Part1,26,G0_only,0,0.0,90.0,0.0,computed from source STEP with OCCT 7.9,False
0018__00183689__STEP__Part1,27,G0_only,0,0.0,90.0,0.0,computed from source STEP with OCCT 7.9,False
0018__00183689__STEP__Part1,28,G0_only,0,1.606904219002663e-17,90.0,0.0,computed from source STEP with OCCT 7.9,False
0018__00183689__STEP__Part1,29,G0_only,0,1.606904219002663e-17,90.0,0.0,computed from source STEP with OCCT 7.9,False
0018__00183689__STEP__Part1,30,G0_only,0,0.0,90.0,0.0,computed from source STEP with OCCT 7.9,False
0018__00183689__STEP__Part1,31,G0_only,0,1.606904219002663e-17,90.0,0.0,computed from source STEP with OCCT 7.9,False
0018__00183689__STEP__Part1,32,G0_only,0,2.6824286051179962e-17,90.0,0.0,computed from source STEP with OCCT 7.9,False
0018__00183689__STEP__Part1,33,G0_only,0,0.0,90.0,0.0,computed from source STEP with OCCT 7.9,False
0018__00183689__STEP__Part1,34,G0_only,0,0.0,90.0,0.0,computed from source STEP with OCCT 7.9,False
0018__00183689__STEP__Part1,35,G0_only,0,1.1102230246251565e-16,90.0,0.0,computed from source STEP with OCCT 7.9,False
0018__00183689__STEP__Part1,36,G0_only,0,0.0,90.0,0.0,computed from source STEP with OCCT 7.9,False
0018__00183689__STEP__Part1,37,G0_only,0,0.0,90.0,0.0,computed from source STEP with OCCT 7.9,False
0018__00183689__STEP__Part1,38,G0_only,0,2.7755575615628914e-17,90.0,0.0,computed from source STEP with OCCT 7.9,False
0018__00183689__STEP__Part1,39,G0_only,0,5.551115123125783e-17,90.0,0.0,computed from source STEP with OCCT 7.9,False
0018__00183689__STEP__Part1,40,G0_only,0,0.0,90.0,0.0,computed from source STEP with OCCT 7.9,False
0018__00183689__STEP__Part1,41,G0_only,0,1.1102230246251565e-16,90.0,0.25431898544338005,computed from source STEP with OCCT 7.9,False
0018__00183689__STEP__Part1,42,G1_only,2,0.0,5.490025407877169e-09,0.7868171373247694,computed from source STEP with OCCT 7.9,False
0018__00183689__STEP__Part1,43,G0_only,0,1.1248642769581074e-13,70.5632313774764,0.0,computed from source STEP with OCCT 7.9,False
0018__00183689__STEP__Part1,44,G0_only,0,0.0,90.0,0.0,computed from source STEP with OCCT 7.9,False
0018__00183689__STEP__Part1,45,G0_only,0,3.5347877923525835e-14,73.07877373361791,0.0,computed from source STEP with OCCT 7.9,False
0018__00183689__STEP__Part1,46,G0_only,0,2.2021547959078693e-13,70.56323137747641,0.0,computed from source STEP with OCCT 7.9,False
0018__00183689__STEP__Part1,47,G0_only,0,0.0,90.0,0.0,computed from source STEP with OCCT 7.9,False
0018__00183689__STEP__Part1,48,G0_only,0,2.5794973128305504e-13,70.62989063850213,0.0,computed from source STEP with OCCT 7.9,False
0018__00183689__STEP__Part1,49,G0_only,0,0.0,90.0,0.0,computed from source STEP with OCCT 7.9,False
0018__00183689__STEP__Part1,50,G0_only,0,1.6502239647703268e-13,70.62989063850213,0.0,computed from source STEP with OCCT 7.9,False
0018__00183689__STEP__Part1,51,G0_only,0,5.551115123125783e-17,90.0,0.0,computed from source STEP with OCCT 7.9,False
0018__00183689__STEP__Part1,52,G0_only,0,3.5347877923525835e-14,73.07877373361788,0.0,computed from source STEP with OCCT 7.9,False
0018__00183689__STEP__Part1,53,G0_only,0,2.7755575615628914e-17,90.0,0.0,computed from source STEP with OCCT 7.9,False
0018__00183689__STEP__Part1,54,G0_only,0,3.532133375073274e-14,73.07877373361788,0.0,computed from source STEP with OCCT 7.9,False
0018__00183689__STEP__Part1,55,G0_only,0,0.0,90.0,0.0,computed from source STEP with OCCT 7.9,False
0018__00183689__STEP__Part1,56,G0_only,0,3.5347877923525835e-14,73.07877373361791,0.0,computed from source STEP with OCCT 7.9,False
0018__00183689__STEP__Part1,57,G0_only,0,0.0,90.0,0.0,computed from source STEP with OCCT 7.9,False
0018__00183689__STEP__Part1,58,G0_only,0,1.1102230246251565e-16,90.0,0.0,computed from source STEP with OCCT 7.9,False
0018__00183689__STEP__Part1,59,G0_only,0,1.1443916996305594e-16,90.0,3.2321754066655988,computed from source STEP with OCCT 7.9,False
0018__00183689__STEP__Part1,60,G0_only,0,3.8039050899441476e-17,90.0,0.0,computed from source STEP with OCCT 7.9,False
0018__00183914__STEP__Part37,1,G0_only,0,8.673617379884035e-19,90.0,0.0,computed from source STEP with OCCT 7.9,False
0018__00183914__STEP__Part37,2,G0_only,0,7.850941432989855e-17,90.0,0.0,computed from source STEP with OCCT 7.9,False
0018__00183914__STEP__Part37,3,G0_only,0,5.551792708129603e-17,90.0,0.0,computed from source STEP with OCCT 7.9,False
0018__00183914__STEP__Part37,4,G0_only,0,6.206941440966717e-17,90.0,0.0,computed from source STEP with OCCT 7.9,False
0018__00183914__STEP__Part37,5,G0_only,0,2.7755575615628914e-17,90.0,0.0,computed from source STEP with OCCT 7.9,False
0018__00183914__STEP__Part37,6,G0_only,0,0.0,90.0,0.0,computed from source STEP with OCCT 7.9,False
0018__00183914__STEP__Part37,7,G0_only,0,0.0,90.0,0.0,computed from source STEP with OCCT 7.9,False
0018__00183914__STEP__Part37,8,G0_only,0,0.0,90.0,0.0,computed from source STEP with OCCT 7.9,False
0018__00183914__STEP__Part37,9,G0_only,0,8.613167293185663e-13,90.0,0.0,computed from source STEP with OCCT 7.9,False
0018__00183914__STEP__Part37,10,G0_only,0,7.801874780169176e-13,90.0,0.0,computed from source STEP with OCCT 7.9,False
0018__00183914__STEP__Part37,11,G0_only,0,2.0978416132852741e-13,90.0,0.0,computed from source STEP with OCCT 7.9,False
0018__00183914__STEP__Part37,12,G0_only,0,3.714050350798052e-13,90.0,0.0,computed from source STEP with OCCT 7.9,False
0018__00185464__STEP__Part405,1,G0_only,0,1.131194951402226e-12,58.81437812143148,3235.389378234719,computed from source STEP with OCCT 7.9,False
0018__00185464__STEP__Part405,2,G0_only,0,1.1311811602225406e-12,58.81437812143148,3235.389378234719,computed from source STEP with OCCT 7.9,False
0018__00185464__STEP__Part405,3,G0_only,0,2.4014137562007684e-13,90.0,8320.169126297786,computed from source STEP with OCCT 7.9,False
0018__00185464__STEP__Part405,5,G0_only,0,5.874190591954793e-13,90.0,8320.169126297786,computed from source STEP with OCCT 7.9,False
0018__00185464__STEP__Part405,6,G0_only,0,0.0,90.0,0.0,computed from source STEP with OCCT 7.9,False
0018__00185464__STEP__Part405,7,G0_only,0,0.0,90.0,0.0,computed from source STEP with OCCT 7.9,False
0018__00185464__STEP__Part405,8,G0_only,0,0.0,90.0,0.0,computed from source STEP with OCCT 7.9,False
0018__00185464__STEP__Part405,9,G0_only,0,1.3317422773783044e-12,71.87514042619968,3235.3893782347195,computed from source STEP with OCCT 7.9,False
0018__00185464__STEP__Part405,10,G0_only,0,1.3318081008404455e-12,71.87514042620002,3235.3893782347195,computed from source STEP with OCCT 7.9,False
0018__00185464__STEP__Part405,11,G0_only,0,0.0,90.0,0.0,computed from source STEP with OCCT 7.9,False
0018__00185464__STEP__Part405,12,G0_only,0,0.0,90.0,0.0,computed from source STEP with OCCT 7.9,False
0018__00185464__STEP__Part405,13,G0_only,0,8.307405777955987e-12,85.53947969381697,3235.389378234719,computed from source STEP with OCCT 7.9,False
0018__00185464__STEP__Part405,14,G0_only,0,0.0,90.0,0.0,computed from source STEP with OCCT 7.9,False
0018__00185464__STEP__Part405,15,G0_only,0,0.0,90.0,0.0,computed from source STEP with OCCT 7.9,False
0018__00185464__STEP__Part405,16,G0_only,0,0.0,90.0,0.0,computed from source STEP with OCCT 7.9,False
0018__00185464__STEP__Part405,17,G0_only,0,8.307695481350957e-12,85.53947969391115,3235.38937823472,computed from source STEP with OCCT 7.9,False
0018__00185464__STEP__Part405,18,G0_only,0,0.0,90.0,0.0,computed from source STEP with OCCT 7.9,False
0018__00185464__STEP__Part405,19,G0_only,0,0.0,90.0,0.0,computed from source STEP with OCCT 7.9,False
0018__00185464__STEP__Part405,20,G0_only,0,0.0,90.0,0.0,computed from source STEP with OCCT 7.9,False
0018__00185464__STEP__Part405,21,G0_only,0,1.3360231856422947e-12,71.87514042605845,3235.3893782347195,computed from source STEP with OCCT 7.9,False
0018__00185464__STEP__Part405,22,G0_only,0,0.0,90.0,0.0,computed from source STEP with OCCT 7.9,False
0018__00185464__STEP__Part405,23,G0_only,0,0.0,90.0,0.0,computed from source STEP with OCCT 7.9,False
0018__00185464__STEP__Part405,24,G0_only,0,1.339903632213616e-12,71.87514042605845,3235.389378234719,computed from source STEP with OCCT 7.9,False
0018__00185464__STEP__Part405,25,G0_only,0,0.0,90.0,0.0,computed from source STEP with OCCT 7.9,False
0018__00185464__STEP__Part405,26,G0_only,0,8.307680340026826e-12,85.53947969390663,3235.389378234719,computed from source STEP with OCCT 7.9,False
0018__00185464__STEP__Part405,27,G0_only,0,0.0,90.0,0.0,computed from source STEP with OCCT 7.9,False
0018__00185464__STEP__Part405,28,G0_only,0,0.0,90.0,0.0,computed from source STEP with OCCT 7.9,False
0018__00185464__STEP__Part405,29,G0_only,0,8.307202920298108e-12,85.53947969372096,3235.3893782347195,computed from source STEP with OCCT 7.9,False
0018__00185464__STEP__Part405,30,G0_only,0,1.3286664135534529e-12,71.8751404260279,3235.3893782347186,computed from source STEP with OCCT 7.9,False
0018__00185464__STEP__Part405,31,G0_only,0,0.0,90.0,0.0,computed from source STEP with OCCT 7.9,False
0018__00185464__STEP__Part405,32,G0_only,0,0.0,90.0,0.0,computed from source STEP with OCCT 7.9,False
0018__00185464__STEP__Part405,33,G0_only,0,0.0,90.0,0.0,computed from source STEP with OCCT 7.9,False
0018__00185464__STEP__Part405,34,G0_only,0,1.3286080783917818e-12,71.87514042602774,3235.3893782347195,computed from source STEP with OCCT 7.9,False
0018__00185464__STEP__Part405,35,G0_only,0,8.30739853922638e-12,85.53947969381164,3235.389378234719,computed from source STEP with OCCT 7.9,False
0018__00185464__STEP__Part405,36,G1_only,6,1.4292268704672858e-16,4.053214278084464e-11,1.3642420526593924e-12,computed from source STEP with OCCT 7.9,False
0018__00185464__STEP__Part405,37,G1_only,6,1.2719202621569003e-16,3.6347245424573276e-11,4.547473508864641e-13,computed from source STEP with OCCT 7.9,False
0018__00185464__STEP__Part405,38,G0_only,0,8.307478153028172e-12,85.53947969381291,3235.3893782347195,computed from source STEP with OCCT 7.9,False
0018__00185464__STEP__Part405,39,G0_only,0,8.307186614604507e-12,85.5394796937166,3235.3893782347195,computed from source STEP with OCCT 7.9,False
0018__00185464__STEP__Part405,40,G0_only,0,0.0,90.0,0.0,computed from source STEP with OCCT 7.9,False
0018__00185464__STEP__Part405,41,G0_only,0,8.30747233188322e-12,85.53947969381625,3235.389378234719,computed from source STEP with OCCT 7.9,False
0018__00185464__STEP__Part405,42,G0_only,0,0.0,90.0,0.0,computed from source STEP with OCCT 7.9,False
0018__00185464__STEP__Part405,43,G0_only,0,0.0,90.0,0.0,computed from source STEP with OCCT 7.9,False
0018__00185464__STEP__Part405,44,G0_only,0,0.0,90.0,0.0,computed from source STEP with OCCT 7.9,False
0018__00185464__STEP__Part405,45,G0_only,0,0.0,90.0,0.0,computed from source STEP with OCCT 7.9,False
0018__00185464__STEP__Part557,1,G0_only,0,0.0,90.0,0.0,computed from source STEP with OCCT 7.9,False
0018__00185464__STEP__Part557,2,G0_only,0,2.4014150630191804e-13,90.0,5942.977947355561,computed from source STEP with OCCT 7.9,False
0018__00185464__STEP__Part557,3,G0_only,0,0.0,90.0,0.0,computed from source STEP with OCCT 7.9,False
0018__00185464__STEP__Part557,4,G0_only,0,2.4014130792012584e-13,90.0,5942.977947355561,computed from source STEP with OCCT 7.9,False
0018__00185464__STEP__Part557,5,G0_only,0,0.0,90.0,0.0,computed from source STEP with OCCT 7.9,False
0018__00185464__STEP__Part557,6,G0_only,0,2.4014150130822767e-13,90.0,5942.977947355563,computed from source STEP with OCCT 7.9,False
0018__00185464__STEP__Part557,7,G0_only,0,0.0,90.0,0.0,computed from source STEP with OCCT 7.9,False
0018__00185464__STEP__Part557,8,G0_only,0,2.401413310778345e-13,90.0,5942.977947355563,computed from source STEP with OCCT 7.9,False
0018__00185464__STEP__Part557,9,G0_only,0,2.401413147245827e-13,90.0,41600.84563148893,computed from source STEP with OCCT 7.9,False
0018__00185464__STEP__Part557,10,G0_only,0,0.0,90.0,0.0,computed from source STEP with OCCT 7.9,False
0018__00185464__STEP__Part557,11,G0_only,0,2.4014148759907464e-13,90.0,41600.845631488926,computed from source STEP with OCCT 7.9,False
0018__00185464__STEP__Part557,12,G0_only,0,0.0,90.0,0.0,computed from source STEP with OCCT 7.9,False
0018__00185464__STEP__Part557,13,G0_only,0,2.4014131634111104e-13,90.0,41600.84563148893,computed from source STEP with OCCT 7.9,False
0018__00185464__STEP__Part557,14,G0_only,0,0.0,90.0,0.0,computed from source STEP with OCCT 7.9,False
0018__00185464__STEP__Part557,15,G0_only,0,2.401414840903333e-13,90.0,41600.845631488926,computed from source STEP with OCCT 7.9,False
0018__00185464__STEP__Part557,16,G0_only,0,0.0,90.0,0.0,computed from source STEP with OCCT 7.9,False
0018__00185464__STEP__Part557,17,G1_only,1,2.410320157045944e-13,1.977032789997722e-11,41600.845631488926,computed from source STEP with OCCT 7.9,False
0018__00185464__STEP__Part557,18,G0_only,0,0.0,90.0,0.0,computed from source STEP with OCCT 7.9,False
0018__00185464__STEP__Part557,19,G1_only,1,2.4014384689018447e-13,1.7811106216195695e-11,41600.845631488926,computed from source STEP with OCCT 7.9,False
0018__00185464__STEP__Part557,20,G1_only,1,2.4014127006328236e-13,1.1857107852495991e-11,41600.845631488926,computed from source STEP with OCCT 7.9,False
0018__00185464__STEP__Part557,21,G0_only,0,3.5993435428721936e-13,90.0,41600.84563148893,computed from source STEP with OCCT 7.9,False
0018__00185464__STEP__Part557,22,G0_only,0,0.0,90.0,0.0,computed from source STEP with OCCT 7.9,False
0018__00185464__STEP__Part557,23,G1_only,1,2.4014127006328236e-13,1.1857107852495991e-11,41600.845631488926,computed from source STEP with OCCT 7.9,False
0018__00185464__STEP__Part557,24,G1_only,1,2.4014385496021003e-13,5.9285539262479955e-12,41600.845631488926,computed from source STEP with OCCT 7.9,False
0018__00185464__STEP__Part557,25,G0_only,0,3.599344696257959e-13,90.0,41600.845631488926,computed from source STEP with OCCT 7.9,False
0018__00185464__STEP__Part557,26,G0_only,0,0.0,90.0,0.0,computed from source STEP with OCCT 7.9,False
0018__00185464__STEP__Part557,27,G1_only,1,2.410320237636104e-13,1.3841773973729226e-11,41600.845631488926,computed from source STEP with OCCT 7.9,False
0018__00185464__STEP__Part557,28,G1_only,1,2.410320157045944e-13,1.977032789997722e-11,41600.845631488926,computed from source STEP with OCCT 7.9,False
0018__00185464__STEP__Part557,29,G0_only,0,3.5993435536573615e-13,90.0,41600.84563148893,computed from source STEP with OCCT 7.9,False
0018__00185464__STEP__Part557,30,G0_only,0,0.0,90.0,0.0,computed from source STEP with OCCT 7.9,False
0018__00185464__STEP__Part557,31,G1_only,1,2.410320157045944e-13,1.3841773973729226e-11,41600.845631488926,computed from source STEP with OCCT 7.9,False
0018__00185464__STEP__Part557,32,G0_only,0,3.599344672848299e-13,90.0,41600.845631488926,computed from source STEP with OCCT 7.9,False
0018__00185464__STEP__Part557,33,G0_only,0,0.0,90.0,0.0,computed from source STEP with OCCT 7.9,False
0018__00185464__STEP__Part557,34,G0_only,0,3.5993447877228435e-13,90.0,5942.977947355563,computed from source STEP with OCCT 7.9,False
0018__00185464__STEP__Part557,35,G0_only,0,0.0,90.0,0.0,computed from source STEP with OCCT 7.9,False
0018__00185464__STEP__Part557,36,G0_only,0,3.59934349747416e-13,90.0,5942.977947355561,computed from source STEP with OCCT 7.9,False
0018__00185464__STEP__Part557,37,G0_only,0,0.0,90.0,0.0,computed from source STEP with OCCT 7.9,False
0018__00185464__STEP__Part557,38,G0_only,0,3.5993448210398045e-13,90.0,5942.977947355561,computed from source STEP with OCCT 7.9,False
0018__00185464__STEP__Part557,39,G0_only,0,0.0,90.0,0.0,computed from source STEP with OCCT 7.9,False
0018__00185464__STEP__Part557,40,G0_only,0,3.599343651977963e-13,90.0,5942.977947355563,computed from source STEP with OCCT 7.9,False
0018__00185464__STEP__Part557,41,G1_only,1,2.4014270860660805e-13,1.1850091143197456e-11,5942.97794735556,computed from source STEP with OCCT 7.9,False
0018__00185464__STEP__Part557,42,G1_only,1,2.401509533010108e-13,1.7800581152247893e-11,5942.97794735556,computed from source STEP with OCCT 7.9,False
0018__00185464__STEP__Part557,43,G1_only,1,2.4015095370199396e-13,1.977876652837436e-11,5942.97794735556,computed from source STEP with OCCT 7.9,False
0018__00185464__STEP__Part557,44,G1_only,1,2.410390954244503e-13,1.3848828360161326e-11,5942.97794735556,computed from source STEP with OCCT 7.9,False
0018__00185464__STEP__Part557,45,G1_only,1,2.410390963295804e-13,1.977876652837436e-11,5942.97794735556,computed from source STEP with OCCT 7.9,False
0018__00185464__STEP__Part557,46,G1_only,1,2.401509527935164e-13,1.3848828360161326e-11,5942.97794735556,computed from source STEP with OCCT 7.9,False
0018__00185464__STEP__Part557,47,G1_only,1,2.401509520479383e-13,5.925045571598728e-12,5942.97794735556,computed from source STEP with OCCT 7.9,False
0018__00185464__STEP__Part557,48,G1_only,1,2.4014270860660805e-13,1.1850091143197456e-11,5942.97794735556,computed from source STEP with OCCT 7.9,False
0018__00186683__STEP__Part123,1,G0_only,0,4.4095710416414223e-10,90.0,154.88600648052682,computed from source STEP with OCCT 7.9,False
0018__00186683__STEP__Part123,2,G0_only,0,4.5636527890025036e-10,90.0,141.98367296201607,computed from source STEP with OCCT 7.9,False
0018__00186683__STEP__Part123,3,G0_only,0,6.860995660495922e-10,90.0,98.59090603996933,computed from source STEP with OCCT 7.9,False
0018__00186683__STEP__Part123,4,G0_only,0,7.070000140885213e-10,90.0,0.0,computed from source STEP with OCCT 7.9,False
0018__00186683__STEP__Part123,5,G0_only,0,6.864707136067238e-10,90.0,94.89046903640427,computed from source STEP with OCCT 7.9,False
0018__00186683__STEP__Part123,6,G0_only,0,6.008765707222924e-11,90.0,40.34371343591212,computed from source STEP with OCCT 7.9,False
0018__00186683__STEP__Part123,7,G0_only,0,3.895898603722989e-10,90.0,58.764340849027015,computed from source STEP with OCCT 7.9,False
0018__00186683__STEP__Part123,8,G0_only,0,6.792539308797529e-10,90.0,63.458288374561825,computed from source STEP with OCCT 7.9,False
0018__00186683__STEP__Part123,9,G0_only,0,7.070000140885224e-10,90.0,0.0,computed from source STEP with OCCT 7.9,False
0018__00186683__STEP__Part123,10,G0_only,0,9.89625048575249e-10,90.0,0.0,computed from source STEP with OCCT 7.9,False
0018__00186683__STEP__Part123,11,G0_only,0,1.0300000297114313e-09,90.0,0.0,computed from source STEP with OCCT 7.9,False
0018__00186683__STEP__Part123,12,G0_only,0,9.896250486411374e-10,90.0,0.0,computed from source STEP with OCCT 7.9,False
0018__00186683__STEP__Part123,13,G0_only,0,7.070000140885214e-10,90.0,0.0,computed from source STEP with OCCT 7.9,False
0018__00186683__STEP__Part123,14,G0_only,0,6.769570459752578e-10,90.0,61.7122462049547,computed from source STEP with OCCT 7.9,False
0018__00186683__STEP__Part123,15,G0_only,0,3.93435561907297e-10,90.0,57.132389447502334,computed from source STEP with OCCT 7.9,False
0018__00186683__STEP__Part123,16,G0_only,0,7.224026932206584e-11,90.0,42.90905815754394,computed from source STEP with OCCT 7.9,False
0018__00186683__STEP__Part123,17,G0_only,0,7.074969778083689e-10,90.0,0.0,computed from source STEP with OCCT 7.9,False
0018__00186683__STEP__Part123,18,G0_only,0,5.834361749944465e-09,90.0,98.59174142773479,computed from source STEP with OCCT 7.9,False
0018__00186683__STEP__Part123,19,G0_only,0,1.6129813603155367e-09,90.0,141.98958582867587,computed from source STEP with OCCT 7.9,False
0018__00186683__STEP__Part123,20,G0_fail,0,2.8664771431973496e-06,90.0,154.8860062791067,computed from source STEP with OCCT 7.9,False
0018__00186683__STEP__Part123,21,G0_only,0,1.1463536034152716e-09,90.0,94.90140265311011,computed from source STEP with OCCT 7.9,False
0018__00186683__STEP__Part123,22,G0_only,0,3.8933351525012565e-10,90.0,58.76434081878706,computed from source STEP with OCCT 7.9,False
0018__00186683__STEP__Part123,23,G0_only,0,7.122515499785028e-11,90.0,40.34371348166343,computed from source STEP with OCCT 7.9,False
0018__00186683__STEP__Part123,24,G0_only,0,8.138259097406135e-11,90.0,42.9090582367575,computed from source STEP with OCCT 7.9,False
0018__00186683__STEP__Part123,25,G0_only,0,3.9317076815353054e-10,90.0,57.132389409217026,computed from source STEP with OCCT 7.9,False
0018__00186683__STEP__Part123,26,G0_only,0,1.1475405443679693e-09,90.0,61.71520139531473,computed from source STEP with OCCT 7.9,False
0018__00186683__STEP__Part123,27,G0_only,0,7.07496977808369e-10,90.0,0.0,computed from source STEP with OCCT 7.9,False
0018__00186683__STEP__Part123,28,G0_only,0,9.897073901666933e-10,90.0,0.0,computed from source STEP with OCCT 7.9,False
0018__00186683__STEP__Part123,29,G0_only,0,1.0309825166731385e-09,90.0,0.0,computed from source STEP with OCCT 7.9,False
0018__00186683__STEP__Part123,30,G0_only,0,9.894999819515253e-10,90.0,0.0,computed from source STEP with OCCT 7.9,False
0018__00186683__STEP__Part123,31,G0_only,0,7.074969796129809e-10,90.0,0.0,computed from source STEP with OCCT 7.9,False
0018__00186683__STEP__Part123,32,G0_fail,0,3.6552920268538453e-06,90.0,63.45828837685504,computed from source STEP with OCCT 7.9,False
0018__00186683__STEP__Part123,33,G1_only,1,1.582067810090848e-15,1.651215178659373e-07,36.469759996864276,computed from source STEP with OCCT 7.9,False
0018__00186683__STEP__Part123,34,G0_only,0,2.3547140851066502e-11,36.56309582790203,75.7969745321304,computed from source STEP with OCCT 7.9,False
0018__00186683__STEP__Part123,35,G1_only,1,8.326672684688674e-16,3.437420752581049e-08,7.5894401320811085,computed from source STEP with OCCT 7.9,False
0018__00186683__STEP__Part123,36,G1_only,1,0.0,1.7604621927256378e-14,3.434826713501529,computed from source STEP with OCCT 7.9,False
0018__00186683__STEP__Part123,37,G0_only,0,2.44930635703114e-11,38.28883714405065,65.63479987429318,computed from source STEP with OCCT 7.9,False
0018__00186683__STEP__Part123,38,G0_only,0,2.9378750548077636e-11,48.021367256581044,56.783274186365844,computed from source STEP with OCCT 7.9,False
0018__00186683__STEP__Part123,39,G1_only,1,6.38378239159465e-16,3.763564967172587e-08,8.312333944759992,computed from source STEP with OCCT 7.9,False
0018__00186683__STEP__Part123,40,G0_only,0,3.937500325790211e-11,90.0,0.0,computed from source STEP with OCCT 7.9,False
0018__00186683__STEP__Part123,41,G0_only,0,4.024999777918481e-11,90.0,0.0,computed from source STEP with OCCT 7.9,False
0018__00186683__STEP__Part123,42,G0_only,0,3.595975053034799e-11,63.304567610643396,0.0,computed from source STEP with OCCT 7.9,False
0018__00186683__STEP__Part123,43,G0_only,0,3.517787934341045e-11,63.304567610643396,0.0,computed from source STEP with OCCT 7.9,False
0018__00186683__STEP__Part123,44,G0_only,0,2.9909084643258404e-11,49.181237575944664,44.47730983867904,computed from source STEP with OCCT 7.9,False
0018__00186683__STEP__Part123,45,G1_only,1,8.326672684688674e-16,8.158171531776072e-08,18.017619944482938,computed from source STEP with OCCT 7.9,False
0018__00186683__STEP__Part123,46,G1_only,1,0.0,0.0,3.287170287558137,computed from source STEP with OCCT 7.9,False
0018__00186683__STEP__Part123,47,G0_only,0,9.765140875755763e-13,1.4191743376162258,1.374818065637855,computed from source STEP with OCCT 7.9,False
0018__00186683__STEP__Part123,48,G1_only,1,6.959438697426377e-14,0.10491470769981613,1.3736848945457625,computed from source STEP with OCCT 7.9,False
0018__00186720__STEP__Part377,1,G0_only,0,2.689015880428798e-09,45.00000000014621,274.4711674145826,computed from source STEP with OCCT 7.9,False
0018__00186720__STEP__Part377,3,G0_only,0,2.473846545341496e-09,44.999999999853806,346.74921396397707,computed from source STEP with OCCT 7.9,False
0018__00186720__STEP__Part377,4,G0_only,0,2.473158424946267e-09,44.99999999985438,346.74921397675865,computed from source STEP with OCCT 7.9,False
0018__00186720__STEP__Part377,5,G0_only,0,2.6886783862980325e-09,45.000000000146784,274.4711674182913,computed from source STEP with OCCT 7.9,False
0018__00189430__STEP__Part285,1,G0_only,0,4.2759048913848064e-13,90.0,0.0,computed from source STEP with OCCT 7.9,False
0018__00189430__STEP__Part285,2,G0_only,0,3.8513393492144306e-13,90.0,0.0,computed from source STEP with OCCT 7.9,False
0018__00189430__STEP__Part285,3,G0_only,0,4.9622189749207365e-14,90.0,0.0,computed from source STEP with OCCT 7.9,False
0018__00189430__STEP__Part285,4,G0_only,0,4.048268261015527e-13,90.0,0.0,computed from source STEP with OCCT 7.9,False
0018__00189430__STEP__Part285,5,G0_only,0,9.200964425791816e-13,90.0,0.0,computed from source STEP with OCCT 7.9,False
0018__00189430__STEP__Part285,6,G0_only,0,4.2231691263115306e-13,90.0,0.0,computed from source STEP with OCCT 7.9,False
0018__00189430__STEP__Part285,7,G0_only,0,4.960383610317783e-14,90.0,0.0,computed from source STEP with OCCT 7.9,False
0018__00189430__STEP__Part285,8,G0_only,0,3.6093697153436506e-13,90.0,0.0,computed from source STEP with OCCT 7.9,False
0018__00189430__STEP__Part285,9,G0_only,0,3.6098922132650697e-13,90.0,0.0,computed from source STEP with OCCT 7.9,False
0018__00189430__STEP__Part285,10,G0_only,0,3.610414720920748e-13,90.0,0.0,computed from source STEP with OCCT 7.9,False
0018__00189430__STEP__Part285,11,G0_only,0,3.6102672758354037e-13,90.0,0.0,computed from source STEP with OCCT 7.9,False
0018__00189430__STEP__Part285,12,G0_only,0,8.983100516596476e-14,90.0,0.0,computed from source STEP with OCCT 7.9,False
0018__00189430__STEP__Part285,13,G0_only,0,4.2419981901179837e-13,90.0,0.0,computed from source STEP with OCCT 7.9,False
0018__00189430__STEP__Part285,14,G0_only,0,3.6093697153436506e-13,90.0,0.0,computed from source STEP with OCCT 7.9,False
0018__00189430__STEP__Part285,15,G0_only,0,3.6102672758354037e-13,90.0,0.0,computed from source STEP with OCCT 7.9,False
0018__00189430__STEP__Part285,16,G0_only,0,3.610414720920748e-13,90.0,0.0,computed from source STEP with OCCT 7.9,False
0018__00189430__STEP__Part285,17,G0_only,0,4.640426788747049e-13,90.0,0.0,computed from source STEP with OCCT 7.9,False
0018__00189430__STEP__Part285,18,G0_only,0,5.81315322776403e-13,90.0,0.0,computed from source STEP with OCCT 7.9,False
0018__00189430__STEP__Part285,19,G0_only,0,5.625496477872012e-14,90.0,0.0,computed from source STEP with OCCT 7.9,False
0018__00189430__STEP__Part285,20,G0_only,0,5.625705483138316e-14,90.0,0.0,computed from source STEP with OCCT 7.9,False
0018__00189430__STEP__Part285,21,G0_only,0,6.360766355710798e-13,90.0,0.0,computed from source STEP with OCCT 7.9,False
0018__00189430__STEP__Part285,22,G0_only,0,1.2944212559460843e-13,90.0,0.0,computed from source STEP with OCCT 7.9,False
0018__00189430__STEP__Part285,23,G0_only,0,5.626684332390121e-14,90.0,0.0,computed from source STEP with OCCT 7.9,False
0018__00189430__STEP__Part285,24,G0_only,0,5.624309742197341e-14,90.0,0.0,computed from source STEP with OCCT 7.9,False
0019__00190777__STEP__Part52,1,G0_only,0,3.900466108469374e-13,90.0,37.79903739735472,computed from source STEP with OCCT 7.9,False
0019__00190777__STEP__Part52,2,G0_only,0,3.901675339499097e-13,90.0,18.60875687254754,computed from source STEP with OCCT 7.9,False
0019__00190777__STEP__Part52,4,G0_only,0,1.1174851121785398e-14,90.0,18.60875687254754,computed from source STEP with OCCT 7.9,False
0019__00190777__STEP__Part52,5,G0_only,0,5.525520991036228e-15,90.0,37.79903739735472,computed from source STEP with OCCT 7.9,False
0019__00191300__STEP__Part16,1,G0_only,0,1.642349090015424e-11,89.99999999970761,22.474452362279933,computed from source STEP with OCCT 7.9,False
0019__00191300__STEP__Part16,3,G0_only,0,4.743197702127782e-12,86.59137496109018,24.435995526469732,computed from source STEP with OCCT 7.9,False
0019__00191300__STEP__Part16,4,G0_only,0,3.009398085333416e-13,89.99999999970761,21.556654420942255,computed from source STEP with OCCT 7.9,False
0019__00191300__STEP__Part16,6,G0_only,0,1.0102378390853136e-11,86.59137496109018,23.326331934159874,computed from source STEP with OCCT 7.9,False
0019__00191775__STEP__Part5,1,G0_only,0,6.526448184669951e-08,90.0,95.58193873691563,computed from source STEP with OCCT 7.9,False
0019__00191775__STEP__Part5,2,G0_only,0,6.95802402474308e-09,90.0,95.58193873691562,computed from source STEP with OCCT 7.9,False
0019__00191775__STEP__Part5,3,G0_only,0,8.20886969123257e-13,30.000000002085034,0.0,computed from source STEP with OCCT 7.9,False
0019__00191775__STEP__Part5,4,G0_only,0,5.996975494120925e-12,90.0,0.0,computed from source STEP with OCCT 7.9,False
0019__00191775__STEP__Part5,5,G0_only,0,9.733840159329258e-11,25.381112034348178,0.9703004662618605,computed from source STEP with OCCT 7.9,False
0019__00191775__STEP__Part5,6,G0_only,0,5.222234086638497e-12,90.0,0.0,computed from source STEP with OCCT 7.9,False
0019__00191775__STEP__Part5,7,G0_only,0,6.9578439281045565e-09,90.0,95.58193873691562,computed from source STEP with OCCT 7.9,False
0019__00191775__STEP__Part5,8,G0_only,0,6.526394004352495e-08,90.0,95.58193873691563,computed from source STEP with OCCT 7.9,False
0019__00191775__STEP__Part5,9,G0_only,0,6.616346312059545e-08,90.0,0.9703004662675099,computed from source STEP with OCCT 7.9,False
0019__00191775__STEP__Part5,10,G0_fail,0,1.4800169863814177e-06,90.0,7.077534647112231,computed from source STEP with OCCT 7.9,False
0019__00191775__STEP__Part5,11,G0_fail,0,8.976953450681581e-07,90.0,54.61825070531739,computed from source STEP with OCCT 7.9,False
0019__00191775__STEP__Part5,12,G0_fail,0,1.7922686071210395e-07,90.0,54.61825070531738,computed from source STEP with OCCT 7.9,False
0019__00191775__STEP__Part5,13,G0_fail,0,8.976948880620564e-07,90.0,54.618250705317394,computed from source STEP with OCCT 7.9,False
0019__00191775__STEP__Part5,14,G0_fail,0,4.6014038291044713e-07,90.0,7.07753464746287,computed from source STEP with OCCT 7.9,False
0019__00191775__STEP__Part5,15,G0_fail,0,8.996801229235738e-07,90.0,7.077534647462869,computed from source STEP with OCCT 7.9,False
0019__00191775__STEP__Part5,16,G0_only,0,6.61625553314774e-08,90.0,0.9703004662618606,computed from source STEP with OCCT 7.9,False
0019__00191775__STEP__Part5,17,G0_only,0,6.697147489113716e-12,90.0,0.0,computed from source STEP with OCCT 7.9,False
0019__00191775__STEP__Part5,18,G0_fail,0,1.7922665438251572e-07,90.0,54.61825070531739,computed from source STEP with OCCT 7.9,False
0019__00191775__STEP__Part5,20,G1_only,1,1.3932876810802817e-12,1.8050248306029317e-07,47.5407160578545,computed from source STEP with OCCT 7.9,False
0019__00191775__STEP__Part5,21,G0_only,0,3.972069667147362e-09,90.0,54.61825070531739,computed from source STEP with OCCT 7.9,False
0019__00191775__STEP__Part5,22,G1_only,1,2.004917866159611e-12,6.340568068572269e-08,47.54071605820514,computed from source STEP with OCCT 7.9,False
0019__00191775__STEP__Part5,23,G0_fail,0,1.7922632530623431e-07,90.0,54.6182507053174,computed from source STEP with OCCT 7.9,False
0019__00191775__STEP__Part5,24,G0_only,0,9.768175442400836e-12,25.381112010892426,0.9703004662675099,computed from source STEP with OCCT 7.9,False
0019__00191775__STEP__Part5,25,G0_fail,0,5.195138567895667e-07,90.0,0.9703004662675099,computed from source STEP with OCCT 7.9,False
0019__00191775__STEP__Part5,26,G1_only,1,4.28430580026875e-12,1.8383057413176575e-08,6.10723418084472,computed from source STEP with OCCT 7.9,False
0019__00191775__STEP__Part5,27,G1_only,1,2.584503533431922e-12,7.204551832865103e-08,6.10723418120101,computed from source STEP with OCCT 7.9,False
0019__00191775__STEP__Part5,28,G0_fail,0,5.197190591683193e-07,90.0,0.9703004662618607,computed from source STEP with OCCT 7.9,False
0019__00191775__STEP__Part5,29,G0_only,0,6.526448022299175e-08,90.0,95.58193873691562,computed from source STEP with OCCT 7.9,False
0019__00191775__STEP__Part5,30,G0_only,0,6.958027494190032e-09,90.0,95.58193873691563,computed from source STEP with OCCT 7.9,False
0019__00191775__STEP__Part5,31,G0_only,0,6.526393842519022e-08,90.0,95.58193873691562,computed from source STEP with OCCT 7.9,False
0019__00191775__STEP__Part5,32,G0_only,0,6.957847486366857e-09,90.0,95.58193873691563,computed from source STEP with OCCT 7.9,False
0019__00191775__STEP__Part5,34,G0_only,0,7.200785392127965e-12,90.0,7.0775346471122305,computed from source STEP with OCCT 7.9,False
0019__00191775__STEP__Part5,35,G0_only,0,5.9223792720529954e-12,90.0,0.0,computed from source STEP with OCCT 7.9,False
0019__00191775__STEP__Part5,36,G0_fail,0,4.479942604232639e-07,90.0,7.077534647462871,computed from source STEP with OCCT 7.9,False
0019__00191775__STEP__Part5,37,G0_only,0,1.6082578237161864e-12,90.0,7.07753464746287,computed from source STEP with OCCT 7.9,False
0019__00192331__STEP__Part8,1,G0_only,0,9.714838672814893e-17,90.0,0.0,computed from source STEP with OCCT 7.9,False
0019__00192331__STEP__Part8,2,G0_only,0,1.3946465768888515e-17,90.0,0.0,computed from source STEP with OCCT 7.9,False
0019__00192331__STEP__Part8,3,G0_only,0,4.85722573273506e-17,89.99999999999997,0.0,computed from source STEP with OCCT 7.9,False
0019__00192331__STEP__Part8,4,G0_only,0,2.0816681711721685e-17,90.0,0.0,computed from source STEP with OCCT 7.9,False
0019__00192331__STEP__Part8,5,G0_only,0,2.6371719057427165e-16,89.99999999999999,0.0,computed from source STEP with OCCT 7.9,False
0019__00192331__STEP__Part8,6,G0_only,0,1.3946465768888515e-17,90.0,0.0,computed from source STEP with OCCT 7.9,False
0019__00192331__STEP__Part8,7,G0_only,0,1.0408702250310904e-16,90.0,0.0,computed from source STEP with OCCT 7.9,False
0019__00192331__STEP__Part8,8,G0_only,0,6.938893903907228e-18,90.0,0.0,computed from source STEP with OCCT 7.9,False
0019__00192331__STEP__Part8,9,G0_only,0,1.0408400500926647e-16,90.0,0.0,computed from source STEP with OCCT 7.9,False
0019__00192331__STEP__Part8,10,G0_only,0,2.775781222188989e-17,89.99999999999999,0.0,computed from source STEP with OCCT 7.9,False
0019__00192331__STEP__Part8,11,G0_only,0,2.78810703565272e-17,90.0,0.0,computed from source STEP with OCCT 7.9,False
0019__00192331__STEP__Part8,12,G0_only,0,3.001828413756821e-17,90.0,0.0,computed from source STEP with OCCT 7.9,False
0019__00192331__STEP__Part8,13,G0_only,0,2.7789978243225556e-17,90.0,0.0,computed from source STEP with OCCT 7.9,False
0019__00192331__STEP__Part8,14,G0_only,0,2.775781222188989e-17,89.99999999999999,0.0,computed from source STEP with OCCT 7.9,False
0019__00192331__STEP__Part8,15,G0_only,0,0.0,89.99999999999999,0.0,computed from source STEP with OCCT 7.9,False
0019__00192331__STEP__Part8,16,G0_only,0,6.952433221959954e-18,90.0,0.0,computed from source STEP with OCCT 7.9,False
0019__00192331__STEP__Part8,17,G0_only,0,4.336808689942018e-19,90.0,0.0,computed from source STEP with OCCT 7.9,False
0019__00192331__STEP__Part8,18,G0_only,0,0.0,89.99999999999999,0.0,computed from source STEP with OCCT 7.9,False
0019__00192331__STEP__Part8,19,G0_only,0,1.1102230246251565e-16,90.0,0.0,computed from source STEP with OCCT 7.9,False
0019__00192331__STEP__Part8,20,G0_only,0,2.784678026669446e-17,90.0,0.0,computed from source STEP with OCCT 7.9,False
0019__00192331__STEP__Part8,21,G0_only,0,4.7005567773230524e-17,89.99999999999999,0.0,computed from source STEP with OCCT 7.9,False
0019__00192331__STEP__Part8,22,G0_only,0,2.998643809390712e-17,90.0,0.0,computed from source STEP with OCCT 7.9,False
0019__00192331__STEP__Part8,23,G0_only,0,2.591825289189426e-16,89.99999999999997,0.0,computed from source STEP with OCCT 7.9,False
0019__00192331__STEP__Part8,24,G0_only,0,2.7755575615628914e-17,90.0,0.0,computed from source STEP with OCCT 7.9,False
0019__00193384__STEP__Part151,1,G0_only,0,1.2212453270876722e-15,90.0,173.63954556739947,computed from source STEP with OCCT 7.9,False
0019__00193384__STEP__Part151,2,G0_only,0,6.684427777288335e-16,90.0,321.35169892096724,computed from source STEP with OCCT 7.9,False
0019__00193384__STEP__Part151,3,G0_only,0,0.0,90.0,0.0,computed from source STEP with OCCT 7.9,False
0019__00193384__STEP__Part151,4,G0_only,0,0.0,90.0,0.0,computed from source STEP with OCCT 7.9,False
0019__00193384__STEP__Part151,5,G0_only,0,0.0,90.0,0.0,computed from source STEP with OCCT 7.9,False
0019__00193384__STEP__Part151,6,G0_only,0,0.0,90.0,0.0,computed from source STEP with OCCT 7.9,False
0019__00193384__STEP__Part151,7,G0_only,0,0.0,90.0,0.0,computed from source STEP with OCCT 7.9,False
0019__00193384__STEP__Part151,8,G0_only,0,0.0,90.0,0.0,computed from source STEP with OCCT 7.9,False
0019__00193384__STEP__Part151,9,G0_only,0,3.077276151597037e-19,90.0,0.0,computed from source STEP with OCCT 7.9,False
0019__00193384__STEP__Part151,10,G0_only,0,0.0,90.0,0.0,computed from source STEP with OCCT 7.9,False
0019__00193384__STEP__Part151,11,G0_only,0,3.077276151597037e-19,90.0,0.0,computed from source STEP with OCCT 7.9,False
0019__00193384__STEP__Part151,12,G0_only,0,1.553847003534846e-15,90.0,173.63954556739947,computed from source STEP with OCCT 7.9,False
0019__00193384__STEP__Part151,13,G0_only,0,1.1703914339051628e-15,90.0,321.35169892096724,computed from source STEP with OCCT 7.9,False
0019__00193384__STEP__Part151,14,G0_only,0,3.077276151597037e-19,90.0,0.0,computed from source STEP with OCCT 7.9,False
0019__00193384__STEP__Part151,15,G0_only,0,3.077276151597037e-19,90.0,0.0,computed from source STEP with OCCT 7.9,False
0019__00193384__STEP__Part151,16,G0_only,0,0.0,90.0,0.0,computed from source STEP with OCCT 7.9,False
0019__00193384__STEP__Part296,1,G0_only,0,1.2212453270876722e-15,90.0,173.63954556739947,computed from source STEP with OCCT 7.9,False
0019__00193384__STEP__Part296,2,G0_only,0,6.661338147750939e-16,90.0,321.35169892096724,computed from source STEP with OCCT 7.9,False
0019__00193384__STEP__Part296,3,G0_only,0,0.0,90.0,0.0,computed from source STEP with OCCT 7.9,False
0019__00193384__STEP__Part296,4,G0_only,0,0.0,90.0,0.0,computed from source STEP with OCCT 7.9,False
0019__00193384__STEP__Part296,5,G0_only,0,0.0,90.0,0.0,computed from source STEP with OCCT 7.9,False
0019__00193384__STEP__Part296,6,G0_only,0,0.0,90.0,0.0,computed from source STEP with OCCT 7.9,False
0019__00193384__STEP__Part296,7,G0_only,0,0.0,90.0,0.0,computed from source STEP with OCCT 7.9,False
0019__00193384__STEP__Part296,8,G0_only,0,0.0,90.0,0.0,computed from source STEP with OCCT 7.9,False
0019__00193384__STEP__Part296,9,G0_only,0,3.077276151597037e-19,90.0,0.0,computed from source STEP with OCCT 7.9,False
0019__00193384__STEP__Part296,10,G0_only,0,0.0,90.0,0.0,computed from source STEP with OCCT 7.9,False
0019__00193384__STEP__Part296,11,G0_only,0,3.077276151597037e-19,90.0,0.0,computed from source STEP with OCCT 7.9,False
0019__00193384__STEP__Part296,12,G0_only,0,1.553847003534846e-15,90.0,173.63954556739947,computed from source STEP with OCCT 7.9,False
0019__00193384__STEP__Part296,13,G0_only,0,1.169074257969768e-15,90.0,321.35169892096724,computed from source STEP with OCCT 7.9,False
0019__00193384__STEP__Part296,14,G0_only,0,3.077276151597037e-19,90.0,0.0,computed from source STEP with OCCT 7.9,False
0019__00193384__STEP__Part296,15,G0_only,0,3.077276151597037e-19,90.0,0.0,computed from source STEP with OCCT 7.9,False
0019__00193384__STEP__Part296,16,G0_only,0,0.0,90.0,0.0,computed from source STEP with OCCT 7.9,False
0019__00193384__STEP__Part389,1,G0_only,0,1.2212453270876722e-15,90.0,173.63954556739947,computed from source STEP with OCCT 7.9,False
0019__00193384__STEP__Part389,2,G0_only,0,6.684427777288335e-16,90.0,321.35169892096724,computed from source STEP with OCCT 7.9,False
0019__00193384__STEP__Part389,3,G0_only,0,0.0,90.0,0.0,computed from source STEP with OCCT 7.9,False
0019__00193384__STEP__Part389,4,G0_only,0,0.0,90.0,0.0,computed from source STEP with OCCT 7.9,False
0019__00193384__STEP__Part389,5,G0_only,0,0.0,90.0,0.0,computed from source STEP with OCCT 7.9,False
0019__00193384__STEP__Part389,6,G0_only,0,0.0,90.0,0.0,computed from source STEP with OCCT 7.9,False
0019__00193384__STEP__Part389,7,G0_only,0,0.0,90.0,0.0,computed from source STEP with OCCT 7.9,False
0019__00193384__STEP__Part389,8,G0_only,0,0.0,90.0,0.0,computed from source STEP with OCCT 7.9,False
0019__00193384__STEP__Part389,9,G0_only,0,3.077276151597037e-19,90.0,0.0,computed from source STEP with OCCT 7.9,False
0019__00193384__STEP__Part389,10,G0_only,0,0.0,90.0,0.0,computed from source STEP with OCCT 7.9,False
0019__00193384__STEP__Part389,11,G0_only,0,3.077276151597037e-19,90.0,0.0,computed from source STEP with OCCT 7.9,False
0019__00193384__STEP__Part389,12,G0_only,0,1.553847003534846e-15,90.0,173.63954556739947,computed from source STEP with OCCT 7.9,False
0019__00193384__STEP__Part389,13,G0_only,0,1.1703914339051628e-15,90.0,321.35169892096724,computed from source STEP with OCCT 7.9,False
0019__00193384__STEP__Part389,14,G0_only,0,3.077276151597037e-19,90.0,0.0,computed from source STEP with OCCT 7.9,False
0019__00193384__STEP__Part389,15,G0_only,0,3.077276151597037e-19,90.0,0.0,computed from source STEP with OCCT 7.9,False
0019__00193384__STEP__Part389,16,G0_only,0,0.0,90.0,0.0,computed from source STEP with OCCT 7.9,False
0019__00193469__STEP__Part188,1,G0_only,0,2.9927233018819184e-15,90.0,66.58051000087936,computed from source STEP with OCCT 7.9,False
0019__00193469__STEP__Part188,2,G0_only,0,1.110232773728287e-13,90.0,22.193503333628428,computed from source STEP with OCCT 7.9,False
0019__00193469__STEP__Part188,3,G1_only,1,2.085093282623508e-13,4.507178582861094e-11,177.54802666903626,computed from source STEP with OCCT 7.9,False
0019__00193469__STEP__Part188,5,G1_only,1,2.090030524026657e-13,2.7687056302107718e-11,199.74153000266466,computed from source STEP with OCCT 7.9,False
0019__00193469__STEP__Part188,6,G1_only,1,1.8856723461108208e-15,2.65432365360411e-11,133.16102000178532,computed from source STEP with OCCT 7.9,False
0019__00193469__STEP__Part188,7,G1_only,1,1.8856723461108208e-15,2.6514868344309862e-11,133.1610200017853,computed from source STEP with OCCT 7.9,False
0019__00193469__STEP__Part188,9,G1_only,1,1.2212723898022507e-15,2.7687056302107718e-11,199.74153000266466,computed from source STEP with OCCT 7.9,False
0019__00193469__STEP__Part26,1,G0_only,0,2.9913071841373477e-15,90.0,66.58051000087936,computed from source STEP with OCCT 7.9,False
0019__00193469__STEP__Part26,2,G0_only,0,1.110232773728287e-13,90.0,22.193503333628428,computed from source STEP with OCCT 7.9,False
0019__00193469__STEP__Part26,3,G1_only,1,2.085073372906041e-13,4.507178582861094e-11,177.54802666903626,computed from source STEP with OCCT 7.9,False
0019__00193469__STEP__Part26,5,G1_only,1,2.090028575086828e-13,2.7687056302107718e-11,199.74153000266466,computed from source STEP with OCCT 7.9,False
0019__00193469__STEP__Part26,6,G1_only,1,1.883219512737171e-15,2.65432365360411e-11,133.16102000178532,computed from source STEP with OCCT 7.9,False
0019__00193469__STEP__Part26,7,G1_only,1,1.883219512737171e-15,2.6514868344309862e-11,133.1610200017853,computed from source STEP with OCCT 7.9,False
0019__00193469__STEP__Part26,9,G1_only,1,1.2212723898022507e-15,2.7687056302107718e-11,199.74153000266466,computed from source STEP with OCCT 7.9,False
0019__00197725__STEP__Part8,1,G0_only,0,3.469446951953614e-18,90.0,0.0,computed from source STEP with OCCT 7.9,False
0019__00197725__STEP__Part8,2,G0_only,0,0.0,90.0,0.0,computed from source STEP with OCCT 7.9,False
0019__00197725__STEP__Part8,3,G0_only,0,3.469446951953614e-18,90.0,0.0,computed from source STEP with OCCT 7.9,False
0019__00197725__STEP__Part8,4,G0_only,0,3.469446951953614e-18,90.0,0.0,computed from source STEP with OCCT 7.9,False
0019__00197725__STEP__Part8,5,G0_only,0,6.938893903907228e-18,89.99999999999999,0.0,computed from source STEP with OCCT 7.9,False
0019__00197725__STEP__Part8,6,G0_only,0,1.3877787807814457e-17,90.0,0.0,computed from source STEP with OCCT 7.9,False
0019__00197725__STEP__Part8,7,G0_only,0,6.938893903907228e-18,90.0,0.0,computed from source STEP with OCCT 7.9,False
0019__00197725__STEP__Part8,8,G0_only,0,3.469446951953614e-18,90.0,0.0,computed from source STEP with OCCT 7.9,False
0019__00197725__STEP__Part8,9,G0_only,0,6.938893903907228e-18,90.0,0.0,computed from source STEP with OCCT 7.9,False
0019__00197725__STEP__Part8,10,G0_only,0,3.469446951953614e-18,90.0,0.0,computed from source STEP with OCCT 7.9,False
0019__00197725__STEP__Part8,11,G0_only,0,0.0,90.0,0.0,computed from source STEP with OCCT 7.9,False
0019__00197725__STEP__Part8,12,G0_only,0,0.0,90.0,0.0,computed from source STEP with OCCT 7.9,False
0019__00197725__STEP__Part8,13,G0_only,0,0.0,90.0,0.0,computed from source STEP with OCCT 7.9,False
0019__00197725__STEP__Part8,14,G0_only,0,0.0,89.99999999999999,0.0,computed from source STEP with OCCT 7.9,False
0019__00197725__STEP__Part8,15,G0_only,0,1.3877787807814457e-17,90.0,0.0,computed from source STEP with OCCT 7.9,False
0019__00197725__STEP__Part8,16,G0_only,0,0.0,89.99999999999999,0.0,computed from source STEP with OCCT 7.9,False
0019__00197725__STEP__Part8,17,G0_only,0,3.469446951953614e-18,90.0,0.0,computed from source STEP with OCCT 7.9,False
0019__00197725__STEP__Part8,18,G0_only,0,6.938893903907228e-18,89.99999999999999,0.0,computed from source STEP with OCCT 7.9,False
0019__00197725__STEP__Part8,19,G0_only,0,1.4304896245381992e-17,90.0,0.0,computed from source STEP with OCCT 7.9,False
0019__00197725__STEP__Part8,20,G0_only,0,3.469446951953614e-18,90.0,0.0,computed from source STEP with OCCT 7.9,False
0019__00197725__STEP__Part8,21,G0_only,0,2.7755575615628914e-17,90.0,0.0,computed from source STEP with OCCT 7.9,False
0019__00197725__STEP__Part8,22,G0_only,0,2.7755575615628914e-17,90.0,0.0,computed from source STEP with OCCT 7.9,False
0019__00197725__STEP__Part8,23,G0_only,0,0.0,90.0,0.0,computed from source STEP with OCCT 7.9,False
0019__00197725__STEP__Part8,24,G0_only,0,1.3877787807814457e-17,90.0,0.0,computed from source STEP with OCCT 7.9,False
0019__00199248__STEP__Part2,1,G0_only,0,5.611937690961183e-17,90.0,0.0,computed from source STEP with OCCT 7.9,False
0019__00199248__STEP__Part2,2,G0_only,0,6.72813217787523e-13,88.08459349774878,0.0,computed from source STEP with OCCT 7.9,False
0019__00199248__STEP__Part2,3,G0_only,0,5.611937690961183e-17,90.0,0.0,computed from source STEP with OCCT 7.9,False
0019__00199248__STEP__Part2,4,G0_only,0,3.2601920180154537e-12,80.93697082759827,0.7125837218911194,computed from source STEP with OCCT 7.9,False
0019__00199248__STEP__Part2,5,G0_only,0,3.6657486433696064e-13,90.0,0.7125837218911196,computed from source STEP with OCCT 7.9,False
0019__00199248__STEP__Part2,6,G0_only,0,4.163336342344337e-17,90.0,0.0,computed from source STEP with OCCT 7.9,False
0019__00199248__STEP__Part2,7,G0_only,0,6.059128614320848e-17,90.0,0.0,computed from source STEP with OCCT 7.9,False
0019__00199248__STEP__Part2,8,G0_only,0,4.163336342344337e-17,90.0,0.0,computed from source STEP with OCCT 7.9,False
0019__00199248__STEP__Part2,9,G0_only,0,4.1301180670913306e-13,88.08459349774878,0.0,computed from source STEP with OCCT 7.9,False
0019__00199248__STEP__Part2,10,G0_only,0,2.8425999948655292e-12,81.41289336665555,0.7125837218911195,computed from source STEP with OCCT 7.9,False
0019__00199248__STEP__Part2,11,G0_only,0,4.901329529349297e-13,90.0,0.7125837218911196,computed from source STEP with OCCT 7.9,False
0019__00199248__STEP__Part2,12,G0_only,0,6.059128614320848e-17,90.0,0.0,computed from source STEP with OCCT 7.9,False
0019__00199263__STEP__Part1,1,G0_only,0,8.118400957288343e-19,90.0,0.0,computed from source STEP with OCCT 7.9,False
0019__00199263__STEP__Part1,2,G0_only,0,7.112184357075984e-14,84.9860757406659,0.0,computed from source STEP with OCCT 7.9,False
0019__00199263__STEP__Part1,3,G0_only,0,0.0,90.0,0.0,computed from source STEP with OCCT 7.9,False
0019__00199263__STEP__Part1,4,G0_only,0,2.3125610541548513e-12,3.1709971634549796,0.4427808139415524,computed from source STEP with OCCT 7.9,False
0019__00199263__STEP__Part1,5,G0_only,0,9.627715291671279e-17,90.0,0.0,computed from source STEP with OCCT 7.9,False
0019__00199263__STEP__Part1,6,G0_only,0,7.314452219341611e-13,90.0,0.48669393330842287,computed from source STEP with OCCT 7.9,False
0019__00199263__STEP__Part1,7,G0_only,0,2.2324981879585998e-13,90.0,0.6435919312916909,computed from source STEP with OCCT 7.9,False
0019__00199263__STEP__Part1,8,G0_only,0,0.0,90.0,0.0,computed from source STEP with OCCT 7.9,False
0019__00199263__STEP__Part1,9,G0_only,0,1.937533934384212e-13,90.0,0.7407378831846861,computed from source STEP with OCCT 7.9,False
0019__00199263__STEP__Part1,10,G0_only,0,6.016376429220942e-13,90.0,0.44278081394155255,computed from source STEP with OCCT 7.9,False
0019__00199263__STEP__Part1,11,G0_only,0,6.016378981629148e-13,90.0,0.44278081394155255,computed from source STEP with OCCT 7.9,False
0019__00199263__STEP__Part1,12,G1_only,1,2.641138792204343e-12,1.1882552289947699e-11,0.2979570692431338,computed from source STEP with OCCT 7.9,False
0019__00199263__STEP__Part1,13,G0_only,0,9.628057570501503e-17,90.0,0.0,computed from source STEP with OCCT 7.9,False
0019__00199263__STEP__Part1,14,G0_only,0,2.440681508919109e-12,81.14860231169669,0.48669393330842287,computed from source STEP with OCCT 7.9,False
0019__00199263__STEP__Part1,15,G1_only,1,2.6444420331842392e-12,1.1882552289947699e-11,0.15689799798326798,computed from source STEP with OCCT 7.9,False
0019__00199263__STEP__Part1,16,G0_only,0,7.314454345150046e-13,90.0,0.48669393330842287,computed from source STEP with OCCT 7.9,False
0019__00199263__STEP__Part1,17,G0_only,0,2.2325051095833592e-13,90.0,0.6435919312916909,computed from source STEP with OCCT 7.9,False
0019__00199263__STEP__Part1,18,G0_only,0,5.755897998426921e-13,89.9999999999743,0.6435919312916907,computed from source STEP with OCCT 7.9,False
0019__00199263__STEP__Part1,19,G0_only,0,8.118400957288343e-19,90.0,0.0,computed from source STEP with OCCT 7.9,False
0019__00199263__STEP__Part1,20,G0_only,0,3.308825143545723e-13,89.9999999999743,0.7407378831846861,computed from source STEP with OCCT 7.9,False
0019__00199263__STEP__Part1,21,G0_only,0,1.9375418600365794e-13,90.0,0.7407378831846861,computed from source STEP with OCCT 7.9,False
0019__00199594__STEP__Part3,1,G0_only,0,3.624172831603236e-14,90.0,0.0,computed from source STEP with OCCT 7.9,False
0019__00199594__STEP__Part3,2,G0_only,0,1.734723475976807e-18,89.99999999999999,0.0,computed from source STEP with OCCT 7.9,False
0019__00199594__STEP__Part3,3,G0_only,0,3.625536975896874e-14,90.0,0.0,computed from source STEP with OCCT 7.9,False
0019__00199594__STEP__Part3,4,G0_only,0,5.204170427930421e-18,89.99999999999999,0.0,computed from source STEP with OCCT 7.9,False
0019__00199594__STEP__Part3,5,G0_only,0,5.298469697570041e-13,90.0,0.0,computed from source STEP with OCCT 7.9,False
0019__00199594__STEP__Part3,6,G0_only,0,0.0,89.99999999999999,0.0,computed from source STEP with OCCT 7.9,False
0019__00199594__STEP__Part3,7,G0_only,0,1.281010573381055e-13,90.0,0.0,computed from source STEP with OCCT 7.9,False
0019__00199594__STEP__Part3,8,G0_only,0,4.564180446367704e-13,90.0,0.0,computed from source STEP with OCCT 7.9,False
0019__00199594__STEP__Part3,9,G0_only,0,1.7807251398448227e-14,90.0,0.0,computed from source STEP with OCCT 7.9,False
0019__00199594__STEP__Part3,10,G0_only,0,0.0,89.99999999999999,0.0,computed from source STEP with OCCT 7.9,False
0019__00199594__STEP__Part3,11,G0_only,0,3.6241727942383105e-14,90.0,0.0,computed from source STEP with OCCT 7.9,False
0019__00199594__STEP__Part3,12,G0_only,0,3.6255369385460065e-14,90.0,0.0,computed from source STEP with OCCT 7.9,False
0019__00199822__STEP__Part7,1,G0_only,0,3.3258470484020693e-13,89.99999999996646,0.0,computed from source STEP with OCCT 7.9,False
0019__00199822__STEP__Part7,2,G0_only,0,1.0438575891848652e-13,89.99999999999102,0.0,computed from source STEP with OCCT 7.9,False
0019__00199822__STEP__Part7,3,G0_only,0,7.068702442343883e-14,89.99999999996588,0.0,computed from source STEP with OCCT 7.9,False
0019__00199822__STEP__Part7,4,G0_only,0,6.382971050972065e-13,89.99999999999102,0.0,computed from source STEP with OCCT 7.9,False
0019__00199822__STEP__Part7,5,G0_only,0,6.308053415544861e-13,89.99999999999102,0.0,computed from source STEP with OCCT 7.9,False
0019__00199822__STEP__Part7,6,G0_only,0,1.1342504622229773e-12,81.87499999997874,0.0,computed from source STEP with OCCT 7.9,False
0019__00199822__STEP__Part7,7,G0_only,0,9.64207331912767e-13,81.87500000002063,0.0,computed from source STEP with OCCT 7.9,False
0019__00199822__STEP__Part7,8,G0_only,0,2.87212831318222e-13,81.87499999997874,0.0,computed from source STEP with OCCT 7.9,False
0019__00199822__STEP__Part7,9,G0_only,0,5.797219739872037e-13,89.99999999999102,0.0,computed from source STEP with OCCT 7.9,False
0019__00199822__STEP__Part7,10,G0_only,0,6.169804908673341e-13,81.87500000002063,0.0,computed from source STEP with OCCT 7.9,False
0019__00199822__STEP__Part7,11,G0_only,0,5.114883520828447e-13,89.99999999996646,0.0,computed from source STEP with OCCT 7.9,False
0019__00199822__STEP__Part7,12,G0_only,0,5.329442119153341e-13,89.99999999996588,0.0,computed from source STEP with OCCT 7.9,False
0019__00199900__STEP__Part90,1,G0_only,0,7.921355943272855e-13,90.0,37.93392704147939,computed from source STEP with OCCT 7.9,False
0019__00199900__STEP__Part90,2,G0_only,0,4.35187599790324e-15,90.0,37.93392704147939,computed from source STEP with OCCT 7.9,False
0020__00201023__STEP__Part62,1,G0_only,0,4.6623203840353274e-08,84.28400439975344,699.0398726083806,computed from source STEP with OCCT 7.9,False
0020__00201023__STEP__Part62,2,G0_only,0,4.690134846187753e-08,84.28355280941571,699.0398726083806,computed from source STEP with OCCT 7.9,False
0020__00201023__STEP__Part62,3,G2,6,2.7755575615628914e-16,2.3700182286394913e-11,2.0446360053878693e-10,computed from source STEP with OCCT 7.9,False
0020__00201023__STEP__Part62,4,G0_only,0,4.466381253130656e-13,90.0,699.0398726083806,computed from source STEP with OCCT 7.9,False
0020__00201023__STEP__Part62,5,G2,6,0.0,0.0,0.0,computed from source STEP with OCCT 7.9,False
0020__00201023__STEP__Part62,6,G0_only,0,7.513736351912206e-09,90.0,1775.561276425192,computed from source STEP with OCCT 7.9,False
0020__00201023__STEP__Part62,7,G2,6,0.0,0.0,0.0,computed from source STEP with OCCT 7.9,False
0020__00201023__STEP__Part62,8,G0_only,0,8.202882897270536e-13,90.0,1775.561276425192,computed from source STEP with OCCT 7.9,False
0020__00201023__STEP__Part62,9,G2,6,1.1102230246251565e-16,2.3700182286394913e-11,5.193375453684914e-10,computed from source STEP with OCCT 7.9,False
0020__00201023__STEP__Part62,10,G0_only,0,4.100762076211856e-13,90.0,699.0398726083806,computed from source STEP with OCCT 7.9,False
0020__00201023__STEP__Part62,11,G2,6,2.7755575615628914e-16,2.3700182286394913e-11,2.0446360053878693e-10,computed from source STEP with OCCT 7.9,False
0020__00201023__STEP__Part62,12,G0_only,0,1.9030854953392347e-08,77.74423451910063,699.0398726083804,computed from source STEP with OCCT 7.9,False
0020__00201023__STEP__Part62,13,G2,6,0.0,0.0,0.0,computed from source STEP with OCCT 7.9,False
0020__00201023__STEP__Part62,14,G0_only,0,0.0,90.0,0.0,computed from source STEP with OCCT 7.9,False
0020__00201023__STEP__Part62,15,G0_only,0,0.0,90.0,0.0,computed from source STEP with OCCT 7.9,False
0020__00201023__STEP__Part62,16,G0_only,0,2.7331844190045447e-15,56.309932474036096,0.0,computed from source STEP with OCCT 7.9,False
0020__00201023__STEP__Part62,17,G0_only,0,0.0,90.0,0.0,computed from source STEP with OCCT 7.9,False
0020__00201023__STEP__Part62,18,G0_only,0,8.473409486550036e-16,56.309932474036096,0.0,computed from source STEP with OCCT 7.9,False
0020__00201023__STEP__Part62,19,G0_only,0,0.0,90.0,0.0,computed from source STEP with OCCT 7.9,False
0020__00201023__STEP__Part62,20,G0_only,0,0.0,90.0,0.0,computed from source STEP with OCCT 7.9,False
0020__00201023__STEP__Part62,21,G0_only,0,0.0,90.0,0.0,computed from source STEP with OCCT 7.9,False
0020__00201023__STEP__Part62,22,G0_only,0,7.514102041626648e-09,90.0,1775.561276425192,computed from source STEP with OCCT 7.9,False
0020__00201023__STEP__Part62,23,G2,6,0.0,0.0,0.0,computed from source STEP with OCCT 7.9,False
0020__00201023__STEP__Part62,24,G0_only,0,7.514101981185092e-09,90.0,1775.561276425192,computed from source STEP with OCCT 7.9,False
0020__00201023__STEP__Part62,25,G2,6,1.1102230246251565e-16,2.3700182286394913e-11,5.193375453684914e-10,computed from source STEP with OCCT 7.9,False
0020__00201023__STEP__Part62,26,G0_only,0,2.278663452567752e-15,90.0,0.0,computed from source STEP with OCCT 7.9,False
0020__00201023__STEP__Part62,27,G0_only,0,2.278663452567752e-15,89.99999999999999,0.0,computed from source STEP with OCCT 7.9,False
0020__00201023__STEP__Part62,28,G0_only,0,6.390033262083852e-09,78.65772763201795,699.0398726083804,computed from source STEP with OCCT 7.9,False
0020__00201023__STEP__Part62,29,G0_only,0,2.801498337775017e-10,83.78747656166502,699.0398726083806,computed from source STEP with OCCT 7.9,False
0020__00201023__STEP__Part62,30,G0_only,0,1.1318983063700651e-08,83.78759001430089,699.0398726083806,computed from source STEP with OCCT 7.9,False
0020__00201023__STEP__Part62,31,G0_only,0,4.459776919240337e-13,90.0,699.0398726083806,computed from source STEP with OCCT 7.9,False
0020__00201023__STEP__Part62,32,G0_only,0,7.514102029450963e-09,90.0,1775.5612764251919,computed from source STEP with OCCT 7.9,False
0020__00201023__STEP__Part62,33,G0_only,0,7.514101981185092e-09,90.0,1775.5612764251919,computed from source STEP with OCCT 7.9,False
0020__00201023__STEP__Part62,34,G0_only,0,0.0,90.0,0.0,computed from source STEP with OCCT 7.9,False
0020__00201023__STEP__Part62,35,G0_only,0,0.0,90.0,0.0,computed from source STEP with OCCT 7.9,False
0020__00201023__STEP__Part62,36,G0_only,0,1.0337063459896163e-12,90.0,699.0398726083806,computed from source STEP with OCCT 7.9,False
0020__00201023__STEP__Part62,37,G0_only,0,7.514101981185092e-09,90.0,1775.5612764251919,computed from source STEP with OCCT 7.9,False
0020__00201023__STEP__Part62,38,G0_only,0,7.514102029450963e-09,90.0,1775.5612764251919,computed from source STEP with OCCT 7.9,False
0020__00201664__STEP__Part68,1,G0_only,0,3.497202527569243e-15,90.0,0.0,computed from source STEP with OCCT 7.9,False
0020__00201664__STEP__Part68,2,G0_only,0,0.0,89.99999999999999,0.0,computed from source STEP with OCCT 7.9,False
0020__00201664__STEP__Part68,3,G0_only,0,6.494804694057166e-15,90.0,0.0,computed from source STEP with OCCT 7.9,False
0020__00201664__STEP__Part68,4,G0_only,0,0.0,89.99999999999999,0.0,computed from source STEP with OCCT 7.9,False
0020__00201664__STEP__Part68,5,G0_only,0,0.0,90.0,0.0,computed from source STEP with OCCT 7.9,False
0020__00201664__STEP__Part68,6,G0_only,0,3.497202527569243e-15,90.0,0.0,computed from source STEP with OCCT 7.9,False
0020__00201664__STEP__Part68,7,G0_only,0,0.0,90.0,0.0,computed from source STEP with OCCT 7.9,False
0020__00201664__STEP__Part68,8,G0_only,0,6.494804694057166e-15,90.0,0.0,computed from source STEP with OCCT 7.9,False
0020__00201664__STEP__Part68,9,G0_only,0,3.497202527569243e-15,90.0,0.0,computed from source STEP with OCCT 7.9,False
0020__00201664__STEP__Part68,10,G0_only,0,3.497202527569243e-15,90.0,0.0,computed from source STEP with OCCT 7.9,False
0020__00201664__STEP__Part68,11,G0_only,0,3.497202527569243e-15,90.0,0.0,computed from source STEP with OCCT 7.9,False
0020__00201664__STEP__Part68,12,G0_only,0,3.497202527569243e-15,90.0,0.0,computed from source STEP with OCCT 7.9,False
0020__00201664__STEP__Part68,13,G0_only,0,3.497202527569243e-15,90.0,0.0,computed from source STEP with OCCT 7.9,False
0020__00201664__STEP__Part68,14,G0_only,0,3.497202527569243e-15,90.0,0.0,computed from source STEP with OCCT 7.9,False
0020__00201664__STEP__Part68,15,G0_only,0,6.494804694057166e-15,90.0,0.0,computed from source STEP with OCCT 7.9,False
0020__00201664__STEP__Part68,16,G0_only,0,0.0,89.99999999999999,0.0,computed from source STEP with OCCT 7.9,False
0020__00201664__STEP__Part68,17,G0_only,0,0.0,90.0,0.0,computed from source STEP with OCCT 7.9,False
0020__00201664__STEP__Part68,18,G0_only,0,6.494804694057166e-15,90.0,0.0,computed from source STEP with OCCT 7.9,False
0020__00201664__STEP__Part68,19,G0_only,0,6.494804694057166e-15,90.0,0.0,computed from source STEP with OCCT 7.9,False
0020__00201664__STEP__Part68,20,G0_only,0,0.0,90.0,0.0,computed from source STEP with OCCT 7.9,False
0020__00201664__STEP__Part68,21,G0_only,0,6.494804694057166e-15,90.0,0.0,computed from source STEP with OCCT 7.9,False
0020__00201664__STEP__Part68,22,G0_only,0,0.0,89.99999999999999,0.0,computed from source STEP with OCCT 7.9,False
0020__00201664__STEP__Part68,23,G0_only,0,6.494804694057166e-15,90.0,0.0,computed from source STEP with OCCT 7.9,False
0020__00201664__STEP__Part68,24,G0_only,0,6.494804694057166e-15,90.0,0.0,computed from source STEP with OCCT 7.9,False
0020__00201840__STEP__Part1,1,G0_only,0,4.737556289452023e-18,90.0,0.0,computed from source STEP with OCCT 7.9,False
0020__00201840__STEP__Part1,2,G0_only,0,3.22604672057089e-18,90.0,0.0,computed from source STEP with OCCT 7.9,False
0020__00201840__STEP__Part1,3,G0_only,0,3.22604672057089e-18,90.0,0.0,computed from source STEP with OCCT 7.9,False
0020__00201840__STEP__Part1,4,G0_only,0,3.540286213113386e-17,90.0,0.0,computed from source STEP with OCCT 7.9,False
0020__00201840__STEP__Part1,5,G0_only,0,1.214306433183765e-16,90.0,0.0,computed from source STEP with OCCT 7.9,False
0020__00201840__STEP__Part1,6,G0_only,0,0.0,90.0,0.0,computed from source STEP with OCCT 7.9,False
0020__00201840__STEP__Part1,7,G0_only,0,1.249000902703301e-16,90.0,0.0,computed from source STEP with OCCT 7.9,False
0020__00201840__STEP__Part1,8,G0_only,0,1.2411432965868774e-16,90.0,0.0,computed from source STEP with OCCT 7.9,False
0020__00201840__STEP__Part1,9,G0_only,0,1.2728601783915662e-16,90.0,0.0,computed from source STEP with OCCT 7.9,False
0020__00201840__STEP__Part1,10,G0_only,0,2.5527727263949405e-17,90.0,0.0,computed from source STEP with OCCT 7.9,False
0020__00201840__STEP__Part1,11,G0_only,0,3.122502256758253e-17,90.0,0.0,computed from source STEP with OCCT 7.9,False
0020__00201840__STEP__Part1,12,G0_only,0,0.0,90.0,0.0,computed from source STEP with OCCT 7.9,False
0020__00201840__STEP__Part1,13,G0_only,0,2.7755575615628914e-17,90.0,0.0,computed from source STEP with OCCT 7.9,False
0020__00201840__STEP__Part1,14,G0_only,0,0.0,90.0,0.0,computed from source STEP with OCCT 7.9,False
0020__00201840__STEP__Part1,15,G0_only,0,4.85722573273506e-17,90.0,0.0,computed from source STEP with OCCT 7.9,False
0020__00201840__STEP__Part1,16,G0_only,0,4.85722573273506e-17,90.0,0.0,computed from source STEP with OCCT 7.9,False
0020__00201840__STEP__Part1,17,G0_only,0,7.632783294297951e-17,90.0,0.0,computed from source STEP with OCCT 7.9,False
0020__00201840__STEP__Part1,18,G0_only,0,7.632783294297951e-17,90.0,0.0,computed from source STEP with OCCT 7.9,False
0020__00202013__STEP__Part8,1,G0_only,0,7.693453047550498e-15,90.0,43.33333346666134,computed from source STEP with OCCT 7.9,False
0020__00202013__STEP__Part8,2,G0_only,0,5.14220261798959e-15,90.0,65.00000020000047,computed from source STEP with OCCT 7.9,False
0020__00202013__STEP__Part8,3,G0_only,0,7.844837880798218e-15,90.0,43.33333346666134,computed from source STEP with OCCT 7.9,False
0020__00202013__STEP__Part8,4,G0_only,0,5.366051560095339e-15,90.0,65.00000020000047,computed from source STEP with OCCT 7.9,False
0020__00204421__STEP__Part60,1,G0_only,0,5.766779465701546e-13,90.0,42.99554849265232,computed from source STEP with OCCT 7.9,False
0020__00204421__STEP__Part60,3,G0_only,0,7.181959742200689e-13,90.0,42.99554849265232,computed from source STEP with OCCT 7.9,False
0020__00204421__STEP__Part60,4,G0_only,0,6.86914421141325e-13,90.0,42.99554849265231,computed from source STEP with OCCT 7.9,False
0020__00204421__STEP__Part60,5,G0_only,0,6.740435132240442e-13,90.0,18.273108109373307,computed from source STEP with OCCT 7.9,False
0020__00204421__STEP__Part60,6,G0_only,0,5.541963227005329e-13,90.0,18.273108109373307,computed from source STEP with OCCT 7.9,False
0020__00204421__STEP__Part60,8,G0_only,0,6.832351641691756e-13,90.0,18.273108109373307,computed from source STEP with OCCT 7.9,False
0020__00205318__STEP__Part1,3,G0_only,0,6.604543103583308e-10,22.97021541726951,1.0416666772526044,computed from source STEP with OCCT 7.9,False
0020__00205318__STEP__Part1,4,G0_only,0,6.604543290137312e-10,22.97021541726951,1.0416666772526044,computed from source STEP with OCCT 7.9,False
0020__00205318__STEP__Part1,5,G0_only,0,4.221743652114153e-10,67.4999999999269,1.7030327993048286,computed from source STEP with OCCT 7.9,False
0020__00205318__STEP__Part1,7,G0_only,0,1.0974230603701392e-09,67.4999999999269,1.5771610300429915,computed from source STEP with OCCT 7.9,False
0020__00205318__STEP__Part1,9,G0_only,0,3.1508131394857345e-13,22.50000000007309,1.0000000101620001,computed from source STEP with OCCT 7.9,False
0020__00205505__STEP__Part2411,1,G0_only,0,0.0,90.0,0.0,computed from source STEP with OCCT 7.9,False
0020__00205505__STEP__Part2411,2,G0_only,0,0.0,90.0,0.0,computed from source STEP with OCCT 7.9,False
0020__00205505__STEP__Part2411,3,G0_only,0,0.0,90.0,0.0,computed from source STEP with OCCT 7.9,False
0020__00205505__STEP__Part2411,4,G0_only,0,0.0,90.0,0.0,computed from source STEP with OCCT 7.9,False
0020__00205505__STEP__Part2411,5,G0_only,0,0.0,90.0,0.0,computed from source STEP with OCCT 7.9,False
0020__00205505__STEP__Part2411,6,G0_only,0,0.0,90.0,0.0,computed from source STEP with OCCT 7.9,False
0020__00205505__STEP__Part2411,7,G0_only,0,0.0,90.0,0.0,computed from source STEP with OCCT 7.9,False
0020__00205505__STEP__Part2411,8,G0_only,0,0.0,90.0,0.0,computed from source STEP with OCCT 7.9,False
0020__00205505__STEP__Part2411,9,G0_only,0,0.0,90.0,0.0,computed from source STEP with OCCT 7.9,False
0020__00205505__STEP__Part2411,10,G0_only,0,0.0,90.0,0.0,computed from source STEP with OCCT 7.9,False
0020__00205505__STEP__Part2411,11,G0_only,0,4.851143739365785e-13,90.0,0.0,computed from source STEP with OCCT 7.9,False
0020__00205505__STEP__Part2411,12,G0_only,0,1.5306919877329622e-13,20.05177595544878,0.0,computed from source STEP with OCCT 7.9,False
0020__00205505__STEP__Part2411,13,G0_only,0,0.0,55.91198057663903,0.0,computed from source STEP with OCCT 7.9,False
0020__00205505__STEP__Part2411,14,G0_only,0,7.563949466771192e-13,89.99808622172671,0.0,computed from source STEP with OCCT 7.9,False
0020__00205505__STEP__Part2411,15,G0_only,0,0.0,75.96567031036108,0.0,computed from source STEP with OCCT 7.9,False
0020__00205505__STEP__Part2671,1,G0_only,0,1.7477483221450717e-15,90.0,0.0,computed from source STEP with OCCT 7.9,False
0020__00205505__STEP__Part2671,2,G0_only,0,0.0,90.0,0.0,computed from source STEP with OCCT 7.9,False
0020__00205505__STEP__Part2671,3,G0_only,0,2.609764489832976e-16,90.0,0.0,computed from source STEP with OCCT 7.9,False
0020__00205505__STEP__Part2671,4,G0_only,0,0.0,90.0,0.0,computed from source STEP with OCCT 7.9,False
0020__00205505__STEP__Part2671,5,G0_only,0,4.7161266446194423e-14,89.99999999999974,0.0,computed from source STEP with OCCT 7.9,False
0020__00205505__STEP__Part2671,6,G0_only,0,0.0,90.0,0.0,computed from source STEP with OCCT 7.9,False
0020__00205505__STEP__Part2671,7,G0_only,0,2.609764489832976e-16,89.99999999999974,0.0,computed from source STEP with OCCT 7.9,False
0020__00205505__STEP__Part2671,8,G0_only,0,4.718658468983712e-14,89.99999999999974,0.0,computed from source STEP with OCCT 7.9,False
0020__00205505__STEP__Part2671,9,G0_only,0,4.458239333260394e-16,89.99999999999974,0.0,computed from source STEP with OCCT 7.9,False
0020__00205505__STEP__Part2671,10,G0_only,0,0.0,90.0,0.0,computed from source STEP with OCCT 7.9,False
0020__00205505__STEP__Part2671,11,G0_only,0,2.609764489832976e-16,90.0,0.0,computed from source STEP with OCCT 7.9,False
0020__00205505__STEP__Part2671,12,G0_only,0,1.27675647831893e-15,89.99999999999974,0.0,computed from source STEP with OCCT 7.9,False
0020__00205505__STEP__Part2671,13,G0_only,0,1.27675647831893e-15,90.0,0.0,computed from source STEP with OCCT 7.9,False
0020__00205505__STEP__Part2671,14,G0_only,0,1.2663481374630692e-15,89.99999999999974,0.0,computed from source STEP with OCCT 7.9,False
0020__00205505__STEP__Part2671,15,G0_only,0,1.27675647831893e-15,90.0,0.0,computed from source STEP with OCCT 7.9,False
0020__00205505__STEP__Part2671,16,G0_only,0,1.7477483221450717e-15,90.0,0.0,computed from source STEP with OCCT 7.9,False
0020__00205505__STEP__Part2671,17,G0_only,0,1.7503359872605984e-15,90.0,0.0,computed from source STEP with OCCT 7.9,False
0020__00205505__STEP__Part2671,18,G0_only,0,9.528505409067377e-13,89.99999999999974,0.0,computed from source STEP with OCCT 7.9,False
0020__00205505__STEP__Part2671,19,G0_only,0,1.7503359872605984e-15,90.0,0.0,computed from source STEP with OCCT 7.9,False
0020__00205505__STEP__Part2671,20,G0_only,0,4.713467951120799e-14,89.99999999999974,0.0,computed from source STEP with OCCT 7.9,False
0020__00205505__STEP__Part2671,21,G0_only,0,0.0,90.0,0.0,computed from source STEP with OCCT 7.9,False
0020__00205505__STEP__Part2671,22,G0_only,0,0.0,90.0,0.0,computed from source STEP with OCCT 7.9,False
0020__00205505__STEP__Part2671,23,G0_only,0,0.0,90.0,0.0,computed from source STEP with OCCT 7.9,False
0020__00205505__STEP__Part2671,24,G0_only,0,0.0,90.0,0.0,computed from source STEP with OCCT 7.9,False
0020__00205505__STEP__Part3382,1,G0_only,0,1.1102230246251565e-16,90.0,10318.467678536965,computed from source STEP with OCCT 7.9,False
0020__00205505__STEP__Part3382,3,G0_only,0,5.303226728799779e-11,89.99999999997952,8936.055137737472,computed from source STEP with OCCT 7.9,False
0020__00205505__STEP__Part3382,4,G0_only,0,5.303208086372079e-11,89.99999999997951,8936.055137738733,computed from source STEP with OCCT 7.9,False
0020__00205505__STEP__Part3382,5,G0_only,0,5.551115123125783e-17,90.0,10318.467678536965,computed from source STEP with OCCT 7.9,False
0020__00205505__STEP__Part3382,6,G0_only,0,1.1102230246251565e-16,90.0,12412.069816212505,computed from source STEP with OCCT 7.9,False
0020__00205505__STEP__Part3382,7,G0_only,0,1.1102230246251565e-16,90.0,12412.069816212505,computed from source STEP with OCCT 7.9,False
0020__00205505__STEP__Part3382,9,G0_only,0,5.680443087577686e-12,89.99968867736125,10888.080814038112,computed from source STEP with OCCT 7.9,False
0020__00205927__STEP__Part35,1,G0_only,0,9.608847720009506e-15,90.0,34.31839848223882,computed from source STEP with OCCT 7.9,False
0020__00205927__STEP__Part35,2,G0_only,0,1.0270777519319444e-14,90.0,27.376425861507393,computed from source STEP with OCCT 7.9,False
0020__00205927__STEP__Part35,3,G0_only,0,4.847700195083546e-15,90.0,34.31839848223882,computed from source STEP with OCCT 7.9,False
0020__00205927__STEP__Part35,4,G0_only,0,6.054676996045193e-15,90.0,27.376425861507393,computed from source STEP with OCCT 7.9,False
0020__00207480__STEP__Part909,1,G0_only,0,9.357995142651363e-14,16.332710594520865,0.0,computed from source STEP with OCCT 7.9,False
0020__00207480__STEP__Part909,2,G0_only,0,3.167688287166692e-14,85.46421826415369,0.0,computed from source STEP with OCCT 7.9,False
0020__00207480__STEP__Part909,3,G0_only,0,3.6862298993073205e-14,73.66728940547911,0.0,computed from source STEP with OCCT 7.9,False
0020__00207480__STEP__Part909,4,G0_only,0,2.715221724322938e-14,85.46421827985326,0.0,computed from source STEP with OCCT 7.9,False
0020__00207480__STEP__Part909,5,G0_only,0,7.786512067185834e-13,16.332710536529277,0.0,computed from source STEP with OCCT 7.9,False
0020__00207480__STEP__Part909,6,G0_only,0,4.0920690019052625e-14,73.66728946347072,0.0,computed from source STEP with OCCT 7.9,False
0020__00207480__STEP__Part909,7,G0_only,0,1.7468381161078254e-14,85.46421827985326,0.0,computed from source STEP with OCCT 7.9,False
0020__00207480__STEP__Part909,8,G0_only,0,1.3130904391046953e-13,16.332710594520865,0.0,computed from source STEP with OCCT 7.9,False
0020__00207480__STEP__Part909,9,G0_only,0,7.172017108131549e-14,73.66728940547915,0.0,computed from source STEP with OCCT 7.9,False
0020__00207480__STEP__Part909,10,G0_only,0,2.7302754978917652e-14,85.46421826415369,0.0,computed from source STEP with OCCT 7.9,False
0020__00207480__STEP__Part909,11,G0_only,0,0.0,89.99999999999999,0.0,computed from source STEP with OCCT 7.9,False
0020__00207480__STEP__Part909,12,G0_only,0,7.49152365682267e-13,16.332710594522492,0.0,computed from source STEP with OCCT 7.9,False
0020__00207480__STEP__Part909,13,G0_only,0,0.0,90.0,0.0,computed from source STEP with OCCT 7.9,False
0020__00207480__STEP__Part909,14,G0_only,0,7.660008378134552e-13,16.332710594522467,0.0,computed from source STEP with OCCT 7.9,False
0020__00207480__STEP__Part909,15,G0_only,0,0.0,90.0,0.0,computed from source STEP with OCCT 7.9,False
0020__00207480__STEP__Part909,16,G0_only,0,8.045458582264084e-14,16.33271059452086,0.0,computed from source STEP with OCCT 7.9,False
0020__00207480__STEP__Part909,17,G0_only,0,6.966189451607038e-14,73.66728940547912,0.0,computed from source STEP with OCCT 7.9,False
0020__00207480__STEP__Part909,18,G0_only,0,3.7097535872350633e-14,73.66728946347072,0.0,computed from source STEP with OCCT 7.9,False
0020__00207480__STEP__Part909,19,G0_only,0,4.0924671519536764e-14,73.66728940547915,0.0,computed from source STEP with OCCT 7.9,False
0020__00207480__STEP__Part909,20,G0_only,0,7.155859481312954e-14,73.66728940547753,0.0,computed from source STEP with OCCT 7.9,False
0020__00207480__STEP__Part909,21,G0_only,0,1.1507870010122078e-13,16.332710594520872,0.0,computed from source STEP with OCCT 7.9,False
0020__00207480__STEP__Part909,22,G0_only,0,3.163775264118558e-14,85.46421827985326,0.0,computed from source STEP with OCCT 7.9,False
0020__00207480__STEP__Part909,23,G0_only,0,2.7139404107820977e-14,85.46421826415369,0.0,computed from source STEP with OCCT 7.9,False
0020__00207480__STEP__Part909,24,G0_only,0,1.7390944683330475e-14,85.46421826415369,0.0,computed from source STEP with OCCT 7.9,False
0020__00207480__STEP__Part909,25,G0_only,0,2.7348764571259973e-14,85.46421827985326,0.0,computed from source STEP with OCCT 7.9,False
0020__00207480__STEP__Part909,26,G0_only,0,0.0,89.99999999999999,0.0,computed from source STEP with OCCT 7.9,False
0020__00207480__STEP__Part909,27,G0_only,0,7.935574063301424e-13,16.33271053652927,0.0,computed from source STEP with OCCT 7.9,False
0020__00207480__STEP__Part909,28,G0_only,0,6.927729957262412e-14,73.66728940547752,0.0,computed from source STEP with OCCT 7.9,False
0020__00209957__STEP__Part864,1,G0_only,0,2.629481342212412e-13,90.0,283.4650560252055,computed from source STEP with OCCT 7.9,False
0020__00209957__STEP__Part864,3,G0_only,0,2.661067809680624e-13,90.0,283.4650560252055,computed from source STEP with OCCT 7.9,False
0020__00209957__STEP__Part864,4,G0_only,0,2.6589796894643843e-13,90.0,472.01694041151023,computed from source STEP with OCCT 7.9,False
0020__00209957__STEP__Part864,5,G0_only,0,2.627368118537801e-13,90.0,472.01694041151023,computed from source STEP with OCCT 7.9,False
